Name,Team,PA,G,AB,ab_per_game,AVG,OBP,SLG,ISO,wOBA,wRC+,BB%,K%,IDfg
Aaron Judge,NYY,679,152,541,3.5592105263157894,0.331,0.457,0.688,0.357,0.463,204,0.183,0.23600000000000002,15640
Cal Raleigh,SEA,705,159,596,3.748427672955975,0.247,0.359,0.589,0.342,0.392,161,0.138,0.267,21534
Bobby Witt Jr.,KCR,687,157,623,3.968152866242038,0.295,0.351,0.501,0.205,0.36,130,0.071,0.182,25764
Shohei Ohtani,LAD,727,158,611,3.867088607594937,0.282,0.392,0.622,0.34,0.418,172,0.15,0.257,19755
Geraldo Perdomo,ARI,720,161,597,3.7080745341614905,0.29,0.389,0.462,0.173,0.37,138,0.131,0.115,22799
Trea Turner,PHI,639,141,589,4.177304964539007,0.304,0.355,0.457,0.153,0.352,125,0.067,0.16699999999999998,16252
Corbin Carroll,ARI,642,143,564,3.944055944055944,0.259,0.343,0.541,0.282,0.371,139,0.10400000000000001,0.23800000000000002,25878
Jose Ramirez,CLE,673,158,593,3.7531645569620253,0.283,0.36,0.503,0.219,0.36,133,0.098,0.11,13510
Francisco Lindor,NYM,732,160,644,4.025,0.267,0.346,0.466,0.199,0.35,129,0.08900000000000001,0.179,12916
Fernando Tatis Jr.,SDP,691,155,594,3.832258064516129,0.268,0.368,0.446,0.178,0.353,131,0.129,0.187,19709
Juan Soto,NYM,715,160,577,3.60625,0.263,0.396,0.525,0.262,0.39,156,0.17800000000000002,0.192,20123
Jeremy Pena,HOU,543,125,493,3.944,0.304,0.363,0.477,0.172,0.363,135,0.064,0.171,21636
Julio Rodriguez,SEA,710,160,652,4.075,0.267,0.324,0.474,0.207,0.341,126,0.062,0.214,23697
Maikel Garcia,KCR,666,160,595,3.71875,0.286,0.351,0.449,0.163,0.347,121,0.09300000000000001,0.126,22715
Pete Crow-Armstrong,CHC,647,157,591,3.7643312101910826,0.247,0.287,0.481,0.234,0.323,109,0.045,0.24,27769
George Springer,TOR,586,140,498,3.557142857142857,0.309,0.399,0.56,0.251,0.408,166,0.11800000000000001,0.18899999999999997,12856
Byron Buxton,MIN,542,126,488,3.873015873015873,0.264,0.327,0.551,0.287,0.367,136,0.076,0.273,14161
Kyle Schwarber,PHI,724,162,604,3.728395061728395,0.24,0.365,0.563,0.323,0.391,152,0.149,0.272,16478
Cody Bellinger,NYY,656,152,588,3.8684210526315788,0.272,0.334,0.48,0.207,0.347,125,0.087,0.13699999999999998,15998
Gunnar Henderson,BAL,651,154,577,3.7467532467532467,0.274,0.349,0.438,0.165,0.339,120,0.095,0.21,26289
Nico Hoerner,CHC,649,156,599,3.83974358974359,0.297,0.345,0.394,0.097,0.324,109,0.06,0.076,21479
Matt Olson,ATL,724,162,624,3.8518518518518516,0.272,0.366,0.484,0.212,0.366,136,0.126,0.243,14344
Alejandro Kirk,TOR,506,130,451,3.4692307692307693,0.282,0.348,0.421,0.14,0.334,116,0.095,0.11699999999999999,22581
Nick Kurtz,ATH,489,117,420,3.58974358974359,0.29,0.383,0.619,0.329,0.419,170,0.129,0.309,35110
Ketel Marte,ARI,556,126,480,3.8095238095238093,0.283,0.376,0.517,0.233,0.381,145,0.115,0.149,13613
Junior Caminero,TBR,653,154,602,3.909090909090909,0.264,0.311,0.535,0.271,0.357,129,0.063,0.191,28163
Kyle Tucker,CHC,597,136,500,3.676470588235294,0.266,0.377,0.464,0.198,0.363,136,0.146,0.147,18345
Jazz Chisholm Jr.,NYY,531,130,462,3.5538461538461537,0.242,0.332,0.481,0.238,0.349,126,0.109,0.27899999999999997,20454
Brice Turang,MIL,659,156,584,3.7435897435897436,0.288,0.359,0.435,0.147,0.346,124,0.1,0.228,22186
Elly De La Cruz,CIN,699,162,629,3.882716049382716,0.264,0.336,0.44,0.176,0.333,109,0.096,0.259,26668
Will Smith,LAD,436,110,362,3.290909090909091,0.296,0.404,0.497,0.202,0.389,153,0.147,0.204,19197
Wyatt Langford,TEX,573,134,489,3.6492537313432836,0.241,0.344,0.431,0.19,0.337,118,0.129,0.264,33333
Andy Pages,LAD,624,156,581,3.7243589743589745,0.272,0.313,0.461,0.189,0.332,113,0.046,0.21600000000000003,24816
Dillon Dingler,DET,469,126,435,3.4523809523809526,0.278,0.327,0.425,0.147,0.326,109,0.049,0.235,27464
Kyle Stowers,MIA,457,117,399,3.41025641025641,0.288,0.368,0.544,0.256,0.386,149,0.105,0.27399999999999997,26151
Corey Seager,TEX,445,102,380,3.7254901960784315,0.271,0.373,0.487,0.216,0.365,138,0.13,0.196,13624
Willy Adames,SFG,686,160,591,3.69375,0.225,0.318,0.421,0.196,0.321,108,0.11699999999999999,0.261,15986
Freddie Freeman,LAD,627,147,556,3.7823129251700682,0.295,0.367,0.502,0.207,0.37,139,0.096,0.204,5361
Shea Langeliers,ATH,523,123,481,3.910569105691057,0.277,0.325,0.536,0.26,0.364,132,0.069,0.19699999999999998,25816
Vladimir Guerrero Jr.,TOR,680,156,589,3.7756410256410255,0.292,0.381,0.467,0.175,0.366,137,0.11900000000000001,0.138,19611
Jarren Duran,BOS,696,157,620,3.949044585987261,0.256,0.332,0.442,0.185,0.335,111,0.086,0.243,24617
Bo Bichette,TOR,628,139,582,4.18705035971223,0.311,0.357,0.483,0.172,0.361,134,0.064,0.145,19612
Eugenio Suarez,- - -,657,159,588,3.69811320754717,0.228,0.298,0.526,0.298,0.347,125,0.07,0.298,12552
Manny Machado,SDP,678,159,615,3.8679245283018866,0.275,0.335,0.46,0.185,0.341,123,0.081,0.193,11493
Ceddanne Rafaela,BOS,587,156,546,3.5,0.249,0.295,0.414,0.165,0.307,91,0.048,0.19899999999999998,24262
Matt Chapman,SFG,535,128,454,3.546875,0.231,0.34,0.43,0.198,0.336,118,0.133,0.23600000000000002,16505
Pete Alonso,NYM,709,162,624,3.8518518518518516,0.272,0.347,0.524,0.252,0.368,141,0.086,0.228,19251
Sal Frelick,MIL,594,142,528,3.7183098591549295,0.288,0.351,0.405,0.117,0.332,114,0.079,0.135,29622
William Contreras,MIL,659,150,566,3.7733333333333334,0.26,0.355,0.399,0.14,0.332,113,0.127,0.182,20503
Ronald Acuna Jr.,ATL,412,95,338,3.557894736842105,0.29,0.417,0.518,0.228,0.403,161,0.172,0.248,18401
Michael Busch,CHC,592,155,524,3.3806451612903228,0.261,0.343,0.523,0.261,0.369,140,0.095,0.235,26319
Bryce Harper,PHI,580,132,501,3.7954545454545454,0.261,0.357,0.487,0.226,0.361,131,0.121,0.209,11579
Alex Bregman,BOS,495,114,433,3.7982456140350878,0.273,0.36,0.462,0.189,0.356,125,0.10300000000000001,0.141,17678
Jacob Wilson,ATH,523,125,486,3.888,0.311,0.355,0.444,0.134,0.348,121,0.052000000000000005,0.075,33266
Masyn Winn,STL,537,129,491,3.806201550387597,0.253,0.31,0.363,0.11,0.297,91,0.063,0.19,27479
Hunter Goodman,COL,579,144,540,3.75,0.278,0.323,0.52,0.243,0.359,118,0.057,0.263,29715
Tyler Soderstrom,ATH,624,158,561,3.550632911392405,0.276,0.346,0.474,0.198,0.354,125,0.08800000000000001,0.226,27467
Mookie Betts,LAD,663,150,589,3.9266666666666667,0.258,0.326,0.406,0.148,0.318,104,0.092,0.10300000000000001,13611
Rafael Devers,- - -,729,163,607,3.723926380368098,0.252,0.372,0.479,0.227,0.365,135,0.154,0.263,17350
James Wood,WSN,689,157,598,3.8089171974522293,0.256,0.35,0.475,0.219,0.353,127,0.12300000000000001,0.321,29518
Dansby Swanson,CHC,645,159,590,3.710691823899371,0.244,0.3,0.417,0.173,0.31,99,0.073,0.26,18314
Trent Grisham,NYY,581,143,494,3.4545454545454546,0.235,0.348,0.464,0.229,0.353,129,0.141,0.23600000000000002,18564
Harrison Bader,- - -,501,146,448,3.0684931506849313,0.277,0.347,0.449,0.172,0.346,122,0.078,0.271,18030
Zach McKinstry,DET,511,144,452,3.138888888888889,0.259,0.333,0.438,0.179,0.333,114,0.09,0.217,19392
Xander Bogaerts,SDP,552,136,491,3.610294117647059,0.263,0.328,0.391,0.128,0.313,104,0.087,0.17,12161
Ernie Clement,TOR,588,157,545,3.4713375796178343,0.277,0.313,0.398,0.121,0.308,98,0.046,0.10400000000000001,20352
Steven Kwan,CLE,693,156,625,4.006410256410256,0.272,0.33,0.374,0.102,0.31,99,0.079,0.087,24610
Patrick Bailey,SFG,452,135,409,3.0296296296296297,0.222,0.277,0.325,0.103,0.265,70,0.066,0.294,27478
Josh Naylor,- - -,604,147,543,3.693877551020408,0.295,0.353,0.462,0.168,0.351,128,0.079,0.13699999999999998,18839
Drake Baldwin,ATL,446,124,405,3.2661290322580645,0.274,0.341,0.469,0.195,0.351,125,0.085,0.152,31539
Zach Neto,LAA,554,128,502,3.921875,0.257,0.319,0.474,0.217,0.337,116,0.06,0.26899999999999996,31347
CJ Abrams,WSN,635,144,580,4.027777777777778,0.257,0.315,0.433,0.176,0.324,107,0.057999999999999996,0.19699999999999998,25768
Bryson Stott,PHI,560,147,499,3.3945578231292517,0.257,0.328,0.391,0.134,0.315,100,0.096,0.163,26294
Ramon Laureano,- - -,488,132,441,3.340909090909091,0.281,0.342,0.512,0.231,0.364,138,0.07200000000000001,0.244,17128
Ben Rice,NYY,530,138,467,3.3840579710144927,0.255,0.337,0.499,0.244,0.358,133,0.094,0.18899999999999997,29576
Ryan O'Hearn,- - -,544,144,474,3.2916666666666665,0.281,0.366,0.437,0.156,0.349,127,0.107,0.2,16442
Jackson Merrill,SDP,483,115,440,3.8260869565217392,0.264,0.317,0.457,0.193,0.331,116,0.068,0.22399999999999998,29490
Brandon Nimmo,NYM,652,155,587,3.7870967741935484,0.262,0.324,0.436,0.174,0.329,114,0.077,0.21600000000000003,12927
Trevor Story,BOS,654,157,612,3.8980891719745223,0.263,0.308,0.433,0.17,0.32,101,0.05,0.26899999999999996,12564
Austin Wells,NYY,448,126,401,3.1825396825396823,0.219,0.275,0.436,0.217,0.302,94,0.067,0.263,27562
Yandy Diaz,TBR,651,150,583,3.8866666666666667,0.3,0.366,0.482,0.182,0.364,135,0.08800000000000001,0.141,16578
Max Muncy,LAD,388,100,313,3.13,0.243,0.376,0.47,0.227,0.366,137,0.165,0.214,13301
Riley Greene,DET,655,157,600,3.821656050955414,0.258,0.313,0.493,0.235,0.343,121,0.07,0.307,25976
Taylor Ward,LAA,663,157,579,3.6878980891719744,0.228,0.317,0.475,0.247,0.339,117,0.113,0.264,17548
Brendan Donovan,STL,515,118,460,3.8983050847457625,0.287,0.353,0.422,0.135,0.337,119,0.08199999999999999,0.13,24679
Jackson Chourio,MIL,589,131,549,4.190839694656488,0.27,0.308,0.463,0.193,0.328,111,0.051,0.205,28806
Randy Arozarena,SEA,709,160,613,3.83125,0.238,0.334,0.426,0.188,0.332,120,0.09,0.26899999999999996,19290
Jake Cronenworth,SDP,515,135,419,3.1037037037037036,0.246,0.367,0.377,0.131,0.333,117,0.134,0.20800000000000002,18036
TJ Friedl,CIN,685,152,579,3.8092105263157894,0.261,0.364,0.378,0.117,0.333,109,0.11800000000000001,0.168,19522
Willson Contreras,STL,563,135,490,3.6296296296296298,0.257,0.344,0.447,0.19,0.344,124,0.078,0.252,11609
Ian Happ,CHC,663,150,569,3.7933333333333334,0.243,0.342,0.42,0.178,0.333,116,0.131,0.228,17919
J.P. Crawford,SEA,654,157,570,3.6305732484076434,0.265,0.352,0.37,0.105,0.322,113,0.113,0.187,15491
Roman Anthony,BOS,303,71,257,3.619718309859155,0.292,0.396,0.463,0.171,0.376,140,0.132,0.27699999999999997,31812
Colson Montgomery,CHW,284,71,255,3.591549295774648,0.239,0.311,0.529,0.29,0.355,129,0.08800000000000001,0.292,29712
Ivan Herrera,STL,452,107,388,3.6261682242990654,0.284,0.373,0.464,0.18,0.365,137,0.095,0.18600000000000003,20599
Gabriel Moreno,ARI,309,83,277,3.3373493975903616,0.285,0.353,0.433,0.148,0.34,117,0.094,0.172,22664
Carlos Narvaez,BOS,446,118,403,3.4152542372881354,0.241,0.306,0.419,0.179,0.315,97,0.085,0.249,19722
Jorge Polanco,SEA,524,138,471,3.4130434782608696,0.265,0.326,0.495,0.229,0.35,132,0.08,0.156,13152
Seiya Suzuki,CHC,651,151,571,3.781456953642384,0.245,0.326,0.478,0.233,0.343,123,0.109,0.252,30116
Isaac Collins,MIL,441,130,372,2.8615384615384616,0.263,0.368,0.411,0.148,0.344,122,0.129,0.21100000000000002,25477
Carson Kelly,CHC,421,111,369,3.324324324324324,0.249,0.333,0.428,0.179,0.332,115,0.107,0.19,13620
Gleyber Torres,DET,628,145,532,3.668965517241379,0.256,0.358,0.387,0.132,0.332,113,0.135,0.161,16997
Carlos Correa,- - -,584,144,537,3.7291666666666665,0.276,0.332,0.402,0.127,0.322,106,0.077,0.193,14162
Caleb Durbin,MIL,506,136,445,3.2720588235294117,0.256,0.334,0.387,0.13,0.319,105,0.059000000000000004,0.099,29646
Jonathan Aranda,TBR,422,106,370,3.490566037735849,0.316,0.393,0.489,0.173,0.381,146,0.09699999999999999,0.254,21837
Isaac Paredes,HOU,438,102,378,3.7058823529411766,0.254,0.352,0.458,0.204,0.353,128,0.114,0.174,20036
Xavier Edwards,MIA,619,139,561,4.0359712230215825,0.283,0.343,0.353,0.07,0.308,95,0.079,0.142,22266
Brent Rooker,ATH,699,162,626,3.8641975308641974,0.262,0.335,0.479,0.217,0.349,122,0.09300000000000001,0.222,19627
Christian Yelich,MIL,644,150,573,3.82,0.264,0.343,0.452,0.188,0.343,121,0.099,0.259,11477
Wilyer Abreu,BOS,417,115,373,3.243478260869565,0.247,0.317,0.469,0.223,0.334,110,0.096,0.242,23772
Brandon Marsh,PHI,425,133,379,2.8496240601503757,0.28,0.342,0.443,0.164,0.339,116,0.08900000000000001,0.259,20202
Jung Hoo Lee,SFG,617,150,560,3.7333333333333334,0.266,0.327,0.407,0.141,0.32,107,0.076,0.115,33824
Spencer Torkelson,DET,649,155,563,3.632258064516129,0.24,0.333,0.456,0.217,0.339,118,0.111,0.26,27465
Brett Baty,NYM,432,130,393,3.023076923076923,0.254,0.313,0.435,0.181,0.324,111,0.076,0.25,26123
Mike Yastrzemski,- - -,558,147,477,3.2448979591836733,0.233,0.333,0.403,0.17,0.321,106,0.129,0.19399999999999998,14854
Jake Meyers,HOU,381,104,343,3.298076923076923,0.292,0.354,0.373,0.082,0.323,107,0.081,0.17600000000000002,20308
Otto Lopez,MIA,594,143,544,3.804195804195804,0.246,0.305,0.368,0.121,0.295,86,0.07400000000000001,0.138,19608
Jakob Marsee,MIA,234,55,209,3.8,0.292,0.363,0.478,0.187,0.363,133,0.094,0.205,31370
Daulton Varsho,TOR,271,71,248,3.492957746478873,0.238,0.284,0.548,0.31,0.345,123,0.063,0.284,19918
Addison Barger,TOR,502,135,460,3.4074074074074074,0.243,0.301,0.454,0.211,0.322,107,0.07200000000000001,0.24100000000000002,24598
Mauricio Dubon,HOU,398,133,369,2.774436090225564,0.241,0.289,0.355,0.114,0.283,80,0.06,0.106,16530
Alec Burleson,STL,546,139,497,3.5755395683453237,0.29,0.343,0.459,0.169,0.346,124,0.071,0.145,27615
Tyler Heineman,TOR,174,64,149,2.328125,0.289,0.361,0.416,0.128,0.341,120,0.069,0.17800000000000002,13897
Jose Altuve,HOU,654,155,588,3.793548387096774,0.265,0.329,0.442,0.177,0.331,113,0.084,0.16699999999999998,5417
Ryan Jeffers,MIN,464,119,406,3.411764705882353,0.266,0.356,0.397,0.131,0.333,113,0.10800000000000001,0.196,24618
Jeff McNeil,NYM,462,122,399,3.2704918032786887,0.243,0.335,0.411,0.168,0.324,111,0.106,0.11900000000000001,15362
J.T. Realmuto,PHI,550,134,502,3.746268656716418,0.257,0.315,0.384,0.127,0.307,94,0.064,0.235,11739
Jose Caballero,- - -,370,126,314,2.492063492063492,0.236,0.339,0.347,0.111,0.309,97,0.127,0.265,23401
Marcus Semien,TEX,534,127,470,3.7007874015748032,0.23,0.305,0.364,0.134,0.295,89,0.094,0.174,12533
Lawrence Butler,ATH,630,152,569,3.7434210526315788,0.234,0.306,0.404,0.17,0.31,96,0.094,0.284,22542
Sean Murphy,ATL,337,94,291,3.095744680851064,0.199,0.3,0.409,0.21,0.309,97,0.10400000000000001,0.312,19352
Giancarlo Stanton,NYY,281,77,249,3.2337662337662336,0.273,0.35,0.594,0.321,0.395,158,0.10300000000000001,0.342,4949
Kyle Teel,CHW,297,78,253,3.2435897435897436,0.273,0.375,0.411,0.138,0.349,125,0.125,0.259,33549
Jordan Westburg,BAL,352,85,328,3.8588235294117648,0.265,0.313,0.457,0.192,0.332,115,0.048,0.22699999999999998,27815
Ryan McMahon,- - -,586,154,509,3.3051948051948052,0.214,0.312,0.381,0.167,0.306,86,0.11900000000000001,0.32299999999999995,15112
Mike Trout,LAA,556,130,456,3.5076923076923077,0.232,0.359,0.439,0.206,0.343,120,0.156,0.32,10155
Francisco Alvarez,NYM,277,76,246,3.236842105263158,0.256,0.339,0.447,0.191,0.343,124,0.09699999999999999,0.264,26121
Nathan Lukes,TOR,438,135,388,2.8740740740740742,0.255,0.323,0.407,0.152,0.317,103,0.087,0.13699999999999998,18123
Josh Smith,TEX,563,144,495,3.4375,0.251,0.335,0.366,0.115,0.311,100,0.098,0.17800000000000002,26396
Jake Mangum,TBR,428,118,405,3.4322033898305087,0.296,0.33,0.368,0.072,0.307,95,0.044000000000000004,0.15,26202
Myles Straw,TOR,299,137,267,1.948905109489051,0.262,0.313,0.367,0.105,0.299,91,0.064,0.16699999999999998,17620
Spencer Horwitz,PIT,411,108,364,3.3703703703703702,0.272,0.353,0.434,0.162,0.344,119,0.107,0.17800000000000002,26477
Brandon Lowe,TBR,553,134,507,3.783582089552239,0.256,0.307,0.477,0.221,0.334,114,0.069,0.26899999999999996,18882
Alec Bohm,PHI,504,120,464,3.8666666666666667,0.287,0.331,0.409,0.123,0.322,105,0.057999999999999996,0.163,21618
Wenceel Perez,DET,383,100,344,3.44,0.244,0.308,0.43,0.186,0.318,103,0.081,0.22699999999999998,22857
Austin Riley,ATL,447,102,416,4.078431372549019,0.26,0.309,0.428,0.168,0.318,103,0.06,0.28600000000000003,18360
Miguel Rojas,LAD,317,114,290,2.543859649122807,0.262,0.318,0.397,0.134,0.312,100,0.076,0.145,7802
Josh Jung,TEX,511,131,482,3.6793893129770994,0.251,0.294,0.39,0.139,0.298,91,0.053,0.252,26299
Victor Scott II,STL,463,138,398,2.8840579710144927,0.216,0.305,0.296,0.08,0.274,76,0.091,0.24,31349
Luke Keaschall,MIN,207,49,182,3.7142857142857144,0.302,0.382,0.445,0.143,0.363,134,0.092,0.14,33321
Edmundo Sosa,PHI,261,89,243,2.730337078651685,0.276,0.307,0.469,0.193,0.332,111,0.038,0.215,17022
Colt Keith,DET,468,137,414,3.021897810218978,0.256,0.333,0.413,0.157,0.326,109,0.10300000000000001,0.218,27899
Yainer Diaz,HOU,567,143,542,3.7902097902097904,0.256,0.284,0.417,0.161,0.3,92,0.035,0.168,23003
Oneil Cruz,PIT,544,135,471,3.488888888888889,0.2,0.298,0.378,0.178,0.295,86,0.11800000000000001,0.32,21711
Pedro Pages,STL,389,112,361,3.2232142857142856,0.23,0.272,0.363,0.133,0.276,77,0.049,0.275,25782
Luis Torrens,NYM,283,93,261,2.806451612903226,0.226,0.284,0.345,0.119,0.278,79,0.067,0.198,15905
Dominic Canzone,SEA,268,82,243,2.9634146341463414,0.3,0.358,0.481,0.181,0.363,141,0.075,0.22,26438
Romy Gonzalez,BOS,341,96,315,3.28125,0.305,0.343,0.483,0.178,0.352,123,0.053,0.23800000000000002,21562
Vinnie Pasquantino,KCR,682,160,621,3.88125,0.264,0.323,0.475,0.211,0.34,116,0.07200000000000001,0.157,27676
Kerry Carpenter,DET,464,130,433,3.330769230769231,0.252,0.291,0.497,0.245,0.335,115,0.039,0.228,25961
Matt Shaw,CHC,437,126,393,3.119047619047619,0.226,0.295,0.394,0.168,0.3,93,0.087,0.215,33322
Jared Triolo,PIT,376,107,331,3.0934579439252334,0.227,0.311,0.356,0.13,0.296,86,0.10400000000000001,0.20199999999999999,25807
Bo Naylor,CLE,414,123,359,2.9186991869918697,0.195,0.282,0.379,0.184,0.289,85,0.109,0.239,21865
Daylen Lile,WSN,351,91,321,3.5274725274725274,0.299,0.347,0.498,0.199,0.36,132,0.06,0.16,29995
Matt Wallner,MIN,392,104,336,3.230769230769231,0.202,0.311,0.464,0.262,0.334,114,0.11699999999999999,0.29100000000000004,26466
Mike Tauchman,CHW,385,93,335,3.6021505376344085,0.263,0.356,0.4,0.137,0.335,115,0.11699999999999999,0.223,15274
Nolan Schanuel,LAA,564,132,488,3.696969696969697,0.264,0.353,0.389,0.125,0.327,109,0.105,0.126,33189
Evan Carter,TEX,220,63,194,3.0793650793650795,0.247,0.336,0.392,0.144,0.321,107,0.086,0.18600000000000003,27790
Lenyn Sosa,CHW,544,140,518,3.7,0.264,0.293,0.434,0.17,0.313,100,0.033,0.233,22896
Kody Clemens,- - -,386,119,348,2.9243697478991595,0.213,0.281,0.434,0.221,0.307,95,0.075,0.24100000000000002,20572
Javier Baez,DET,437,126,417,3.3095238095238093,0.257,0.282,0.398,0.141,0.293,86,0.023,0.249,12979
Michael Harris II,ATL,641,160,611,3.81875,0.249,0.268,0.409,0.16,0.289,83,0.025,0.2,25931
Matt McLain,CIN,577,147,510,3.4693877551020407,0.22,0.3,0.343,0.124,0.286,77,0.095,0.289,29695
Ke'Bryan Hayes,- - -,570,152,527,3.4671052631578947,0.235,0.29,0.306,0.07,0.266,65,0.063,0.195,18577
Joey Ortiz,MIL,506,149,470,3.1543624161073827,0.23,0.276,0.317,0.087,0.263,67,0.053,0.146,25493
Davis Schneider,TOR,227,82,188,2.292682926829268,0.234,0.361,0.436,0.202,0.351,127,0.159,0.264,23565
Jurickson Profar,ATL,371,80,318,3.975,0.245,0.353,0.434,0.189,0.346,122,0.129,0.159,10815
Heriberto Hernandez,MIA,294,87,256,2.942528735632184,0.266,0.347,0.438,0.172,0.341,118,0.105,0.262,24878
Gavin Sheets,SDP,545,145,492,3.393103448275862,0.252,0.317,0.429,0.177,0.323,111,0.081,0.196,19901
Danny Jansen,- - -,337,98,288,2.938775510204082,0.215,0.321,0.399,0.184,0.318,103,0.125,0.255,16535
Miguel Vargas,CHW,569,138,504,3.652173913043478,0.234,0.316,0.401,0.167,0.314,101,0.098,0.17600000000000002,20178
Joey Bart,PIT,332,93,285,3.064516129032258,0.249,0.355,0.34,0.091,0.317,101,0.12,0.28,21524
Cedric Mullins,- - -,498,133,435,3.2706766917293235,0.216,0.299,0.391,0.175,0.302,94,0.1,0.24100000000000002,17929
Ozzie Albies,ATL,667,157,603,3.840764331210191,0.24,0.306,0.365,0.124,0.295,87,0.08199999999999999,0.141,16556
Luis Robert Jr.,CHW,431,110,382,3.4727272727272727,0.223,0.297,0.364,0.141,0.289,84,0.09300000000000001,0.26,20043
Chase Meidroth,CHW,505,122,450,3.6885245901639343,0.253,0.329,0.32,0.067,0.294,87,0.08900000000000001,0.14300000000000002,31580
Denzel Clarke,ATH,159,47,148,3.148936170212766,0.23,0.274,0.372,0.142,0.281,75,0.038,0.384,29858
Daniel Schneemann,CLE,422,131,379,2.8931297709923665,0.206,0.283,0.354,0.148,0.28,79,0.09,0.27699999999999997,25180
Jo Adell,LAA,573,152,526,3.460526315789474,0.236,0.293,0.485,0.249,0.333,112,0.057999999999999996,0.264,20220
Kyle Manzardo,CLE,531,142,470,3.3098591549295775,0.234,0.313,0.455,0.221,0.329,113,0.09,0.254,29794
Austin Hays,CIN,416,103,380,3.6893203883495147,0.266,0.315,0.453,0.187,0.327,105,0.07,0.257,19363
Marcell Ozuna,ATL,592,145,487,3.3586206896551722,0.232,0.355,0.4,0.168,0.334,114,0.159,0.243,10324
Jackson Holliday,BAL,649,149,586,3.9328859060402683,0.242,0.314,0.375,0.133,0.304,96,0.086,0.21600000000000003,31781
Adley Rutschman,BAL,365,90,322,3.577777777777778,0.22,0.307,0.366,0.146,0.298,91,0.11,0.156,26288
Tommy Edman,LAD,377,97,346,3.5670103092783507,0.225,0.274,0.382,0.156,0.284,81,0.05,0.162,19470
Austin Hedges,CLE,180,70,155,2.2142857142857144,0.161,0.25,0.277,0.116,0.239,51,0.1,0.239,12976
Jahmai Jones,DET,150,72,129,1.7916666666666667,0.287,0.387,0.55,0.264,0.399,159,0.12,0.213,18872
Miguel Andujar,- - -,341,94,321,3.4148936170212765,0.318,0.352,0.47,0.153,0.354,125,0.05,0.14400000000000002,15878
Alex Jackson,BAL,100,37,91,2.4594594594594597,0.22,0.29,0.473,0.253,0.327,111,0.05,0.37,17276
Noelvi Marte,CIN,360,90,339,3.7666666666666666,0.263,0.3,0.448,0.186,0.321,101,0.044000000000000004,0.23600000000000002,26517
Tyler Stephenson,CIN,342,88,299,3.397727272727273,0.231,0.316,0.421,0.191,0.319,99,0.10800000000000001,0.33899999999999997,17988
Heliot Ramos,SFG,695,157,620,3.949044585987261,0.256,0.328,0.4,0.144,0.319,106,0.075,0.22699999999999998,22515
Bryan Reynolds,PIT,654,154,587,3.811688311688312,0.245,0.318,0.402,0.157,0.315,99,0.087,0.265,19326
Christian Walker,HOU,640,154,585,3.7987012987012987,0.238,0.297,0.421,0.183,0.31,99,0.063,0.27699999999999997,13419
Ramon Urias,- - -,391,112,352,3.142857142857143,0.241,0.292,0.384,0.142,0.292,87,0.069,0.225,18795
Kyle Isbel,KCR,409,135,368,2.725925925925926,0.255,0.301,0.353,0.098,0.287,79,0.055999999999999994,0.18100000000000002,21614
Gabriel Arias,CLE,471,129,432,3.3488372093023258,0.22,0.274,0.363,0.144,0.278,77,0.057,0.344,22563
Austin Wynns,- - -,110,40,103,2.575,0.291,0.321,0.544,0.252,0.365,132,0.045,0.29100000000000004,15271
Rob Refsnyder,BOS,209,70,182,2.6,0.269,0.354,0.484,0.214,0.359,128,0.115,0.258,13770
Austin Martin,MIN,181,50,156,3.12,0.282,0.374,0.365,0.083,0.333,113,0.122,0.171,27462
Spencer Steer,CIN,568,146,509,3.4863013698630136,0.238,0.312,0.411,0.173,0.316,97,0.09,0.22699999999999998,26323
Blaze Alexander,ARI,266,74,230,3.108108108108108,0.23,0.323,0.383,0.152,0.313,99,0.083,0.32299999999999995,23789
Jesus Sanchez,- - -,497,134,451,3.3656716417910446,0.237,0.304,0.395,0.157,0.304,93,0.085,0.221,19913
Liam Hicks,MIA,390,119,332,2.7899159663865545,0.247,0.346,0.346,0.099,0.313,98,0.11,0.14400000000000002,29844
Kyle Higashioka,TEX,327,94,303,3.223404255319149,0.241,0.291,0.403,0.162,0.301,93,0.061,0.22,5517
Graham Pauley,MIA,184,62,161,2.596774193548387,0.224,0.311,0.366,0.143,0.3,90,0.114,0.196,31363
Cam Smith,HOU,493,134,441,3.291044776119403,0.236,0.312,0.358,0.122,0.298,90,0.087,0.278,35108
Royce Lewis,MIN,403,106,376,3.547169811320755,0.237,0.283,0.388,0.152,0.292,85,0.062,0.19899999999999998,20437
Anthony Volpe,NYY,596,153,539,3.522875816993464,0.212,0.272,0.391,0.18,0.286,83,0.07200000000000001,0.252,27647
Nick Fortes,- - -,242,97,218,2.247422680412371,0.229,0.296,0.349,0.119,0.286,80,0.057999999999999996,0.19399999999999998,21538
Freddy Fermin,- - -,347,109,319,2.926605504587156,0.251,0.297,0.339,0.088,0.28,77,0.055,0.187,21840
Andres Gimenez,TOR,369,101,329,3.257425742574257,0.21,0.285,0.313,0.103,0.269,70,0.068,0.179,19950
Jacob Young,WSN,364,120,324,2.7,0.231,0.296,0.287,0.056,0.264,66,0.07400000000000001,0.179,29931
Rhys Hoskins,MIL,328,90,279,3.1,0.237,0.332,0.416,0.179,0.324,109,0.11599999999999999,0.27699999999999997,16472
Alex Call,- - -,322,110,270,2.4545454545454546,0.267,0.361,0.385,0.119,0.331,113,0.11199999999999999,0.171,19296
Jordan Beck,COL,588,148,539,3.641891891891892,0.258,0.317,0.416,0.158,0.319,90,0.073,0.29600000000000004,31431
Luis Arraez,SDP,675,154,620,4.025974025974026,0.292,0.327,0.392,0.1,0.313,104,0.05,0.031,18568
Ty France,- - -,490,138,444,3.217391304347826,0.257,0.32,0.36,0.104,0.302,92,0.045,0.16899999999999998,17982
Nolan Arenado,STL,436,107,401,3.7476635514018692,0.237,0.289,0.377,0.14,0.287,84,0.064,0.11199999999999999,9777
Nick Gonzales,PIT,408,96,381,3.96875,0.26,0.299,0.362,0.102,0.289,82,0.051,0.179,27490
Miguel Amaya,CHC,103,28,96,3.4285714285714284,0.281,0.314,0.5,0.219,0.346,124,0.039,0.214,21693
Jeremiah Jackson,BAL,183,48,170,3.5416666666666665,0.276,0.328,0.447,0.171,0.336,117,0.06,0.273,22239
Jake Bauers,MIL,218,86,183,2.127906976744186,0.235,0.353,0.399,0.164,0.333,114,0.147,0.271,15194
Paul Goldschmidt,NYY,534,146,489,3.3493150684931505,0.274,0.328,0.403,0.129,0.316,103,0.067,0.187,9218
Victor Caratini,HOU,386,114,344,3.017543859649123,0.259,0.324,0.404,0.145,0.318,104,0.06,0.168,14968
Leo Rivas,SEA,111,48,90,1.875,0.244,0.387,0.333,0.089,0.333,121,0.18,0.21600000000000003,21009
Lourdes Gurriel Jr.,ARI,546,129,500,3.875968992248062,0.248,0.295,0.418,0.17,0.307,95,0.057,0.139,19238
Hyeseong Kim,LAD,170,71,161,2.267605633802817,0.28,0.314,0.385,0.106,0.306,95,0.040999999999999995,0.306,35322
Ezequiel Tovar,COL,390,95,360,3.789473684210526,0.253,0.294,0.4,0.147,0.301,78,0.054000000000000006,0.251,24064
Reese McGuire,CHC,140,45,133,2.9555555555555557,0.226,0.245,0.444,0.218,0.29,86,0.028999999999999998,0.193,15674
Lars Nootbaar,STL,583,135,509,3.77037037037037,0.234,0.325,0.361,0.128,0.304,96,0.11,0.204,21454
Tyrone Taylor,NYM,341,113,310,2.743362831858407,0.223,0.279,0.319,0.097,0.264,70,0.047,0.223,13675
Joey Loperfido,TOR,104,41,96,2.341463414634146,0.333,0.379,0.5,0.167,0.381,148,0.038,0.26,29630
Pavin Smith,ARI,288,87,244,2.8045977011494254,0.258,0.362,0.434,0.176,0.348,123,0.142,0.319,19892
Yoan Moncada,LAA,289,84,248,2.9523809523809526,0.234,0.336,0.448,0.214,0.339,117,0.111,0.26,17232
Dylan Beavers,BAL,137,35,110,3.142857142857143,0.227,0.375,0.4,0.173,0.347,125,0.19,0.263,31695
Andruw Monasterio,MIL,135,68,126,1.8529411764705883,0.27,0.319,0.437,0.167,0.328,111,0.052000000000000005,0.237,19455
James McCann,ARI,137,42,123,2.9285714285714284,0.26,0.324,0.431,0.171,0.328,110,0.057999999999999996,0.24100000000000002,12859
Starling Marte,NYM,329,98,293,2.989795918367347,0.27,0.335,0.41,0.14,0.326,112,0.067,0.207,9241
Casey Schmitt,SFG,348,95,312,3.2842105263157895,0.237,0.305,0.401,0.163,0.307,98,0.078,0.239,27577
Luis Garcia Jr.,WSN,526,139,488,3.5107913669064748,0.252,0.289,0.412,0.16,0.3,91,0.051,0.16,20391
Adam Frazier,- - -,459,134,419,3.126865671641791,0.267,0.319,0.365,0.098,0.3,89,0.057,0.17600000000000002,15223
Javier Sanoja,MIA,342,120,313,2.6083333333333334,0.243,0.287,0.396,0.153,0.294,86,0.055999999999999994,0.12,28253
Eli White,ATL,271,105,256,2.4380952380952383,0.234,0.27,0.406,0.172,0.29,84,0.040999999999999995,0.258,19346
Chandler Simpson,TBR,441,109,414,3.7981651376146788,0.295,0.326,0.345,0.051,0.296,88,0.045,0.098,31912
Adolis Garcia,TEX,547,135,507,3.7555555555555555,0.227,0.271,0.394,0.168,0.286,83,0.051,0.247,19287
Ronny Mauricio,NYM,184,61,168,2.7540983606557377,0.226,0.293,0.369,0.143,0.29,88,0.08199999999999999,0.293,23698
Isiah Kiner-Falefa,- - -,459,138,431,3.1231884057971016,0.262,0.297,0.334,0.072,0.279,75,0.037000000000000005,0.168,16512
Derek Hill,- - -,149,57,134,2.3508771929824563,0.216,0.281,0.328,0.112,0.272,70,0.06,0.322,16947
Nick Allen,ATL,416,135,371,2.748148148148148,0.221,0.284,0.251,0.03,0.245,53,0.075,0.23800000000000002,22277
Mickey Moniak,COL,461,135,434,3.214814814814815,0.27,0.306,0.518,0.249,0.348,110,0.048,0.239,19956
Michael Helman,TEX,110,38,99,2.6052631578947367,0.232,0.29,0.455,0.222,0.319,106,0.064,0.191,24605
Teoscar Hernandez,LAD,546,134,511,3.8134328358208953,0.247,0.284,0.454,0.207,0.315,102,0.048,0.245,13066
Jasson Dominguez,NYY,429,123,381,3.097560975609756,0.257,0.331,0.388,0.131,0.316,103,0.096,0.268,28080
Andrew Vaughn,- - -,447,112,406,3.625,0.254,0.307,0.411,0.158,0.311,99,0.069,0.179,26197
Max Kepler,PHI,474,127,417,3.283464566929134,0.216,0.3,0.391,0.175,0.3,90,0.10099999999999999,0.196,12144
Willi Castro,- - -,454,120,402,3.35,0.226,0.313,0.366,0.139,0.302,92,0.08800000000000001,0.244,17338
Colton Cowser,BAL,360,92,327,3.5543478260869565,0.196,0.269,0.385,0.19,0.285,83,0.075,0.35600000000000004,29591
Matt Thaiss,- - -,190,60,156,2.6,0.218,0.349,0.288,0.071,0.298,89,0.153,0.242,19318
Max Schuemann,ATH,213,101,183,1.811881188118812,0.197,0.295,0.273,0.077,0.262,62,0.10300000000000001,0.16399999999999998,24488
Bryce Teodosio,LAA,150,50,138,2.76,0.203,0.248,0.304,0.101,0.243,51,0.033,0.313,29524
Yordan Alvarez,HOU,199,48,165,3.4375,0.273,0.367,0.43,0.158,0.338,118,0.141,0.166,19556
Salvador Perez,KCR,641,155,597,3.8516129032258064,0.236,0.284,0.446,0.209,0.311,95,0.044000000000000004,0.195,7304
Connor Norby,MIA,337,88,311,3.534090909090909,0.251,0.3,0.389,0.138,0.3,90,0.053,0.267,29592
Christian Koss,SFG,191,76,174,2.289473684210526,0.264,0.309,0.368,0.103,0.297,91,0.047,0.23600000000000002,27653
Alek Thomas,ARI,469,143,433,3.027972027972028,0.249,0.289,0.37,0.12,0.287,81,0.045,0.26,23792
Thomas Saggese,STL,295,82,275,3.3536585365853657,0.258,0.299,0.342,0.084,0.282,81,0.054000000000000006,0.281,27883
Dominic Smith,SFG,225,63,204,3.238095238095238,0.284,0.333,0.417,0.132,0.325,111,0.067,0.187,15653
Amed Rosario,- - -,191,63,181,2.873015873015873,0.276,0.309,0.436,0.16,0.321,106,0.037000000000000005,0.162,15518
Mark Vientos,NYM,463,121,424,3.5041322314049586,0.233,0.289,0.413,0.179,0.303,97,0.065,0.248,22184
Marcelo Mayer,BOS,136,44,127,2.8863636363636362,0.228,0.272,0.402,0.173,0.29,80,0.059000000000000004,0.301,29668
Andy Ibanez,DET,193,91,176,1.934065934065934,0.239,0.301,0.352,0.114,0.289,84,0.062,0.135,18819
Brenton Doyle,COL,538,138,502,3.63768115942029,0.233,0.274,0.376,0.143,0.282,65,0.055999999999999994,0.257,25479
Blake Perkins,MIL,171,54,155,2.8703703703703702,0.226,0.298,0.348,0.123,0.287,83,0.08800000000000001,0.275,19921
Kyren Paris,LAA,140,44,126,2.8636363636363638,0.19,0.266,0.381,0.19,0.283,78,0.071,0.42100000000000004,26420
Brayan Rocchio,CLE,383,115,344,2.991304347826087,0.233,0.29,0.34,0.108,0.278,77,0.057,0.201,23690
Elias Diaz,SDP,283,106,255,2.4056603773584904,0.204,0.27,0.337,0.133,0.269,74,0.07400000000000001,0.261,11680
Ben Williamson,SEA,295,85,277,3.2588235294117647,0.253,0.294,0.31,0.058,0.269,76,0.051,0.217,33197
Johan Rojas,PHI,172,71,152,2.140845070422535,0.224,0.28,0.289,0.066,0.254,58,0.076,0.233,24336
Luisangel Acuna,NYM,193,95,175,1.8421052631578947,0.234,0.293,0.274,0.04,0.258,65,0.067,0.192,26548
Gavin Lux,CIN,503,140,446,3.1857142857142855,0.269,0.35,0.374,0.105,0.322,102,0.111,0.22699999999999998,19955
Jake Fraley,- - -,217,76,191,2.513157894736842,0.241,0.332,0.382,0.141,0.316,97,0.115,0.226,19260
DJ LeMahieu,NYY,142,45,128,2.8444444444444446,0.266,0.338,0.336,0.07,0.304,95,0.099,0.24600000000000002,9874
Brooks Lee,MIN,527,139,487,3.5035971223021583,0.236,0.285,0.37,0.133,0.286,81,0.059000000000000004,0.175,31595
Ha-seong Kim,- - -,191,48,171,3.5625,0.234,0.304,0.345,0.111,0.288,82,0.084,0.204,27506
Carlos Santana,- - -,474,124,415,3.346774193548387,0.219,0.308,0.325,0.106,0.284,82,0.11,0.192,2396
Jose Trevino,CIN,302,94,282,3.0,0.238,0.272,0.351,0.113,0.271,66,0.05,0.129,16725
Miles Mastrobuoni,SEA,175,76,152,2.0,0.25,0.324,0.296,0.046,0.282,85,0.09699999999999999,0.166,20017
Kameron Misner,TBR,217,71,197,2.7746478873239435,0.213,0.273,0.345,0.132,0.272,71,0.07400000000000001,0.318,26374
Jake Rogers,DET,142,49,123,2.510204081632653,0.187,0.277,0.333,0.146,0.27,70,0.106,0.275,19452
Taylor Walls,TBR,317,101,282,2.792079207920792,0.22,0.28,0.319,0.099,0.265,66,0.08199999999999999,0.221,22458
Rafael Marchan,PHI,118,42,105,2.5,0.21,0.282,0.305,0.095,0.264,65,0.085,0.14400000000000002,21646
Brandon Lockridge,- - -,148,67,134,2.0,0.231,0.276,0.299,0.067,0.254,63,0.054000000000000006,0.243,21496
Christian Vazquez,MIN,214,65,190,2.923076923076923,0.189,0.271,0.274,0.084,0.248,55,0.084,0.16399999999999998,9774
Troy Johnston,MIA,121,44,112,2.5454545454545454,0.277,0.331,0.42,0.143,0.328,109,0.066,0.215,26143
Andrew Benintendi,CHW,470,116,420,3.6206896551724137,0.24,0.307,0.431,0.19,0.317,103,0.085,0.174,17901
Trevor Larnach,MIN,567,142,503,3.5422535211267605,0.25,0.323,0.404,0.153,0.317,102,0.09300000000000001,0.215,21501
C.J. Kayfus,CLE,138,44,123,2.7954545454545454,0.22,0.292,0.415,0.195,0.306,96,0.08,0.275,33704
Tommy Pham,PIT,449,120,392,3.2666666666666666,0.245,0.33,0.37,0.125,0.308,94,0.111,0.209,2967
Sam Haggerty,TEX,182,64,162,2.53125,0.253,0.328,0.37,0.117,0.307,98,0.08800000000000001,0.203,18054
Coby Mayo,BAL,294,85,263,3.0941176470588236,0.217,0.299,0.388,0.171,0.303,95,0.092,0.28600000000000003,28312
Ildemaro Vargas,ARI,121,38,115,3.026315789473684,0.27,0.292,0.383,0.113,0.292,85,0.017,0.124,13324
Christian Moore,LAA,184,53,162,3.056603773584906,0.198,0.284,0.37,0.173,0.288,82,0.10300000000000001,0.337,34979
Paul DeJong,WSN,208,57,193,3.3859649122807016,0.228,0.269,0.373,0.145,0.278,76,0.053,0.337,18015
Yohel Pozo,STL,168,67,160,2.388059701492537,0.231,0.262,0.375,0.144,0.275,76,0.042,0.131,18848
Luke Raley,SEA,219,73,183,2.506849315068493,0.202,0.319,0.311,0.109,0.291,91,0.087,0.292,19354
Dylan Crews,WSN,322,85,293,3.447058823529412,0.208,0.28,0.352,0.143,0.279,77,0.075,0.23600000000000002,33541
Nacho Alvarez Jr.,ATL,208,58,188,3.2413793103448274,0.234,0.296,0.33,0.096,0.279,76,0.057999999999999996,0.23600000000000002,31765
Parker Meadows,DET,213,58,191,3.293103448275862,0.215,0.291,0.33,0.115,0.277,75,0.099,0.263,23800
Josh Bell,WSN,533,140,468,3.342857142857143,0.237,0.325,0.417,0.179,0.324,107,0.107,0.165,13145
Rowdy Tellez,- - -,312,112,289,2.580357142857143,0.228,0.276,0.443,0.215,0.307,101,0.054000000000000006,0.266,15679
Zach Dezenzo,HOU,109,34,98,2.8823529411764706,0.245,0.321,0.367,0.122,0.306,96,0.10099999999999999,0.33899999999999997,31562
Enmanuel Valdez,PIT,102,31,91,2.935483870967742,0.209,0.294,0.363,0.154,0.29,82,0.10800000000000001,0.157,21716
Luis Urias,ATH,330,96,287,2.9895833333333335,0.23,0.315,0.338,0.108,0.293,84,0.094,0.136,16622
Nick Loftin,KCR,188,67,168,2.5074626865671643,0.208,0.278,0.357,0.149,0.279,73,0.07400000000000001,0.14400000000000002,27630
Ryan Ritter,COL,207,60,187,3.1166666666666667,0.241,0.296,0.337,0.096,0.28,64,0.048,0.295,31500
Oswaldo Cabrera,NYY,122,34,107,3.1470588235294117,0.243,0.322,0.308,0.065,0.286,83,0.09,0.205,21707
Curtis Mead,- - -,264,90,240,2.6666666666666665,0.233,0.299,0.321,0.088,0.278,76,0.057,0.239,23986
Tyler Fitzgerald,SFG,243,72,217,3.013888888888889,0.217,0.278,0.327,0.111,0.269,72,0.07,0.28800000000000003,26208
Drew Gilbert,SFG,109,39,100,2.5641025641025643,0.19,0.248,0.35,0.16,0.26,66,0.064,0.183,31545
John Rave,KCR,175,72,153,2.125,0.196,0.283,0.307,0.111,0.267,65,0.10300000000000001,0.263,26284
David Hamilton,BOS,194,91,177,1.945054945054945,0.198,0.257,0.333,0.136,0.26,60,0.067,0.242,27531
Will Benson,CIN,253,90,230,2.5555555555555554,0.226,0.273,0.435,0.209,0.298,85,0.063,0.265,21853
Agustin Ramirez,MIA,585,136,537,3.948529411764706,0.231,0.287,0.413,0.182,0.302,91,0.062,0.193,26546
Colby Thomas,ATH,132,49,120,2.4489795918367347,0.225,0.267,0.417,0.192,0.291,82,0.053,0.371,31855
Adrian Del Castillo,ARI,131,44,120,2.727272727272727,0.242,0.29,0.392,0.15,0.295,87,0.061,0.359,29554
Jose Tena,WSN,169,50,152,3.04,0.243,0.314,0.355,0.112,0.296,88,0.08900000000000001,0.21899999999999997,23691
Justyn-Henry Malloy,DET,127,52,104,2.0,0.221,0.346,0.308,0.087,0.301,92,0.157,0.252,29606
Austin Slater,- - -,160,65,148,2.276923076923077,0.216,0.27,0.372,0.155,0.28,78,0.069,0.319,16153
Mitch Garver,SEA,290,87,254,2.9195402298850577,0.209,0.297,0.343,0.134,0.284,86,0.10300000000000001,0.276,15161
Donovan Solano,- - -,179,71,166,2.3380281690140845,0.247,0.291,0.337,0.09,0.277,82,0.045,0.223,8623
Luis Rengifo,LAA,541,147,501,3.4081632653061225,0.238,0.287,0.335,0.098,0.275,73,0.061,0.192,19858
Tim Tawa,ARI,225,74,199,2.689189189189189,0.201,0.274,0.347,0.146,0.273,72,0.08900000000000001,0.284,29571
Matt Vierling,DET,100,31,88,2.838709677419355,0.239,0.31,0.307,0.068,0.278,76,0.07,0.24,21558
Dane Myers,MIA,333,106,307,2.8962264150943398,0.235,0.291,0.326,0.091,0.275,72,0.069,0.231,22054
Alejandro Osuna,TEX,176,63,151,2.3968253968253967,0.212,0.313,0.278,0.066,0.27,72,0.11900000000000001,0.193,27915
Kyle Karros,COL,156,43,137,3.186046511627907,0.226,0.308,0.277,0.051,0.268,56,0.096,0.263,33252
Ezequiel Duran,TEX,219,90,205,2.2777777777777777,0.224,0.266,0.293,0.068,0.249,57,0.037000000000000005,0.251,23733
Gary Sanchez,BAL,101,30,91,3.033333333333333,0.231,0.297,0.418,0.187,0.311,100,0.04,0.267,11442
Andrew McCutchen,PIT,551,135,477,3.533333333333333,0.239,0.333,0.367,0.128,0.309,95,0.122,0.214,9847
JJ Bleday,ATH,344,98,307,3.13265306122449,0.212,0.294,0.404,0.192,0.302,90,0.105,0.265,26368
Masataka Yoshida,BOS,205,55,188,3.418181818181818,0.266,0.307,0.388,0.122,0.302,88,0.049,0.11699999999999999,31837
Jake Burger,TEX,376,103,356,3.4563106796116503,0.236,0.269,0.419,0.183,0.295,89,0.032,0.247,22275
Christopher Morel,TBR,305,105,278,2.6476190476190475,0.219,0.289,0.396,0.176,0.299,90,0.08199999999999999,0.35700000000000004,21897
Nick Sogard,BOS,104,30,96,3.2,0.26,0.317,0.344,0.083,0.295,83,0.048,0.231,25483
Josh Lowe,TBR,435,108,396,3.6666666666666665,0.22,0.283,0.366,0.146,0.284,79,0.076,0.251,19953
Dylan Moore,- - -,243,106,219,2.0660377358490565,0.201,0.267,0.374,0.174,0.28,83,0.08199999999999999,0.337,18042
Angel Martinez,CLE,484,139,446,3.20863309352518,0.224,0.269,0.359,0.135,0.274,74,0.048,0.22699999999999998,26540
Michael A. Taylor,CHW,325,134,295,2.201492537313433,0.2,0.259,0.366,0.166,0.27,70,0.071,0.33799999999999997,11489
Darell Hernaiz,ATH,197,51,173,3.392156862745098,0.231,0.292,0.306,0.075,0.266,65,0.086,0.122,26224
Jake McCarthy,ARI,222,67,206,3.074626865671642,0.204,0.247,0.345,0.141,0.256,60,0.045,0.18,21622
Dalton Rushing,LAD,155,53,142,2.6792452830188678,0.204,0.258,0.324,0.12,0.256,62,0.065,0.374,31382
Willie MacIver,ATH,111,33,102,3.090909090909091,0.186,0.252,0.324,0.137,0.256,58,0.063,0.243,24641
Chas McCormick,HOU,116,66,100,1.5151515151515151,0.21,0.279,0.29,0.08,0.257,62,0.078,0.267,19599
Alan Roden,- - -,153,55,136,2.4727272727272727,0.191,0.261,0.294,0.103,0.249,56,0.052000000000000005,0.242,31564
Henry Davis,PIT,283,87,252,2.896551724137931,0.167,0.234,0.278,0.111,0.229,41,0.064,0.26899999999999996,29617
Otto Kemp,PHI,218,62,197,3.1774193548387095,0.234,0.298,0.411,0.178,0.308,95,0.055,0.307,31792
Brooks Baldwin,CHW,328,103,300,2.912621359223301,0.24,0.29,0.407,0.167,0.302,92,0.064,0.262,31394
Luis Matos,SFG,184,57,172,3.017543859649123,0.221,0.266,0.424,0.203,0.296,91,0.06,0.147,26467
Edgar Quero,CHW,403,111,365,3.2882882882882885,0.268,0.333,0.356,0.088,0.307,95,0.079,0.17600000000000002,28022
Wilmer Flores,SFG,463,125,419,3.352,0.241,0.307,0.379,0.138,0.302,95,0.073,0.19,5827
Nolan Gorman,STL,402,111,351,3.1621621621621623,0.205,0.296,0.37,0.165,0.292,88,0.11699999999999999,0.33799999999999997,22263
Kristian Campbell,BOS,263,67,229,3.417910447761194,0.223,0.319,0.345,0.122,0.299,86,0.11,0.27399999999999997,33644
Taylor Trammell,HOU,135,52,117,2.25,0.197,0.296,0.333,0.137,0.282,80,0.126,0.304,19960
Enrique Hernandez,LAD,256,93,232,2.4946236559139785,0.203,0.255,0.366,0.164,0.268,70,0.07,0.266,10472
Victor Robles,SEA,114,32,106,3.3125,0.245,0.281,0.33,0.085,0.268,75,0.026000000000000002,0.228,18363
Jose Iglesias,SDP,343,112,306,2.732142857142857,0.229,0.298,0.294,0.065,0.268,73,0.07,0.163,10231
Cooper Hummel,- - -,105,37,88,2.3783783783783785,0.17,0.298,0.273,0.102,0.268,70,0.133,0.295,19458
Nathaniel Lowe,- - -,609,153,540,3.5294117647058822,0.228,0.307,0.381,0.154,0.301,91,0.102,0.261,19566
Tyler O'Neill,BAL,209,54,181,3.3518518518518516,0.199,0.292,0.392,0.193,0.297,91,0.105,0.244,15711
Jorge Soler,LAA,315,82,279,3.402439024390244,0.215,0.293,0.387,0.172,0.298,88,0.08900000000000001,0.298,14221
Jonathan India,KCR,567,136,497,3.6544117647058822,0.233,0.323,0.346,0.113,0.301,89,0.095,0.187,21523
Thairo Estrada,COL,165,39,154,3.948717948717949,0.253,0.285,0.37,0.117,0.284,66,0.036000000000000004,0.158,16426
Cole Young,SEA,257,77,223,2.896103896103896,0.211,0.302,0.305,0.094,0.274,80,0.109,0.183,31680
Will Wagner,- - -,149,55,129,2.3454545454545452,0.225,0.324,0.279,0.054,0.28,78,0.114,0.188,29634
Justin Turner,CHC,191,80,169,2.1125,0.219,0.288,0.314,0.095,0.268,71,0.08900000000000001,0.19399999999999998,5235
Cody Freeman,TEX,121,36,114,3.1666666666666665,0.228,0.258,0.342,0.114,0.261,66,0.040999999999999995,0.157,25629
Travis d'Arnaud,LAA,231,69,213,3.0869565217391304,0.197,0.255,0.343,0.146,0.263,64,0.055999999999999994,0.32,7739
Jonatan Clase,TOR,112,34,100,2.9411764705882355,0.21,0.288,0.3,0.09,0.267,69,0.08900000000000001,0.25,26599
Santiago Espinal,CIN,328,114,301,2.6403508771929824,0.243,0.292,0.282,0.04,0.259,58,0.064,0.11599999999999999,19997
Emmanuel Rivera,BAL,127,43,120,2.7906976744186047,0.25,0.291,0.283,0.033,0.258,64,0.047,0.18899999999999997,19890
Brady House,WSN,274,73,261,3.5753424657534247,0.234,0.252,0.322,0.088,0.248,56,0.028999999999999998,0.285,29993
Carson Williams,TBR,106,32,99,3.09375,0.172,0.219,0.354,0.182,0.248,54,0.057,0.415,30038
Tyler Wade,SDP,127,60,107,1.7833333333333334,0.206,0.309,0.252,0.047,0.262,69,0.11800000000000001,0.244,15730
Samuel Basallo,BAL,118,31,109,3.5161290322580645,0.165,0.229,0.33,0.165,0.246,55,0.051,0.254,28824
Jose Herrera,ARI,204,58,166,2.8620689655172415,0.187,0.285,0.259,0.072,0.251,57,0.113,0.23,17040
Brendan Rodgers,HOU,128,43,115,2.6744186046511627,0.191,0.266,0.278,0.087,0.246,55,0.086,0.359,17907
Zack Gelof,ATH,101,30,92,3.066666666666667,0.174,0.23,0.272,0.098,0.224,36,0.069,0.455,29766
Warming Bernabel,COL,146,40,139,3.475,0.252,0.288,0.41,0.158,0.301,78,0.048,0.171,26536
Eric Wagaman,MIA,514,140,476,3.4,0.25,0.296,0.378,0.128,0.293,85,0.062,0.195,23395
Randal Grichuk,- - -,293,113,272,2.4070796460176993,0.228,0.273,0.401,0.173,0.289,82,0.057999999999999996,0.20800000000000002,10243
Ryan Mountcastle,BAL,357,89,332,3.730337078651685,0.25,0.286,0.367,0.117,0.284,81,0.042,0.275,18373
Weston Wilson,PHI,125,54,111,2.0555555555555554,0.198,0.282,0.369,0.171,0.288,81,0.096,0.272,19358
Max Muncy,ATH,220,63,206,3.2698412698412698,0.214,0.259,0.379,0.165,0.277,72,0.045,0.309,29779
Matt Mervis,MIA,134,42,120,2.857142857142857,0.175,0.254,0.383,0.208,0.274,72,0.08199999999999999,0.373,27845
Dylan Carlson,BAL,241,83,217,2.6144578313253013,0.203,0.278,0.336,0.134,0.273,74,0.087,0.22399999999999998,20126
Gio Urshela,ATH,197,59,181,3.0677966101694913,0.238,0.287,0.326,0.088,0.271,68,0.066,0.203,10681
Nolan Jones,CLE,403,136,355,2.610294117647059,0.211,0.296,0.304,0.093,0.27,72,0.09699999999999999,0.28,20529
Michael Massey,KCR,277,77,262,3.4025974025974026,0.244,0.268,0.313,0.069,0.254,57,0.032,0.155,27684
Chris Taylor,- - -,125,58,113,1.9482758620689655,0.186,0.256,0.301,0.115,0.25,56,0.04,0.336,13757
Jon Berti,CHC,107,53,100,1.8867924528301887,0.21,0.262,0.23,0.02,0.226,42,0.047,0.20600000000000002,12037
Hunter Feduccia,- - -,105,38,88,2.3157894736842106,0.148,0.267,0.205,0.057,0.226,39,0.14300000000000002,0.276,23372
Alexander Canario,PIT,234,87,216,2.4827586206896552,0.218,0.274,0.338,0.12,0.27,68,0.073,0.342,22842
Jonah Heim,TEX,433,124,395,3.185483870967742,0.213,0.271,0.332,0.119,0.266,69,0.07400000000000001,0.203,16930
Braxton Fulford,COL,120,38,108,2.8421052631578947,0.213,0.267,0.324,0.111,0.258,49,0.057999999999999996,0.3,29704
Nick Martini,COL,111,43,102,2.372093023255814,0.225,0.288,0.294,0.069,0.259,49,0.081,0.162,12005
Robert Hassell III,WSN,206,70,197,2.8142857142857145,0.223,0.257,0.315,0.091,0.252,58,0.039,0.301,27482
James Outman,- - -,148,59,134,2.2711864406779663,0.134,0.216,0.321,0.187,0.237,48,0.081,0.426,24770
Jack Suwinski,PIT,178,59,150,2.542372881355932,0.147,0.281,0.253,0.107,0.25,55,0.135,0.32,22244
Lane Thomas,CLE,142,39,125,3.2051282051282053,0.16,0.246,0.272,0.112,0.235,48,0.099,0.31,16939
Ben Rortvedt,- - -,128,44,112,2.5454545454545454,0.152,0.24,0.205,0.054,0.211,31,0.086,0.18,20287
Nick Castellanos,PHI,589,147,547,3.7210884353741496,0.25,0.294,0.4,0.15,0.3,90,0.054000000000000006,0.226,11737
Michael Conforto,LAD,486,138,418,3.028985507246377,0.199,0.305,0.333,0.134,0.287,83,0.115,0.249,16376
Christian Encarnacion-Strand,CIN,137,36,130,3.611111111111111,0.208,0.234,0.377,0.169,0.261,59,0.022000000000000002,0.23399999999999999,30011
Drew Waters,KCR,219,71,206,2.9014084507042255,0.243,0.288,0.316,0.073,0.268,66,0.05,0.27399999999999997,20505
David Fry,CLE,157,66,146,2.212121212121212,0.171,0.229,0.363,0.192,0.258,63,0.057,0.369,24934
Triston Casas,BOS,112,29,99,3.413793103448276,0.182,0.277,0.303,0.121,0.256,56,0.098,0.24100000000000002,22514
Riley Adams,WSN,286,83,263,3.1686746987951806,0.186,0.252,0.308,0.122,0.25,57,0.063,0.385,19864
Tyler Freeman,COL,428,110,377,3.4272727272727272,0.281,0.354,0.361,0.08,0.319,91,0.079,0.11900000000000001,22532
Abraham Toro,BOS,284,77,259,3.3636363636363638,0.239,0.289,0.371,0.131,0.286,77,0.049,0.14800000000000002,19844
Joshua Palacios,CHW,145,51,128,2.5098039215686274,0.203,0.292,0.305,0.102,0.271,71,0.083,0.248,19818
Mark Canha,KCR,125,46,113,2.4565217391304346,0.212,0.272,0.265,0.053,0.244,49,0.055999999999999994,0.192,11445
Tyler Locklear,ARI,116,31,103,3.3225806451612905,0.175,0.267,0.262,0.087,0.245,52,0.086,0.371,31396
Connor Wong,BOS,188,63,168,2.6666666666666665,0.19,0.262,0.238,0.048,0.23,39,0.085,0.223,19896
Mickey Gasper,MIN,110,45,95,2.111111111111111,0.158,0.257,0.232,0.074,0.229,42,0.091,0.182,24759
Kevin Newman,LAA,116,57,114,2.0,0.202,0.209,0.272,0.07,0.209,27,0.009000000000000001,0.198,17696
Jonah Bride,- - -,125,45,112,2.488888888888889,0.17,0.248,0.188,0.018,0.203,23,0.08800000000000001,0.312,24703
Edouard Julien,MIN,208,64,182,2.84375,0.22,0.309,0.324,0.104,0.286,81,0.106,0.293,27534
Logan O'Hoppe,LAA,451,119,423,3.5546218487394956,0.213,0.258,0.371,0.158,0.273,72,0.053,0.308,24729
Joc Pederson,TEX,306,96,265,2.7604166666666665,0.181,0.285,0.328,0.147,0.276,76,0.111,0.212,11899
Yanquiel Fernandez,COL,147,52,138,2.6538461538461537,0.225,0.265,0.348,0.123,0.268,55,0.054000000000000006,0.299,28552
Martin Maldonado,SDP,161,64,147,2.296875,0.204,0.245,0.327,0.122,0.251,61,0.05,0.354,6887
Leody Taveras,- - -,180,58,171,2.9482758620689653,0.205,0.226,0.304,0.099,0.23,47,0.027999999999999997,0.278,18900
Oswald Peraza,- - -,265,106,244,2.30188679245283,0.164,0.223,0.25,0.086,0.214,32,0.064,0.302,22823
Alex Verdugo,ATL,213,56,197,3.517857142857143,0.239,0.296,0.289,0.051,0.264,66,0.066,0.146,17027
Anthony Santander,TOR,221,54,194,3.5925925925925926,0.175,0.271,0.294,0.119,0.255,61,0.113,0.276,14551
Trey Sweeney,DET,326,118,296,2.5084745762711864,0.196,0.258,0.291,0.095,0.245,53,0.08,0.282,29575
Orlando Arcia,- - -,214,76,203,2.6710526315789473,0.202,0.238,0.291,0.089,0.233,33,0.047,0.22,13185
Adael Amador,COL,128,41,113,2.7560975609756095,0.177,0.256,0.265,0.088,0.238,35,0.086,0.21100000000000002,27962
Hunter Renfroe,KCR,108,35,99,2.8285714285714287,0.182,0.241,0.242,0.061,0.219,32,0.07400000000000001,0.19399999999999998,15464
Vinny Capra,- - -,105,47,96,2.0425531914893615,0.125,0.157,0.177,0.052,0.15,-11,0.028999999999999998,0.23800000000000002,25040
Kyle Farmer,COL,300,97,277,2.8556701030927836,0.227,0.28,0.365,0.137,0.282,65,0.057,0.22,14813
Keibert Ruiz,WSN,267,68,255,3.75,0.247,0.277,0.318,0.071,0.262,65,0.03,0.09699999999999999,19610
Heston Kjerstad,BAL,167,54,156,2.888888888888889,0.192,0.24,0.327,0.135,0.248,57,0.036000000000000004,0.26899999999999996,31166
Jhonkensy Noel,CLE,153,69,148,2.1449275362318843,0.162,0.183,0.297,0.135,0.207,28,0.026000000000000002,0.34,24257
Jordan Walker,STL,396,111,363,3.27027027027027,0.215,0.278,0.306,0.091,0.26,66,0.073,0.318,27475
Josh Rojas,CHW,211,69,189,2.739130434782609,0.18,0.252,0.259,0.079,0.232,44,0.09,0.22699999999999998,19734
Jacob Stallings,- - -,129,43,119,2.7674418604651163,0.134,0.195,0.168,0.034,0.171,-7,0.047,0.31,13723
Jac Caglianone,KCR,232,62,210,3.3870967741935485,0.157,0.237,0.295,0.138,0.239,46,0.078,0.22399999999999998,35041
LaMonte Wade Jr.,- - -,242,80,209,2.6125,0.167,0.271,0.254,0.086,0.241,52,0.11199999999999999,0.24,18126
Michael Toglia,COL,337,88,306,3.477272727272727,0.19,0.258,0.353,0.163,0.265,54,0.083,0.392,25845
