team,season,gp,wins,goals_for_pg,goals_against_pg,shots_for_pg,shots_against_pg,corsi_for_pct,off_xg_pct,def_xg_pct,pp_pct,pk_pct
COL,2000,82,52,3.293,2.341,29.21,25.11,0.5377,0.5377,0.4623,0.2204,0.8275
DET,2000,82,49,3.085,2.463,32.32,27.09,0.544,0.544,0.456,0.2214,0.8571
NJD,2000,82,48,3.598,2.378,31.59,24.68,0.5613,0.5613,0.4387,0.229,0.8469
DAL,2000,82,48,2.939,2.28,25.61,24.91,0.5069,0.5069,0.4931,0.1962,0.862
OTT,2000,82,48,3.341,2.5,30.2,27.26,0.5256,0.5256,0.4744,0.1864,0.8643
BUF,2000,82,46,2.659,2.244,26.88,26.77,0.501,0.501,0.499,0.1609,0.8802
STL,2000,82,43,3.037,2.378,30.41,23.57,0.5634,0.5634,0.4366,0.187,0.8535
PHI,2000,82,43,2.927,2.524,29.9,26.15,0.5335,0.5335,0.4665,0.1571,0.8248
PIT,2000,82,42,3.427,3.122,29.2,29.23,0.4997,0.4997,0.5003,0.2027,0.8074
WSH,2000,82,41,2.841,2.573,28.63,27.72,0.5081,0.5081,0.4919,0.2125,0.8414
SJS,2000,82,40,2.646,2.341,27.65,26.45,0.511,0.511,0.489,0.1404,0.8617
EDM,2000,82,39,2.963,2.707,26.16,26.09,0.5007,0.5007,0.4993,0.1482,0.8377
LAK,2000,82,38,3.073,2.78,27.9,26.34,0.5144,0.5144,0.4856,0.1935,0.8115
CAR,2000,82,38,2.585,2.744,27.04,26.9,0.5012,0.5012,0.4988,0.1885,0.8718
TOR,2000,82,37,2.829,2.524,27.76,27.37,0.5035,0.5035,0.4965,0.1606,0.8497
VAN,2000,82,36,2.915,2.902,29.68,25.88,0.5342,0.5342,0.4658,0.1707,0.8088
BOS,2000,82,36,2.768,3.037,28.77,26.72,0.5185,0.5185,0.4815,0.1641,0.8276
ARI,2000,82,35,2.61,2.585,25.06,29.63,0.4582,0.4582,0.5418,0.1662,0.8519
NSH,2000,82,34,2.268,2.439,26.61,28.62,0.4818,0.4818,0.5182,0.1413,0.852
NYR,2000,82,33,3.049,3.537,28.6,31.4,0.4766,0.4766,0.5234,0.1791,0.785
CHI,2000,82,29,2.561,3.0,26.34,26.71,0.4966,0.4966,0.5034,0.1289,0.839
CBJ,2000,82,28,2.317,2.841,25.39,30.18,0.4569,0.4569,0.5431,0.147,0.8072
MTL,2000,82,28,2.512,2.829,26.2,28.01,0.4832,0.4832,0.5168,0.1615,0.822
CGY,2000,82,27,2.402,2.878,27.2,27.12,0.5007,0.5007,0.4993,0.1494,0.7989
ANA,2000,82,25,2.293,2.988,25.89,29.48,0.4676,0.4676,0.5324,0.1769,0.8179
MIN,2000,82,25,2.049,2.561,24.63,28.13,0.4668,0.4668,0.5332,0.0963,0.8472
TBL,2000,82,24,2.451,3.415,24.56,31.18,0.4406,0.4406,0.5594,0.125,0.8294
WPG,2000,82,23,2.573,3.524,27.94,32.38,0.4632,0.4632,0.5368,0.1367,0.7794
FLA,2000,82,22,2.439,3.0,26.46,31.21,0.4589,0.4589,0.5411,0.1303,0.8392
NYI,2000,82,21,2.256,3.268,27.52,29.0,0.4869,0.4869,0.5131,0.1321,0.8225
DET,2001,82,51,3.061,2.28,30.95,26.33,0.5403,0.5403,0.4597,0.2033,0.8601
COL,2001,82,45,2.585,2.061,27.46,26.55,0.5085,0.5085,0.4915,0.1802,0.8698
SJS,2001,82,44,3.024,2.427,27.17,28.48,0.4883,0.4883,0.5117,0.1572,0.8583
STL,2001,82,43,2.768,2.293,29.02,22.52,0.563,0.563,0.437,0.1742,0.8522
BOS,2001,82,43,2.878,2.451,31.66,25.09,0.5579,0.5579,0.4421,0.1378,0.8711
TOR,2001,82,43,3.037,2.524,28.52,24.93,0.5337,0.5337,0.4663,0.1547,0.8445
VAN,2001,82,42,3.098,2.573,28.37,25.35,0.528,0.528,0.472,0.1855,0.8522
NYI,2001,82,42,2.915,2.683,28.28,27.87,0.5037,0.5037,0.4963,0.1625,0.8579
PHI,2001,82,42,2.854,2.341,29.78,26.09,0.5331,0.5331,0.4669,0.13,0.8635
NJD,2001,82,41,2.5,2.28,29.82,23.17,0.5627,0.5627,0.4373,0.1686,0.8377
CHI,2001,82,41,2.634,2.524,27.7,25.33,0.5223,0.5223,0.4777,0.1788,0.8147
ARI,2001,82,40,2.78,2.561,26.57,28.65,0.4812,0.4812,0.5188,0.1559,0.8315
LAK,2001,82,40,2.61,2.317,25.73,25.01,0.5071,0.5071,0.4929,0.2068,0.8661
OTT,2001,82,39,2.963,2.537,30.11,25.93,0.5373,0.5373,0.4627,0.1662,0.8436
EDM,2001,82,38,2.5,2.22,27.51,25.85,0.5155,0.5155,0.4845,0.1532,0.8563
WSH,2001,82,36,2.78,2.927,27.96,28.74,0.4931,0.4931,0.5069,0.194,0.8215
MTL,2001,82,36,2.524,2.549,25.51,31.67,0.4462,0.4462,0.5538,0.1495,0.8628
DAL,2001,82,36,2.622,2.598,28.48,26.04,0.5224,0.5224,0.4776,0.1714,0.815
NYR,2001,82,36,2.768,3.146,29.17,31.93,0.4774,0.4774,0.5226,0.1472,0.799
BUF,2001,82,35,2.598,2.439,27.99,25.85,0.5198,0.5198,0.4802,0.1333,0.8651
CAR,2001,82,35,2.646,2.646,28.62,27.0,0.5146,0.5146,0.4854,0.1611,0.8374
CGY,2001,82,32,2.451,2.683,26.91,27.34,0.4961,0.4961,0.5039,0.1511,0.8146
ANA,2001,82,29,2.134,2.415,26.12,27.48,0.4874,0.4874,0.5126,0.1153,0.8606
NSH,2001,82,28,2.39,2.805,24.62,28.22,0.466,0.466,0.534,0.1424,0.8588
PIT,2001,82,28,2.415,3.037,27.01,29.2,0.4806,0.4806,0.5194,0.1403,0.8381
TBL,2001,82,27,2.171,2.671,26.57,30.77,0.4634,0.4634,0.5366,0.1474,0.8535
MIN,2001,82,26,2.378,2.902,23.83,28.01,0.4597,0.4597,0.5403,0.1475,0.8287
CBJ,2001,82,22,2.0,3.11,24.95,30.11,0.4532,0.4532,0.5468,0.1404,0.8301
FLA,2001,82,22,2.195,3.049,26.89,32.51,0.4527,0.4527,0.5473,0.1466,0.8066
WPG,2001,82,19,2.28,3.512,24.2,35.5,0.4053,0.4053,0.5947,0.1209,0.8184
OTT,2002,82,52,3.207,2.22,29.78,24.79,0.5457,0.5457,0.4543,0.2123,0.8494
DET,2002,82,48,3.28,2.476,29.77,28.79,0.5083,0.5083,0.4917,0.2382,0.8541
NJD,2002,82,46,2.634,2.024,31.72,23.57,0.5737,0.5737,0.4263,0.1188,0.8788
DAL,2002,82,46,2.988,2.061,30.07,25.28,0.5433,0.5433,0.4567,0.1896,0.8555
VAN,2002,82,45,3.22,2.537,29.12,26.65,0.5222,0.5222,0.4778,0.2071,0.841
PHI,2002,82,45,2.573,2.024,30.94,24.62,0.5568,0.5568,0.4432,0.1433,0.8521
TOR,2002,82,44,2.878,2.537,26.26,29.55,0.4705,0.4705,0.5295,0.1755,0.8685
COL,2002,82,42,3.061,2.366,29.1,28.33,0.5067,0.5067,0.4933,0.1873,0.8245
MIN,2002,82,42,2.415,2.171,25.44,28.48,0.4718,0.4718,0.5282,0.1421,0.8604
STL,2002,82,41,3.085,2.707,28.06,24.96,0.5292,0.5292,0.4708,0.2046,0.8175
ANA,2002,82,40,2.476,2.354,27.39,28.99,0.4858,0.4858,0.5142,0.1609,0.8739
WSH,2002,82,39,2.732,2.683,27.11,29.93,0.4753,0.4753,0.5247,0.1722,0.8125
BOS,2002,82,36,2.988,2.89,32.15,28.32,0.5317,0.5317,0.4683,0.1815,0.8267
EDM,2002,82,36,2.817,2.805,27.96,27.41,0.505,0.505,0.495,0.1451,0.8262
TBL,2002,82,36,2.671,2.561,29.21,28.02,0.5103,0.5103,0.4897,0.179,0.8259
NYI,2002,82,35,2.732,2.817,29.6,28.27,0.5115,0.5115,0.4885,0.151,0.8346
LAK,2002,82,33,2.476,2.695,27.71,26.11,0.5148,0.5148,0.4852,0.1465,0.8333
NYR,2002,82,32,2.561,2.817,30.06,29.59,0.504,0.504,0.496,0.1622,0.8119
WPG,2002,82,31,2.756,3.463,26.38,31.62,0.4548,0.4548,0.5452,0.1725,0.8169
ARI,2002,82,31,2.488,2.805,28.01,29.98,0.4831,0.4831,0.5169,0.1429,0.8131
CHI,2002,82,30,2.524,2.756,27.79,28.6,0.4929,0.4929,0.5071,0.1266,0.8482
MTL,2002,82,30,2.512,2.854,25.84,32.66,0.4417,0.4417,0.5583,0.1397,0.817
CBJ,2002,82,29,2.598,3.207,26.13,32.21,0.448,0.448,0.552,0.1732,0.8533
CGY,2002,82,29,2.268,2.78,28.55,27.1,0.513,0.513,0.487,0.1208,0.8329
SJS,2002,82,28,2.61,2.915,28.09,29.17,0.4905,0.4905,0.5095,0.1813,0.8101
NSH,2002,82,27,2.232,2.512,28.24,27.46,0.507,0.507,0.493,0.1388,0.8272
PIT,2002,82,27,2.305,3.11,25.35,30.91,0.4506,0.4506,0.5494,0.1833,0.8352
BUF,2002,82,27,2.317,2.671,28.6,28.01,0.5052,0.5052,0.4948,0.1441,0.854
FLA,2002,82,24,2.146,2.89,27.18,33.23,0.4499,0.4499,0.5501,0.1412,0.8146
CAR,2002,82,22,2.085,2.927,29.44,28.44,0.5086,0.5086,0.4914,0.1381,0.8189
DET,2003,82,48,3.11,2.305,30.29,26.23,0.5359,0.5359,0.4641,0.2006,0.8675
TBL,2003,82,46,2.988,2.341,30.0,25.43,0.5413,0.5413,0.4587,0.1622,0.8489
TOR,2003,82,45,2.951,2.488,27.48,26.43,0.5097,0.5097,0.4903,0.2011,0.8342
NJD,2003,82,43,2.598,2.0,29.67,24.4,0.5487,0.5487,0.4513,0.1635,0.8534
VAN,2003,82,43,2.866,2.366,29.01,26.62,0.5215,0.5215,0.4785,0.1497,0.8599
OTT,2003,82,43,3.195,2.305,29.52,24.88,0.5427,0.5427,0.4573,0.2156,0.8357
SJS,2003,82,43,2.671,2.232,28.05,28.94,0.4922,0.4922,0.5078,0.1662,0.8527
CGY,2003,82,42,2.439,2.146,27.41,25.49,0.5182,0.5182,0.4818,0.1513,0.8468
DAL,2003,82,41,2.366,2.134,26.78,23.2,0.5359,0.5359,0.4641,0.1585,0.8585
BOS,2003,82,41,2.549,2.293,30.49,27.8,0.523,0.523,0.477,0.16,0.8358
MTL,2003,82,41,2.537,2.341,27.68,28.59,0.492,0.492,0.508,0.1724,0.8248
PHI,2003,82,40,2.793,2.268,29.4,25.51,0.5354,0.5354,0.4646,0.207,0.8333
COL,2003,82,40,2.878,2.415,29.4,28.35,0.5091,0.5091,0.4909,0.2039,0.8375
STL,2003,82,39,2.329,2.415,27.11,25.65,0.5139,0.5139,0.4861,0.1789,0.8455
NSH,2003,82,38,2.634,2.646,27.16,28.48,0.4882,0.4882,0.5118,0.169,0.8177
NYI,2003,82,38,2.89,2.561,28.55,27.37,0.5106,0.5106,0.4894,0.1672,0.8552
BUF,2003,82,37,2.683,2.695,28.06,28.54,0.4958,0.4958,0.5042,0.158,0.8477
EDM,2003,82,36,2.695,2.537,28.44,26.52,0.5174,0.5174,0.4826,0.1302,0.8109
WPG,2003,82,33,2.61,2.963,26.11,29.4,0.4703,0.4703,0.5297,0.1467,0.8517
MIN,2003,82,30,2.293,2.232,24.17,29.06,0.4541,0.4541,0.5459,0.1361,0.8445
ANA,2003,82,29,2.244,2.598,29.73,29.79,0.4995,0.4995,0.5005,0.1806,0.847
FLA,2003,82,28,2.293,2.695,27.72,34.49,0.4456,0.4456,0.5544,0.1677,0.8636
LAK,2003,82,28,2.5,2.646,28.65,26.99,0.5149,0.5149,0.4851,0.1404,0.8065
CAR,2003,82,28,2.098,2.549,29.2,26.22,0.5268,0.5268,0.4732,0.1068,0.8162
NYR,2003,82,27,2.512,3.049,29.46,29.22,0.5021,0.5021,0.4979,0.1429,0.7938
CBJ,2003,82,25,2.159,2.902,27.8,31.99,0.465,0.465,0.535,0.1446,0.8516
WSH,2003,82,23,2.268,3.085,23.73,31.54,0.4294,0.4294,0.5706,0.1916,0.813
PIT,2003,82,23,2.317,3.695,24.74,33.17,0.4272,0.4272,0.5728,0.1806,0.7724
ARI,2003,82,22,2.293,2.988,26.48,30.56,0.4642,0.4642,0.5358,0.1425,0.8216
CHI,2003,82,20,2.293,3.159,29.28,30.74,0.4878,0.4878,0.5122,0.1576,0.8346
DET,2005,82,58,3.671,2.512,34.1,26.59,0.5619,0.5619,0.4381,0.2213,0.8547
DAL,2005,82,53,3.085,2.646,28.49,25.6,0.5267,0.5267,0.4733,0.1767,0.8373
OTT,2005,82,52,3.805,2.5,34.28,28.59,0.5453,0.5453,0.4547,0.2082,0.8466
BUF,2005,82,52,3.366,2.854,30.61,30.51,0.5008,0.5008,0.4992,0.2117,0.8656
CAR,2005,82,52,3.488,3.146,31.13,30.45,0.5055,0.5055,0.4945,0.1789,0.818
NSH,2005,82,49,3.085,2.732,29.02,32.46,0.472,0.472,0.528,0.1836,0.8462
CGY,2005,82,46,2.634,2.354,28.04,27.57,0.5042,0.5042,0.4958,0.182,0.8425
NJD,2005,82,46,2.841,2.744,29.21,29.3,0.4992,0.4992,0.5008,0.1777,0.819
PHI,2005,82,45,3.207,3.085,31.12,28.93,0.5183,0.5183,0.4817,0.1802,0.7914
NYR,2005,82,44,3.049,2.573,29.85,28.76,0.5094,0.5094,0.4906,0.1886,0.8374
SJS,2005,82,44,3.232,2.866,30.28,26.59,0.5325,0.5325,0.4675,0.182,0.807
ANA,2005,82,43,3.061,2.707,31.52,29.65,0.5154,0.5154,0.4846,0.1812,0.8353
COL,2005,82,43,3.415,3.061,30.05,29.45,0.505,0.505,0.495,0.1882,0.8456
TBL,2005,82,43,3.0,3.122,31.63,27.56,0.5344,0.5344,0.4656,0.167,0.8154
VAN,2005,82,42,3.073,3.061,28.76,30.07,0.4888,0.4888,0.5112,0.1825,0.8184
LAK,2005,82,42,2.963,3.28,29.2,29.99,0.4933,0.4933,0.5067,0.1423,0.7873
MTL,2005,82,42,2.939,2.976,30.12,30.57,0.4963,0.4963,0.5037,0.1922,0.8108
WPG,2005,82,41,3.366,3.293,30.76,30.28,0.5039,0.5039,0.4961,0.1894,0.7923
EDM,2005,82,41,3.037,2.951,29.78,25.55,0.5382,0.5382,0.4618,0.1814,0.841
TOR,2005,82,41,3.098,3.207,28.33,30.6,0.4808,0.4808,0.5192,0.2136,0.8004
MIN,2005,82,38,2.756,2.585,26.76,30.0,0.4714,0.4714,0.5286,0.17,0.8739
ARI,2005,82,38,2.951,3.268,28.27,30.24,0.4831,0.4831,0.5169,0.1774,0.809
FLA,2005,82,37,2.878,3.073,33.22,34.79,0.4884,0.4884,0.5116,0.1533,0.823
NYI,2005,82,36,2.695,3.354,30.26,31.09,0.4932,0.4932,0.5068,0.1689,0.792
CBJ,2005,82,35,2.622,3.366,27.44,33.68,0.4489,0.4489,0.5511,0.1419,0.8184
BOS,2005,82,29,2.78,3.146,30.62,32.11,0.4881,0.4881,0.5119,0.1483,0.8372
WSH,2005,82,29,2.805,3.659,29.82,35.12,0.4592,0.4592,0.5408,0.1469,0.7891
CHI,2005,82,26,2.549,3.402,30.24,29.48,0.5064,0.5064,0.4936,0.1223,0.8391
PIT,2005,82,22,2.963,3.78,28.01,33.21,0.4576,0.4576,0.5424,0.1899,0.788
STL,2005,82,21,2.354,3.463,28.48,30.61,0.4819,0.4819,0.5181,0.1465,0.8221
BUF,2006,82,53,3.634,2.902,29.48,31.0,0.4874,0.4874,0.5126,0.1744,0.8135
NSH,2006,82,51,3.244,2.524,27.57,31.23,0.4689,0.4689,0.5311,0.174,0.8579
SJS,2006,82,51,3.122,2.402,28.61,26.21,0.5219,0.5219,0.4781,0.2244,0.8333
DAL,2006,82,50,2.646,2.354,28.0,25.4,0.5243,0.5243,0.4757,0.185,0.8435
DET,2006,82,50,3.073,2.329,33.79,24.63,0.5784,0.5784,0.4216,0.1709,0.8456
NJD,2006,82,49,2.512,2.354,28.71,28.44,0.5023,0.5023,0.4977,0.1771,0.8524
VAN,2006,82,49,2.646,2.402,29.33,29.24,0.5007,0.5007,0.4993,0.172,0.8693
ANA,2006,82,48,3.098,2.415,31.49,27.41,0.5346,0.5346,0.4654,0.2236,0.8512
OTT,2006,82,48,3.488,2.634,32.33,30.23,0.5168,0.5168,0.4832,0.1787,0.8452
MIN,2006,82,48,2.744,2.244,29.65,28.79,0.5073,0.5073,0.4927,0.1895,0.8597
PIT,2006,82,47,3.256,2.927,28.85,30.85,0.4833,0.4833,0.5167,0.203,0.821
COL,2006,82,44,3.256,3.012,31.74,29.0,0.5226,0.5226,0.4774,0.2112,0.8017
TBL,2006,82,44,2.963,3.159,29.49,27.24,0.5198,0.5198,0.4802,0.1845,0.7836
WPG,2006,82,43,2.915,2.939,29.73,31.49,0.4857,0.4857,0.5143,0.1646,0.798
CGY,2006,82,43,3.11,2.695,27.34,30.51,0.4726,0.4726,0.5274,0.182,0.8043
MTL,2006,82,42,2.915,3.061,29.59,32.74,0.4747,0.4747,0.5253,0.2275,0.8353
NYR,2006,82,42,2.841,2.573,31.54,28.4,0.5261,0.5261,0.4739,0.1847,0.8375
CAR,2006,82,40,2.939,3.024,31.21,28.49,0.5228,0.5228,0.4772,0.1499,0.8456
TOR,2006,82,40,3.098,3.195,32.7,28.41,0.535,0.535,0.465,0.1771,0.7847
NYI,2006,82,40,2.927,2.866,29.99,32.59,0.4792,0.4792,0.5208,0.181,0.8176
BOS,2006,82,35,2.561,3.476,28.9,33.51,0.4631,0.4631,0.5369,0.1723,0.8167
FLA,2006,82,35,2.988,3.037,33.29,29.29,0.532,0.532,0.468,0.181,0.8239
STL,2006,82,34,2.537,3.024,26.85,28.89,0.4817,0.4817,0.5183,0.1207,0.7995
CBJ,2006,82,33,2.39,2.976,27.72,28.6,0.4922,0.4922,0.5078,0.1484,0.8124
EDM,2006,82,32,2.341,2.988,26.74,29.74,0.4734,0.4734,0.5266,0.1421,0.8456
CHI,2006,82,31,2.378,3.061,26.84,29.37,0.4775,0.4775,0.5225,0.1181,0.8262
ARI,2006,82,31,2.573,3.439,28.29,30.12,0.4843,0.4843,0.5157,0.165,0.7835
WSH,2006,82,28,2.854,3.354,27.99,33.34,0.4564,0.4564,0.5436,0.1642,0.8019
LAK,2006,82,27,2.72,3.378,31.0,29.76,0.5102,0.5102,0.4898,0.1833,0.7786
PHI,2006,82,22,2.598,3.622,28.79,32.6,0.469,0.469,0.531,0.141,0.8452
DET,2007,82,54,3.073,2.183,34.39,23.54,0.5937,0.5937,0.4063,0.2072,0.8403
SJS,2007,82,49,2.634,2.28,29.61,24.16,0.5507,0.5507,0.4493,0.1872,0.8581
MTL,2007,82,47,3.134,2.634,29.06,31.57,0.4793,0.4793,0.5207,0.2406,0.8246
ANA,2007,82,47,2.402,2.244,27.33,28.05,0.4935,0.4935,0.5065,0.1662,0.8309
PIT,2007,82,47,2.927,2.585,27.67,30.77,0.4735,0.4735,0.5265,0.2037,0.8095
NJD,2007,82,46,2.415,2.354,28.8,27.52,0.5114,0.5114,0.4886,0.1562,0.828
DAL,2007,82,45,2.89,2.488,26.67,26.06,0.5058,0.5058,0.4942,0.1808,0.8559
COL,2007,82,44,2.732,2.634,28.65,27.28,0.5122,0.5122,0.4878,0.1463,0.814
MIN,2007,82,44,2.683,2.561,27.05,30.11,0.4732,0.4732,0.5268,0.1893,0.8515
WSH,2007,82,43,2.902,2.768,30.95,27.55,0.5291,0.5291,0.4709,0.1879,0.8052
OTT,2007,82,43,3.146,2.951,30.13,29.95,0.5015,0.5015,0.4985,0.1829,0.8105
CAR,2007,82,43,3.049,3.0,32.55,28.88,0.5299,0.5299,0.4701,0.1881,0.7887
CGY,2007,82,42,2.756,2.732,28.24,28.48,0.498,0.498,0.502,0.1676,0.8149
PHI,2007,82,42,2.988,2.768,28.77,31.82,0.4748,0.4748,0.5252,0.2182,0.8325
NYR,2007,82,42,2.5,2.317,31.45,25.9,0.5484,0.5484,0.4516,0.1649,0.8455
NSH,2007,82,41,2.768,2.732,29.57,29.76,0.4985,0.4985,0.5015,0.148,0.8537
BOS,2007,82,41,2.512,2.622,28.52,30.46,0.4836,0.4836,0.5164,0.1755,0.7861
EDM,2007,82,41,2.683,3.012,26.29,31.38,0.4559,0.4559,0.5441,0.1657,0.847
CHI,2007,82,40,2.854,2.817,28.02,28.61,0.4948,0.4948,0.5052,0.1589,0.8208
VAN,2007,82,39,2.524,2.512,27.46,28.87,0.4876,0.4876,0.5124,0.1707,0.8261
BUF,2007,82,39,3.061,2.841,30.22,28.37,0.5158,0.5158,0.4842,0.1803,0.8318
ARI,2007,82,38,2.549,2.744,30.49,30.71,0.4982,0.4982,0.5018,0.1858,0.8072
FLA,2007,82,38,2.573,2.683,31.09,33.57,0.4808,0.4808,0.5192,0.1917,0.8235
TOR,2007,82,36,2.78,3.122,31.0,29.3,0.5141,0.5141,0.4859,0.1778,0.7812
NYI,2007,82,35,2.305,2.927,29.7,30.34,0.4946,0.4946,0.5054,0.1455,0.8187
CBJ,2007,82,34,2.317,2.561,29.04,27.43,0.5143,0.5143,0.4857,0.1489,0.8333
WPG,2007,82,34,2.524,3.244,25.79,33.93,0.4319,0.4319,0.5681,0.1646,0.7881
STL,2007,82,33,2.463,2.829,26.11,27.43,0.4877,0.4877,0.5123,0.1407,0.844
LAK,2007,82,32,2.756,3.207,28.65,32.01,0.4723,0.4723,0.5277,0.1744,0.7799
TBL,2007,82,31,2.695,3.244,28.71,28.2,0.5045,0.5045,0.4955,0.1926,0.8205
BOS,2008,82,53,3.293,2.317,30.27,30.79,0.4957,0.4957,0.5043,0.2364,0.8235
SJS,2008,82,53,3.061,2.427,33.17,27.17,0.5497,0.5497,0.4503,0.2417,0.8333
NJD,2008,82,51,2.902,2.524,32.9,29.45,0.5277,0.5277,0.4723,0.1889,0.7994
DET,2008,82,51,3.524,2.927,36.16,27.73,0.5659,0.5659,0.4341,0.255,0.7829
WSH,2008,82,50,3.268,2.927,33.51,29.49,0.5319,0.5319,0.4681,0.2522,0.8062
CHI,2008,82,46,3.171,2.549,32.72,28.59,0.5337,0.5337,0.4663,0.1928,0.8061
CGY,2008,82,46,3.061,3.0,32.23,29.77,0.5199,0.5199,0.4801,0.1704,0.8338
VAN,2008,82,45,2.963,2.598,28.48,29.17,0.494,0.494,0.506,0.1877,0.814
PIT,2008,82,45,3.146,2.841,29.04,30.29,0.4894,0.4894,0.5106,0.1722,0.8271
CAR,2008,82,45,2.878,2.695,32.62,29.5,0.5251,0.5251,0.4749,0.1872,0.804
PHI,2008,82,44,3.171,2.829,29.77,32.54,0.4778,0.4778,0.5222,0.2247,0.8295
NYR,2008,82,43,2.439,2.585,32.41,29.67,0.5221,0.5221,0.4779,0.1387,0.8784
ANA,2008,82,42,2.902,2.866,30.26,30.48,0.4982,0.4982,0.5018,0.2362,0.7974
CBJ,2008,82,41,2.683,2.72,28.9,27.82,0.5096,0.5096,0.4904,0.1273,0.8208
MTL,2008,82,41,2.951,2.927,30.01,31.71,0.4863,0.4863,0.5137,0.1925,0.8243
FLA,2008,82,41,2.817,2.72,29.41,34.67,0.459,0.459,0.541,0.1656,0.8264
STL,2008,82,41,2.768,2.768,27.7,28.55,0.4924,0.4924,0.5076,0.2051,0.8375
BUF,2008,82,41,2.951,2.793,30.55,31.4,0.4931,0.4931,0.5069,0.2095,0.8185
NSH,2008,82,40,2.524,2.78,28.96,29.4,0.4962,0.4962,0.5038,0.1572,0.8254
MIN,2008,82,40,2.61,2.402,27.52,30.71,0.4727,0.4727,0.5273,0.2012,0.8763
EDM,2008,82,38,2.78,2.976,28.09,32.54,0.4633,0.4633,0.5367,0.1695,0.7751
DAL,2008,82,36,2.732,3.061,28.9,28.1,0.5071,0.5071,0.4929,0.1538,0.7859
OTT,2008,82,36,2.598,2.817,29.33,28.5,0.5072,0.5072,0.4928,0.1947,0.815
ARI,2008,82,36,2.5,3.037,28.07,31.6,0.4705,0.4705,0.5295,0.1453,0.7679
WPG,2008,82,35,3.049,3.402,28.12,32.72,0.4622,0.4622,0.5378,0.1933,0.7596
TOR,2008,82,34,2.976,3.488,31.74,30.26,0.512,0.512,0.488,0.1879,0.7468
LAK,2008,82,34,2.463,2.756,29.06,28.06,0.5088,0.5088,0.4912,0.1917,0.8287
COL,2008,82,32,2.317,3.085,28.77,28.98,0.4982,0.4982,0.5018,0.1572,0.7987
NYI,2008,82,26,2.415,3.341,28.93,33.55,0.463,0.463,0.537,0.1688,0.7978
TBL,2008,82,24,2.524,3.28,28.51,32.94,0.464,0.464,0.536,0.1778,0.7802
WSH,2009,82,54,3.817,2.768,32.84,30.91,0.5151,0.5151,0.4849,0.2524,0.788
CHI,2009,82,52,3.195,2.476,34.12,25.1,0.5762,0.5762,0.4238,0.1769,0.8528
SJS,2009,82,51,3.134,2.549,31.73,31.35,0.503,0.503,0.497,0.2104,0.8502
ARI,2009,82,50,2.573,2.39,30.51,29.6,0.5076,0.5076,0.4924,0.1465,0.8454
VAN,2009,82,49,3.268,2.659,30.9,29.5,0.5116,0.5116,0.4884,0.2092,0.8156
NJD,2009,82,48,2.634,2.268,29.99,26.99,0.5263,0.5263,0.4737,0.1868,0.8285
NSH,2009,82,47,2.646,2.695,30.59,29.22,0.5114,0.5114,0.4886,0.1643,0.7713
PIT,2009,82,47,3.037,2.866,32.78,28.66,0.5335,0.5335,0.4665,0.1718,0.841
LAK,2009,82,46,2.817,2.573,29.13,27.56,0.5139,0.5139,0.4861,0.2085,0.8026
BUF,2009,82,45,2.817,2.451,31.56,31.38,0.5015,0.5015,0.4985,0.1757,0.8662
OTT,2009,82,44,2.683,2.841,29.71,28.54,0.5101,0.5101,0.4899,0.169,0.8428
DET,2009,82,44,2.72,2.524,33.38,29.43,0.5315,0.5315,0.4685,0.1922,0.839
COL,2009,82,43,2.89,2.78,27.89,32.06,0.4652,0.4652,0.5348,0.1806,0.802
PHI,2009,82,41,2.829,2.707,31.57,28.61,0.5246,0.5246,0.4754,0.2145,0.8299
STL,2009,82,40,2.659,2.659,29.82,30.16,0.4972,0.4972,0.5028,0.1694,0.8684
CGY,2009,82,40,2.451,2.476,28.66,28.93,0.4977,0.4977,0.5023,0.1604,0.823
ANA,2009,82,39,2.841,2.963,30.15,33.38,0.4746,0.4746,0.5254,0.21,0.7932
BOS,2009,82,39,2.39,2.329,31.7,29.82,0.5153,0.5153,0.4847,0.166,0.864
MTL,2009,82,39,2.561,2.659,28.61,32.12,0.4711,0.4711,0.5289,0.2184,0.8296
NYR,2009,82,38,2.671,2.61,29.57,29.88,0.4974,0.4974,0.5026,0.1827,0.8428
MIN,2009,82,38,2.61,2.915,27.63,29.45,0.4841,0.4841,0.5159,0.1909,0.8268
DAL,2009,82,37,2.805,2.976,30.78,31.21,0.4966,0.4966,0.5034,0.186,0.7743
WPG,2009,82,35,2.805,3.049,29.38,33.12,0.47,0.47,0.53,0.1614,0.8219
CAR,2009,82,35,2.756,3.061,29.29,31.39,0.4827,0.4827,0.5173,0.1687,0.8063
NYI,2009,82,34,2.61,3.146,30.4,31.94,0.4877,0.4877,0.5123,0.1601,0.7633
TBL,2009,82,34,2.598,3.085,28.87,31.4,0.479,0.479,0.521,0.1933,0.8006
CBJ,2009,82,32,2.61,3.037,28.51,30.66,0.4819,0.4819,0.5181,0.1818,0.8174
FLA,2009,82,32,2.463,2.854,28.43,34.15,0.4543,0.4543,0.5457,0.1424,0.7944
TOR,2009,82,30,2.561,3.207,32.57,29.76,0.5226,0.5226,0.4774,0.1397,0.7465
EDM,2009,82,27,2.512,3.39,28.3,33.12,0.4608,0.4608,0.5392,0.1728,0.7803
VAN,2010,82,54,3.146,2.195,32.0,30.12,0.5151,0.5151,0.4849,0.2432,0.8558
PIT,2010,82,49,2.78,2.39,31.49,28.68,0.5233,0.5233,0.4767,0.1576,0.8611
WSH,2010,82,48,2.671,2.329,31.29,28.96,0.5193,0.5193,0.4807,0.1749,0.8562
SJS,2010,82,48,2.963,2.537,34.54,28.89,0.5445,0.5445,0.4555,0.2353,0.7956
DET,2010,82,47,3.134,2.89,33.62,30.66,0.5231,0.5231,0.4769,0.2226,0.8233
PHI,2010,82,47,3.122,2.634,31.77,30.13,0.5132,0.5132,0.4868,0.1661,0.8275
ANA,2010,82,47,2.866,2.841,28.46,32.29,0.4685,0.4685,0.5315,0.2351,0.8131
TBL,2010,82,46,2.939,2.854,31.77,28.71,0.5253,0.5253,0.4747,0.2054,0.8377
BOS,2010,82,46,2.976,2.305,32.88,32.71,0.5013,0.5013,0.4987,0.1623,0.8264
LAK,2010,82,46,2.549,2.39,28.82,27.9,0.5081,0.5081,0.4919,0.161,0.8551
NSH,2010,82,44,2.598,2.317,28.8,30.61,0.4848,0.4848,0.5152,0.1524,0.8493
MTL,2010,82,44,2.598,2.512,31.73,30.95,0.5062,0.5062,0.4938,0.1966,0.844
CHI,2010,82,44,3.073,2.683,32.16,28.71,0.5284,0.5284,0.4716,0.231,0.7922
NYR,2010,82,44,2.732,2.378,29.91,29.39,0.5044,0.5044,0.4956,0.169,0.8366
ARI,2010,82,43,2.756,2.683,30.32,32.6,0.4819,0.4819,0.5181,0.1592,0.7838
BUF,2010,82,43,2.927,2.78,32.8,30.66,0.5169,0.5169,0.4831,0.1935,0.83
DAL,2010,82,42,2.707,2.756,27.67,30.54,0.4754,0.4754,0.5246,0.1797,0.8014
CGY,2010,82,41,2.939,2.805,30.5,28.51,0.5168,0.5168,0.4832,0.195,0.8121
CAR,2010,82,40,2.817,2.854,30.7,33.23,0.4802,0.4802,0.5198,0.159,0.8125
MIN,2010,82,39,2.476,2.78,26.2,32.01,0.45,0.45,0.55,0.1815,0.8279
NJD,2010,82,38,2.085,2.524,28.59,26.24,0.5214,0.5214,0.4786,0.1435,0.834
STL,2010,82,38,2.878,2.78,30.18,27.73,0.5212,0.5212,0.4788,0.1864,0.8172
TOR,2010,82,37,2.598,2.988,28.78,30.98,0.4816,0.4816,0.5184,0.1595,0.7745
CBJ,2010,82,34,2.561,3.049,30.56,29.84,0.506,0.506,0.494,0.1395,0.8025
WPG,2010,82,34,2.659,3.195,31.48,32.17,0.4945,0.4945,0.5055,0.1834,0.7754
OTT,2010,82,32,2.317,2.988,29.04,31.21,0.482,0.482,0.518,0.1751,0.8367
COL,2010,82,30,2.695,3.5,29.2,31.82,0.4785,0.4785,0.5215,0.1849,0.7611
FLA,2010,82,30,2.329,2.707,30.4,31.82,0.4886,0.4886,0.5114,0.1311,0.8464
NYI,2010,82,30,2.744,3.146,29.37,31.95,0.4789,0.4789,0.5211,0.1722,0.8323
EDM,2010,82,25,2.329,3.171,26.68,31.67,0.4573,0.4573,0.5427,0.1447,0.7695
VAN,2011,82,51,2.939,2.329,31.5,30.8,0.5056,0.5056,0.4944,0.1979,0.8601
PIT,2011,82,51,3.329,2.659,33.89,27.4,0.5529,0.5529,0.4471,0.1972,0.8778
NYR,2011,82,51,2.707,2.22,28.51,27.82,0.5062,0.5062,0.4938,0.1571,0.8615
STL,2011,82,49,2.512,1.89,30.63,26.71,0.5342,0.5342,0.4658,0.1667,0.8582
BOS,2011,82,49,3.171,2.427,32.35,29.77,0.5208,0.5208,0.4792,0.172,0.8346
NJD,2011,82,48,2.634,2.5,27.48,26.82,0.5061,0.5061,0.4939,0.1723,0.8958
DET,2011,82,48,2.915,2.439,32.17,26.98,0.5439,0.5439,0.4561,0.1611,0.8175
NSH,2011,82,48,2.829,2.5,27.57,30.77,0.4726,0.4726,0.5274,0.216,0.8361
PHI,2011,82,47,3.171,2.744,32.21,28.4,0.5314,0.5314,0.4686,0.197,0.8182
CHI,2011,82,45,2.939,2.817,31.5,28.57,0.5244,0.5244,0.4756,0.1516,0.7811
SJS,2011,82,43,2.671,2.5,33.82,28.56,0.5421,0.5421,0.4579,0.2111,0.7689
WSH,2011,82,42,2.659,2.756,27.99,30.18,0.4811,0.4811,0.5189,0.1673,0.8158
DAL,2011,82,42,2.488,2.659,28.23,30.82,0.4781,0.4781,0.5219,0.1352,0.8284
ARI,2011,82,42,2.561,2.366,29.62,31.62,0.4837,0.4837,0.5163,0.1355,0.8554
OTT,2011,82,41,2.963,2.878,31.39,32.04,0.4949,0.4949,0.5051,0.1815,0.8161
COL,2011,82,41,2.427,2.659,31.5,29.59,0.5157,0.5157,0.4843,0.1839,0.8303
LAK,2011,82,40,2.293,2.073,30.6,27.41,0.5274,0.5274,0.4726,0.1696,0.8703
BUF,2011,82,39,2.573,2.72,29.23,31.35,0.4825,0.4825,0.5175,0.1705,0.8171
TBL,2011,82,38,2.829,3.39,27.16,30.5,0.471,0.471,0.529,0.1524,0.7923
FLA,2011,82,38,2.402,2.634,29.67,30.55,0.4927,0.4927,0.5073,0.1853,0.795
WPG,2011,82,37,2.695,2.951,30.13,30.12,0.5001,0.5001,0.4999,0.1793,0.8014
CGY,2011,82,37,2.427,2.646,27.54,30.83,0.4718,0.4718,0.5282,0.1769,0.8433
MIN,2011,82,35,2.024,2.646,26.51,31.35,0.4582,0.4582,0.5418,0.1512,0.8211
TOR,2011,82,35,2.768,3.159,28.32,30.83,0.4788,0.4788,0.5212,0.1835,0.7727
ANA,2011,82,34,2.451,2.732,27.94,28.87,0.4918,0.4918,0.5082,0.1661,0.8198
NYI,2011,82,34,2.39,3.061,29.39,30.11,0.494,0.494,0.506,0.1852,0.8051
CAR,2011,82,33,2.585,2.89,30.45,32.35,0.4849,0.4849,0.5151,0.1667,0.8056
EDM,2011,82,32,2.524,2.829,26.66,30.71,0.4647,0.4647,0.5353,0.2061,0.8243
MTL,2011,82,31,2.524,2.61,28.54,29.66,0.4904,0.4904,0.5096,0.1429,0.8857
CBJ,2011,82,29,2.415,3.134,29.93,30.94,0.4917,0.4917,0.5083,0.1546,0.7664
CHI,2012,48,36,3.104,2.021,31.12,26.21,0.5429,0.5429,0.4571,0.1667,0.8723
PIT,2012,48,36,3.375,2.479,29.96,29.23,0.5062,0.5062,0.4938,0.2471,0.7964
ANA,2012,48,30,2.792,2.396,28.06,27.92,0.5013,0.5013,0.4987,0.2148,0.8148
STL,2012,48,29,2.583,2.375,27.83,24.19,0.535,0.535,0.465,0.1946,0.8467
MTL,2012,48,29,3.042,2.583,30.58,26.94,0.5317,0.5317,0.4683,0.2069,0.7977
BOS,2012,48,28,2.646,2.208,32.44,28.6,0.5314,0.5314,0.4686,0.1475,0.8712
WSH,2012,48,27,3.042,2.708,28.12,32.31,0.4654,0.4654,0.5346,0.2683,0.7791
LAK,2012,48,27,2.729,2.375,29.81,24.96,0.5443,0.5443,0.4557,0.1988,0.8323
VAN,2012,48,26,2.542,2.396,28.12,28.94,0.4929,0.4929,0.5071,0.1576,0.8402
MIN,2012,48,26,2.458,2.604,28.79,27.06,0.5155,0.5155,0.4845,0.1788,0.8074
NYR,2012,48,26,2.625,2.25,30.9,28.19,0.5229,0.5229,0.4771,0.1569,0.8108
TOR,2012,48,26,3.021,2.667,26.33,32.27,0.4493,0.4493,0.5507,0.1867,0.879
OTT,2012,48,25,2.333,2.083,33.15,31.29,0.5144,0.5144,0.4856,0.1592,0.8802
SJS,2012,48,25,2.417,2.333,31.79,28.96,0.5233,0.5233,0.4767,0.2012,0.8503
DET,2012,48,24,2.542,2.292,30.15,27.54,0.5226,0.5226,0.4774,0.1838,0.8171
WPG,2012,48,24,2.625,2.938,28.94,29.67,0.4938,0.4938,0.5062,0.1379,0.7971
CBJ,2012,48,24,2.396,2.396,26.73,29.92,0.4719,0.4719,0.5281,0.1419,0.8264
NYI,2012,48,24,2.812,2.833,30.94,28.17,0.5234,0.5234,0.4766,0.1987,0.8028
PHI,2012,48,23,2.75,2.896,29.04,28.56,0.5042,0.5042,0.4958,0.2164,0.8587
DAL,2012,48,22,2.667,2.938,26.27,31.02,0.4585,0.4585,0.5415,0.1696,0.8101
BUF,2012,48,21,2.458,2.896,27.9,33.46,0.4547,0.4547,0.5453,0.1411,0.7921
ARI,2012,48,21,2.521,2.604,30.88,30.56,0.5025,0.5025,0.4975,0.1479,0.7988
NJD,2012,48,19,2.292,2.542,28.38,23.12,0.551,0.551,0.449,0.1591,0.8107
CAR,2012,48,19,2.646,3.312,32.19,32.21,0.4998,0.4998,0.5002,0.1455,0.7764
EDM,2012,48,19,2.562,2.729,26.77,32.75,0.4498,0.4498,0.5502,0.2012,0.8343
CGY,2012,48,19,2.667,3.271,26.94,29.42,0.478,0.478,0.522,0.2,0.8146
TBL,2012,48,18,3.062,3.062,27.56,30.23,0.4769,0.4769,0.5231,0.1902,0.8065
COL,2012,48,16,2.375,3.125,29.48,31.42,0.4841,0.4841,0.5159,0.15,0.8033
NSH,2012,48,16,2.271,2.771,25.92,27.81,0.4824,0.4824,0.5176,0.1714,0.7554
FLA,2012,48,15,2.271,3.542,29.17,31.33,0.4821,0.4821,0.5179,0.2042,0.7417
ANA,2013,82,54,3.207,2.476,31.33,28.7,0.5219,0.5219,0.4781,0.16,0.8222
BOS,2013,82,54,3.146,2.085,31.87,29.09,0.5228,0.5228,0.4772,0.2174,0.8365
STL,2013,82,52,2.915,2.293,29.29,26.38,0.5262,0.5262,0.4738,0.1979,0.8567
COL,2013,82,52,2.988,2.634,29.51,32.66,0.4747,0.4747,0.5253,0.1984,0.8072
PIT,2013,82,51,2.951,2.488,29.93,28.77,0.5099,0.5099,0.4901,0.2338,0.8504
SJS,2013,82,51,2.915,2.354,34.77,27.82,0.5555,0.5555,0.4445,0.1718,0.8493
CHI,2013,82,46,3.183,2.585,33.11,27.18,0.5492,0.5492,0.4508,0.1946,0.8145
TBL,2013,82,46,2.829,2.549,29.83,29.23,0.5051,0.5051,0.4949,0.1852,0.8074
MTL,2013,82,46,2.549,2.451,28.41,30.99,0.4783,0.4783,0.5217,0.172,0.8512
LAK,2013,82,46,2.415,2.049,31.65,26.21,0.547,0.547,0.453,0.1514,0.8311
NYR,2013,82,45,2.61,2.317,33.16,29.41,0.5299,0.5299,0.4701,0.1818,0.8534
CBJ,2013,82,43,2.756,2.61,29.65,30.78,0.4906,0.4906,0.5094,0.1929,0.8214
MIN,2013,82,43,2.427,2.415,26.59,27.72,0.4896,0.4896,0.5104,0.1786,0.788
PHI,2013,82,42,2.841,2.768,30.37,30.59,0.4982,0.4982,0.5018,0.1973,0.8481
DAL,2013,82,40,2.817,2.72,31.67,30.39,0.5103,0.5103,0.4897,0.1586,0.8137
DET,2013,82,39,2.646,2.695,29.95,29.28,0.5057,0.5057,0.4943,0.1773,0.8305
WSH,2013,82,38,2.744,2.793,29.41,33.54,0.4673,0.4673,0.5327,0.2337,0.8204
NSH,2013,82,38,2.61,2.841,29.05,28.9,0.5013,0.5013,0.4987,0.1925,0.8025
TOR,2013,82,38,2.707,3.073,27.93,35.91,0.4374,0.4374,0.5626,0.1984,0.7836
OTT,2013,82,37,2.793,3.146,32.83,34.74,0.4858,0.4858,0.5142,0.1845,0.8094
WPG,2013,82,37,2.671,2.817,30.68,30.15,0.5044,0.5044,0.4956,0.1544,0.8316
ARI,2013,82,37,2.561,2.732,30.48,30.99,0.4958,0.4958,0.5042,0.1986,0.7904
VAN,2013,82,36,2.329,2.634,30.82,28.38,0.5206,0.5206,0.4794,0.1517,0.8321
CAR,2013,82,36,2.5,2.756,31.23,30.94,0.5024,0.5024,0.4976,0.1459,0.8174
NJD,2013,82,35,2.402,2.378,26.82,25.48,0.5128,0.5128,0.4872,0.195,0.8636
CGY,2013,82,35,2.463,2.902,26.82,28.6,0.4839,0.4839,0.5161,0.1566,0.817
NYI,2013,82,34,2.634,3.183,30.94,30.05,0.5073,0.5073,0.4927,0.1775,0.7811
EDM,2013,82,29,2.427,3.256,26.93,32.88,0.4502,0.4502,0.5498,0.1697,0.8214
FLA,2013,82,29,2.293,3.195,29.89,31.11,0.49,0.49,0.51,0.1004,0.7595
BUF,2013,82,21,1.829,2.963,26.29,34.34,0.4336,0.4336,0.5664,0.1406,0.8139
NYR,2014,82,53,3.024,2.28,31.49,29.49,0.5164,0.5164,0.4836,0.1681,0.8426
ANA,2014,82,51,2.78,2.695,29.98,28.87,0.5094,0.5094,0.4906,0.1574,0.8102
STL,2014,82,51,2.915,2.402,30.91,27.23,0.5317,0.5317,0.4683,0.2231,0.8366
TBL,2014,82,50,3.159,2.512,29.61,27.89,0.515,0.515,0.485,0.1879,0.8366
MTL,2014,82,50,2.61,2.244,28.46,30.12,0.4858,0.4858,0.5142,0.1646,0.8366
CHI,2014,82,48,2.683,2.268,33.87,30.21,0.5285,0.5285,0.4715,0.1762,0.8341
VAN,2014,82,48,2.878,2.683,29.91,29.83,0.5007,0.5007,0.4993,0.1933,0.8571
NSH,2014,82,47,2.756,2.463,31.88,28.26,0.5301,0.5301,0.4699,0.1622,0.8077
NYI,2014,82,47,2.988,2.732,33.79,28.3,0.5442,0.5442,0.4558,0.1873,0.7798
MIN,2014,82,46,2.768,2.415,30.76,27.62,0.5268,0.5268,0.4732,0.1585,0.8632
WSH,2014,82,45,2.89,2.427,29.5,28.88,0.5053,0.5053,0.4947,0.2532,0.812
CGY,2014,82,45,2.89,2.598,27.46,29.16,0.485,0.485,0.515,0.1882,0.8065
DET,2014,82,43,2.817,2.573,29.62,28.32,0.5113,0.5113,0.4887,0.2381,0.809
OTT,2014,82,43,2.829,2.537,30.96,32.13,0.4907,0.4907,0.5093,0.1679,0.8288
WPG,2014,82,43,2.72,2.488,29.74,28.66,0.5093,0.5093,0.4907,0.1784,0.8182
PIT,2014,82,43,2.646,2.488,31.63,29.28,0.5193,0.5193,0.4807,0.1929,0.8484
CBJ,2014,82,42,2.768,3.024,28.85,33.44,0.4632,0.4632,0.5368,0.2172,0.802
DAL,2014,82,41,3.134,3.134,31.2,29.93,0.5104,0.5104,0.4896,0.1897,0.8071
BOS,2014,82,41,2.549,2.451,31.05,29.87,0.5097,0.5097,0.4903,0.1784,0.8197
LAK,2014,82,40,2.659,2.402,30.93,27.0,0.5339,0.5339,0.4661,0.1903,0.8093
SJS,2014,82,40,2.732,2.756,31.6,29.71,0.5154,0.5154,0.4846,0.2165,0.7848
COL,2014,82,39,2.549,2.72,27.88,33.16,0.4567,0.4567,0.5433,0.1498,0.8465
FLA,2014,82,38,2.415,2.598,30.68,29.56,0.5093,0.5093,0.4907,0.1626,0.8
PHI,2014,82,33,2.585,2.72,29.43,30.26,0.4931,0.4931,0.5069,0.2344,0.7707
NJD,2014,82,32,2.146,2.549,24.49,30.71,0.4437,0.4437,0.5563,0.1934,0.806
CAR,2014,82,30,2.232,2.671,30.78,27.27,0.5303,0.5303,0.4697,0.1875,0.8474
TOR,2014,82,30,2.512,3.134,29.23,33.51,0.4659,0.4659,0.5341,0.159,0.8045
ARI,2014,82,24,2.012,3.256,29.18,33.2,0.4678,0.4678,0.5322,0.2,0.767
EDM,2014,82,24,2.354,3.366,28.43,30.05,0.4861,0.4861,0.5139,0.1767,0.7671
BUF,2014,82,23,1.866,3.28,24.2,35.61,0.4046,0.4046,0.5954,0.1339,0.751
WSH,2015,82,56,3.024,2.329,30.61,28.44,0.5184,0.5184,0.4816,0.2191,0.8516
DAL,2015,82,50,3.232,2.78,32.0,28.91,0.5253,0.5253,0.4747,0.2214,0.8226
STL,2015,82,49,2.671,2.402,30.17,29.74,0.5036,0.5036,0.4964,0.2152,0.8515
LAK,2015,82,48,2.72,2.341,32.01,27.49,0.538,0.538,0.462,0.2,0.814
PIT,2015,82,48,2.939,2.427,33.2,29.71,0.5277,0.5277,0.4723,0.1839,0.8444
CHI,2015,82,47,2.854,2.524,30.46,30.8,0.4972,0.4972,0.5028,0.2262,0.8026
FLA,2015,82,47,2.829,2.439,28.76,29.5,0.4936,0.4936,0.5064,0.1691,0.7948
ANA,2015,82,46,2.622,2.293,30.28,27.54,0.5237,0.5237,0.4763,0.2314,0.8724
TBL,2015,82,46,2.732,2.415,29.29,28.85,0.5038,0.5038,0.4962,0.1577,0.8405
NYR,2015,82,46,2.841,2.622,28.49,30.41,0.4836,0.4836,0.5164,0.1858,0.7819
SJS,2015,82,46,2.89,2.524,30.38,27.38,0.526,0.526,0.474,0.2255,0.8051
NYI,2015,82,45,2.768,2.573,29.41,30.43,0.4915,0.4915,0.5085,0.1834,0.8448
BOS,2015,82,42,2.878,2.78,31.95,30.37,0.5127,0.5127,0.4873,0.2051,0.8222
NSH,2015,82,41,2.732,2.598,30.57,27.34,0.5279,0.5279,0.4721,0.1969,0.8122
DET,2015,82,41,2.549,2.671,29.66,29.74,0.4993,0.4993,0.5007,0.188,0.8155
PHI,2015,82,41,2.573,2.561,30.98,30.72,0.5021,0.5021,0.4979,0.1893,0.8053
COL,2015,82,39,2.585,2.927,28.63,32.3,0.4699,0.4699,0.5301,0.1805,0.8023
NJD,2015,82,38,2.22,2.463,24.43,28.65,0.4602,0.4602,0.5398,0.1992,0.8295
OTT,2015,82,38,2.805,2.939,28.35,32.78,0.4638,0.4638,0.5362,0.1583,0.7579
MTL,2015,82,38,2.634,2.841,30.54,29.37,0.5098,0.5098,0.4902,0.1622,0.8189
MIN,2015,82,38,2.598,2.488,28.95,28.62,0.5029,0.5029,0.4971,0.1853,0.7794
ARI,2015,82,35,2.537,2.976,27.62,30.96,0.4715,0.4715,0.5285,0.1767,0.773
WPG,2015,82,35,2.585,2.878,29.6,29.55,0.5004,0.5004,0.4996,0.1479,0.7837
CGY,2015,82,35,2.793,3.134,29.24,28.99,0.5022,0.5022,0.4978,0.1704,0.7554
BUF,2015,82,35,2.427,2.622,29.49,30.62,0.4906,0.4906,0.5094,0.189,0.8257
CAR,2015,82,35,2.39,2.695,29.89,27.57,0.5202,0.5202,0.4798,0.1681,0.8431
CBJ,2015,82,34,2.598,3.024,29.11,31.1,0.4835,0.4835,0.5165,0.1734,0.81
VAN,2015,82,31,2.268,2.915,28.18,32.54,0.4641,0.4641,0.5359,0.1579,0.8112
EDM,2015,82,31,2.427,2.951,29.1,31.07,0.4836,0.4836,0.5164,0.1814,0.811
TOR,2015,82,29,2.341,2.927,30.67,30.52,0.5012,0.5012,0.4988,0.1544,0.8162
WSH,2016,82,55,3.183,2.159,30.43,27.83,0.5223,0.5223,0.4777,0.2308,0.8382
CBJ,2016,82,50,3.012,2.354,30.98,30.35,0.5051,0.5051,0.4949,0.1991,0.8251
CHI,2016,82,50,2.927,2.585,30.59,31.39,0.4935,0.4935,0.5065,0.1803,0.7773
PIT,2016,82,50,3.39,2.793,33.48,32.57,0.5068,0.5068,0.4932,0.2308,0.7977
MIN,2016,82,49,3.207,2.512,30.82,30.06,0.5062,0.5062,0.4938,0.2098,0.8295
NYR,2016,82,48,3.085,2.634,29.73,30.06,0.4972,0.4972,0.5028,0.2017,0.7982
MTL,2016,82,47,2.72,2.415,29.99,29.62,0.5031,0.5031,0.4969,0.1965,0.8112
EDM,2016,82,47,2.963,2.524,31.06,29.46,0.5132,0.5132,0.4868,0.2286,0.8072
ANA,2016,82,46,2.683,2.402,29.57,29.62,0.4996,0.4996,0.5004,0.1872,0.847
STL,2016,82,46,2.841,2.634,28.41,28.38,0.5003,0.5003,0.4997,0.2128,0.8479
SJS,2016,82,46,2.671,2.439,29.91,27.67,0.5195,0.5195,0.4805,0.1667,0.8066
CGY,2016,82,45,2.707,2.671,29.12,28.71,0.5036,0.5036,0.4964,0.2023,0.8159
OTT,2016,82,44,2.512,2.561,30.04,30.09,0.4996,0.4996,0.5004,0.17,0.7967
BOS,2016,82,44,2.829,2.549,33.18,26.76,0.5536,0.5536,0.4464,0.2172,0.8566
TBL,2016,82,42,2.805,2.732,29.9,30.39,0.496,0.496,0.504,0.2279,0.814
NSH,2016,82,41,2.902,2.683,31.18,30.15,0.5085,0.5085,0.4915,0.1892,0.8091
NYI,2016,82,41,2.915,2.902,30.24,31.9,0.4867,0.4867,0.5133,0.1496,0.8194
WPG,2016,82,40,3.0,3.11,29.85,31.05,0.4902,0.4902,0.5098,0.1818,0.7745
TOR,2016,82,40,3.049,2.854,31.91,32.6,0.4947,0.4947,0.5053,0.2377,0.8247
LAK,2016,82,39,2.427,2.451,31.13,25.85,0.5463,0.5463,0.4537,0.1909,0.8455
PHI,2016,82,39,2.585,2.817,31.52,28.46,0.5255,0.5255,0.4745,0.1949,0.7976
CAR,2016,82,36,2.585,2.805,30.4,28.29,0.518,0.518,0.482,0.1775,0.8416
FLA,2016,82,35,2.5,2.817,32.24,31.65,0.5047,0.5047,0.4953,0.1698,0.8531
DAL,2016,82,34,2.707,3.171,30.55,29.74,0.5067,0.5067,0.4933,0.179,0.739
DET,2016,82,33,2.415,2.976,28.48,30.57,0.4822,0.4822,0.5178,0.1508,0.8085
BUF,2016,82,33,2.427,2.817,30.38,34.3,0.4696,0.4696,0.5304,0.2446,0.7764
ARI,2016,82,30,2.329,3.146,27.82,34.11,0.4492,0.4492,0.5508,0.1617,0.7731
VAN,2016,82,30,2.171,2.939,27.72,31.77,0.466,0.466,0.534,0.141,0.7668
NJD,2016,82,28,2.195,2.939,27.79,31.37,0.4698,0.4698,0.5302,0.1753,0.7962
COL,2016,82,22,2.012,3.366,28.09,31.74,0.4694,0.4694,0.5306,0.1255,0.7664
TBL,2017,82,54,3.537,2.854,32.68,32.72,0.4997,0.4997,0.5003,0.2391,0.7612
NSH,2017,82,53,3.183,2.488,32.21,32.43,0.4983,0.4983,0.5017,0.2125,0.8194
WPG,2017,82,52,3.329,2.634,32.23,31.87,0.5029,0.5029,0.4971,0.2336,0.8175
VGK,2017,82,51,3.268,2.744,32.76,30.74,0.5158,0.5158,0.4842,0.2097,0.8143
BOS,2017,82,50,3.256,2.573,32.96,29.26,0.5298,0.5298,0.4702,0.2355,0.8367
WSH,2017,82,49,3.122,2.902,29.01,31.87,0.4766,0.4766,0.5234,0.2254,0.803
TOR,2017,82,49,3.293,2.805,32.2,33.85,0.4874,0.4874,0.5126,0.25,0.8139
PIT,2017,82,47,3.293,3.024,34.43,31.13,0.5251,0.5251,0.4749,0.2615,0.8
CBJ,2017,82,45,2.878,2.756,33.67,31.3,0.5182,0.5182,0.4818,0.1718,0.7617
LAK,2017,82,45,2.89,2.463,31.02,30.94,0.5007,0.5007,0.4993,0.2042,0.85
MIN,2017,82,45,3.049,2.793,30.2,31.33,0.4908,0.4908,0.5092,0.2042,0.8125
SJS,2017,82,45,3.012,2.756,32.95,30.34,0.5206,0.5206,0.4794,0.2062,0.8482
STL,2017,82,44,2.72,2.707,32.65,29.73,0.5234,0.5234,0.4766,0.1545,0.7965
ANA,2017,82,44,2.817,2.549,30.18,33.12,0.4768,0.4768,0.5232,0.1776,0.8321
NJD,2017,82,44,2.963,2.927,31.7,31.9,0.4984,0.4984,0.5016,0.2143,0.8178
FLA,2017,82,44,2.988,2.963,34.41,34.61,0.4986,0.4986,0.5014,0.1888,0.8018
COL,2017,82,43,3.11,2.878,29.66,33.3,0.471,0.471,0.529,0.2196,0.8327
DAL,2017,82,42,2.817,2.707,31.22,29.84,0.5113,0.5113,0.4887,0.1926,0.8078
PHI,2017,82,42,3.037,2.878,32.09,29.85,0.518,0.518,0.482,0.2069,0.7578
CGY,2017,82,37,2.634,2.963,33.65,31.15,0.5193,0.5193,0.4807,0.1599,0.8178
CAR,2017,82,36,2.744,3.085,33.9,28.87,0.5401,0.5401,0.4599,0.1841,0.7749
EDM,2017,82,36,2.793,3.195,33.41,32.12,0.5099,0.5099,0.4901,0.1476,0.7673
NYI,2017,82,35,3.183,3.573,31.37,35.59,0.4685,0.4685,0.5315,0.232,0.7319
NYR,2017,82,34,2.78,3.207,30.95,35.34,0.4669,0.4669,0.5331,0.2116,0.8138
CHI,2017,82,33,2.78,3.098,34.06,32.89,0.5087,0.5087,0.4913,0.1599,0.7915
VAN,2017,82,31,2.659,3.159,30.05,32.21,0.4827,0.4827,0.5173,0.2146,0.7826
DET,2017,82,30,2.585,3.098,30.37,31.87,0.4879,0.4879,0.5121,0.1752,0.7752
MTL,2017,82,29,2.524,3.146,32.77,32.32,0.5035,0.5035,0.4965,0.2122,0.7414
ARI,2017,82,29,2.512,3.061,29.88,32.22,0.4811,0.4811,0.5189,0.1687,0.8
OTT,2017,82,28,2.671,3.463,30.67,33.07,0.4812,0.4812,0.5188,0.166,0.7617
BUF,2017,82,25,2.415,3.39,31.18,32.7,0.4882,0.4882,0.5118,0.1907,0.7787
TBL,2018,82,62,3.89,2.695,31.95,32.11,0.4988,0.4988,0.5012,0.2824,0.8502
CGY,2018,82,50,3.524,2.72,32.39,28.07,0.5357,0.5357,0.4643,0.1927,0.7967
BOS,2018,82,49,3.134,2.585,32.68,29.46,0.5259,0.5259,0.4741,0.259,0.7992
WSH,2018,82,48,3.341,3.024,30.39,31.51,0.4909,0.4909,0.5091,0.2076,0.7893
NYI,2018,82,48,2.72,2.329,28.78,30.9,0.4822,0.4822,0.5178,0.1454,0.7991
WPG,2018,82,47,3.293,2.963,31.18,33.43,0.4826,0.4826,0.5174,0.248,0.792
NSH,2018,82,47,2.878,2.585,32.66,29.99,0.5213,0.5213,0.4787,0.1294,0.8207
CBJ,2018,82,47,3.122,2.817,31.61,29.49,0.5174,0.5174,0.4826,0.1538,0.85
CAR,2018,82,46,2.963,2.695,34.41,28.57,0.5464,0.5464,0.4536,0.1781,0.8159
SJS,2018,82,46,3.524,3.146,33.02,28.33,0.5383,0.5383,0.4617,0.2365,0.8077
TOR,2018,82,46,3.488,3.037,33.37,33.13,0.5017,0.5017,0.4983,0.218,0.799
STL,2018,82,45,2.976,2.683,31.76,28.6,0.5262,0.5262,0.4738,0.211,0.8147
MTL,2018,82,44,3.0,2.878,34.1,31.07,0.5232,0.5232,0.4768,0.1325,0.8091
PIT,2018,82,44,3.305,2.902,33.3,33.28,0.5002,0.5002,0.4998,0.2456,0.7973
VGK,2018,82,43,3.0,2.78,34.32,29.26,0.5398,0.5398,0.4602,0.1681,0.8087
DAL,2018,82,43,2.549,2.439,30.72,31.6,0.493,0.493,0.507,0.2103,0.8277
ARI,2018,82,39,2.549,2.683,30.74,30.82,0.4994,0.4994,0.5006,0.1628,0.8496
COL,2018,82,38,3.146,2.976,32.63,31.94,0.5054,0.5054,0.4946,0.2203,0.7868
MIN,2018,82,37,2.561,2.841,31.3,29.5,0.5148,0.5148,0.4852,0.2033,0.8167
PHI,2018,82,37,2.939,3.415,31.5,32.5,0.4922,0.4922,0.5078,0.1709,0.7848
CHI,2018,82,36,3.256,3.549,32.55,34.78,0.4834,0.4834,0.5166,0.2017,0.7273
FLA,2018,82,36,3.22,3.329,32.99,30.68,0.5181,0.5181,0.4819,0.2677,0.813
ANA,2018,82,35,2.39,3.024,27.7,33.23,0.4546,0.4546,0.5454,0.1698,0.797
EDM,2018,82,35,2.793,3.305,29.17,31.7,0.4793,0.4793,0.5207,0.2117,0.748
VAN,2018,82,35,2.671,3.024,29.67,31.67,0.4837,0.4837,0.5163,0.1713,0.811
BUF,2018,82,33,2.695,3.268,32.89,32.98,0.4994,0.4994,0.5006,0.1949,0.8093
DET,2018,82,32,2.732,3.317,29.2,33.67,0.4644,0.4644,0.5356,0.1806,0.7714
NYR,2018,82,32,2.695,3.256,29.18,33.83,0.4631,0.4631,0.5369,0.1938,0.782
LAK,2018,82,31,2.427,3.159,28.76,31.44,0.4777,0.4777,0.5223,0.1584,0.7652
NJD,2018,82,31,2.671,3.305,30.34,31.61,0.4898,0.4898,0.5102,0.1772,0.8431
OTT,2018,82,29,2.951,3.671,29.62,35.74,0.4532,0.4532,0.5468,0.2035,0.7917
BOS,2019,70,44,3.243,2.386,32.1,30.04,0.5166,0.5166,0.4834,0.2522,0.8426
TBL,2019,70,43,3.471,2.771,31.09,30.93,0.5013,0.5013,0.4987,0.2311,0.8139
STL,2019,71,42,3.141,2.676,30.69,29.58,0.5092,0.5092,0.4908,0.2426,0.7931
COL,2019,70,42,3.371,2.714,32.24,31.33,0.5072,0.5072,0.4928,0.1909,0.8143
WSH,2019,69,41,3.42,3.072,31.97,30.2,0.5142,0.5142,0.4858,0.1944,0.8257
PHI,2019,69,41,3.29,2.768,31.39,28.65,0.5228,0.5228,0.4772,0.208,0.8182
PIT,2019,69,40,3.203,2.841,31.94,29.72,0.518,0.518,0.482,0.1991,0.8211
VGK,2019,71,39,3.155,2.944,34.51,29.32,0.5406,0.5406,0.4594,0.2199,0.7664
CAR,2019,68,38,3.191,2.838,33.25,29.32,0.5314,0.5314,0.4686,0.2233,0.8395
NYR,2019,70,37,3.329,3.143,31.07,34.01,0.4774,0.4774,0.5226,0.2291,0.7739
DAL,2019,69,37,2.58,2.522,30.62,31.55,0.4925,0.4925,0.5075,0.2111,0.7972
EDM,2019,71,37,3.141,3.028,29.58,32.03,0.4801,0.4801,0.5199,0.295,0.8442
WPG,2019,71,37,3.0,2.831,31.3,32.61,0.4898,0.4898,0.5102,0.2049,0.7759
CGY,2019,70,36,2.914,3.057,31.6,32.44,0.4934,0.4934,0.5066,0.2124,0.8214
TOR,2019,70,36,3.386,3.171,32.89,31.9,0.5076,0.5076,0.4924,0.2308,0.7772
VAN,2019,69,36,3.246,3.101,31.2,33.29,0.4838,0.4838,0.5162,0.2415,0.8047
MIN,2019,69,35,3.159,3.145,30.1,30.65,0.4955,0.4955,0.5045,0.213,0.7718
NSH,2019,69,35,3.072,3.101,33.14,31.26,0.5146,0.5146,0.4854,0.1726,0.7606
NYI,2019,68,35,2.779,2.794,29.65,31.22,0.4871,0.4871,0.5129,0.1726,0.8068
FLA,2019,69,35,3.304,3.246,32.65,32.28,0.5029,0.5029,0.4971,0.2133,0.7849
CBJ,2019,70,33,2.571,2.614,32.46,29.89,0.5206,0.5206,0.4794,0.164,0.8166
ARI,2019,70,33,2.714,2.614,31.71,32.43,0.4944,0.4944,0.5056,0.1916,0.8274
CHI,2019,70,32,2.971,3.057,31.81,35.11,0.4753,0.4753,0.5247,0.1521,0.8213
MTL,2019,71,31,2.93,3.099,34.11,31.1,0.5231,0.5231,0.4769,0.1774,0.7867
BUF,2019,69,30,2.797,3.116,29.29,31.13,0.4848,0.4848,0.5152,0.1888,0.7459
SJS,2019,70,29,2.571,3.214,30.01,30.57,0.4954,0.4954,0.5046,0.1746,0.8571
ANA,2019,71,29,2.563,3.169,29.66,32.14,0.4799,0.4799,0.5201,0.1467,0.77
LAK,2019,70,29,2.529,2.986,33.21,29.7,0.5279,0.5279,0.4721,0.171,0.7737
NJD,2019,69,28,2.681,3.246,30.68,32.7,0.4841,0.4841,0.5159,0.1795,0.8235
OTT,2019,71,25,2.676,3.352,30.62,33.58,0.477,0.477,0.523,0.1422,0.7609
DET,2019,71,17,2.0,3.732,27.1,32.8,0.4524,0.4524,0.5476,0.1488,0.7434
VGK,2020,56,40,3.393,2.179,32.66,27.27,0.545,0.545,0.455,0.1782,0.8681
COL,2020,56,39,3.518,2.357,34.59,25.41,0.5765,0.5765,0.4235,0.2271,0.8305
FLA,2020,56,37,3.357,2.696,34.89,30.04,0.5374,0.5374,0.4626,0.2053,0.7976
PIT,2020,56,37,3.446,2.768,30.07,29.98,0.5007,0.5007,0.4993,0.2368,0.7742
WSH,2020,56,36,3.357,2.875,29.41,28.79,0.5054,0.5054,0.4946,0.2484,0.8395
CAR,2020,56,36,3.125,2.393,32.04,28.23,0.5316,0.5316,0.4684,0.2561,0.8523
TBL,2020,56,36,3.214,2.589,30.21,28.27,0.5166,0.5166,0.4834,0.2222,0.8415
MIN,2020,56,35,3.214,2.839,28.3,30.45,0.4818,0.4818,0.5182,0.1758,0.8075
EDM,2020,56,35,3.268,2.75,29.89,30.66,0.4937,0.4937,0.5063,0.2759,0.8247
TOR,2020,56,35,3.321,2.643,31.27,27.82,0.5292,0.5292,0.4708,0.2,0.7847
BOS,2020,56,33,2.929,2.393,33.32,27.07,0.5517,0.5517,0.4483,0.2188,0.8596
NYI,2020,56,32,2.714,2.232,28.98,28.39,0.5051,0.5051,0.4949,0.1875,0.837
NSH,2020,56,31,2.696,2.75,29.98,31.3,0.4892,0.4892,0.5108,0.1761,0.7558
WPG,2020,56,30,3.036,2.714,29.66,30.59,0.4923,0.4923,0.5077,0.2298,0.8054
STL,2020,56,27,2.982,2.982,28.96,29.82,0.4927,0.4927,0.5073,0.2323,0.7778
NYR,2020,56,27,3.143,2.768,28.7,29.71,0.4913,0.4913,0.5087,0.2067,0.8225
CGY,2020,56,26,2.768,2.857,30.16,28.16,0.5171,0.5171,0.4829,0.1829,0.8023
PHI,2020,56,25,2.857,3.518,30.21,29.21,0.5084,0.5084,0.4916,0.1916,0.7305
CHI,2020,56,24,2.839,3.286,29.2,33.71,0.4641,0.4641,0.5359,0.2171,0.7682
MTL,2020,56,24,2.821,2.946,31.18,28.2,0.5251,0.5251,0.4749,0.1921,0.7849
ARI,2020,56,24,2.679,3.107,27.46,30.46,0.4741,0.4741,0.5259,0.2079,0.8084
OTT,2020,56,23,2.768,3.375,29.7,32.12,0.4804,0.4804,0.5196,0.1552,0.7895
DAL,2020,56,23,2.786,2.643,30.34,27.11,0.5281,0.5281,0.4719,0.2357,0.7909
VAN,2020,56,23,2.643,3.339,29.09,33.39,0.4656,0.4656,0.5344,0.1742,0.7978
SJS,2020,56,21,2.607,3.5,30.04,31.98,0.4843,0.4843,0.5157,0.141,0.8043
LAK,2020,56,21,2.536,3.018,28.34,31.18,0.4761,0.4761,0.5239,0.1893,0.8365
DET,2020,56,19,2.232,3.0,27.29,31.89,0.4611,0.4611,0.5389,0.1141,0.7871
NJD,2020,56,19,2.589,3.375,28.79,31.02,0.4813,0.4813,0.5187,0.1419,0.7095
CBJ,2020,56,18,2.393,3.286,29.02,32.41,0.4724,0.4724,0.5276,0.1538,0.7895
ANA,2020,56,17,2.214,3.161,26.79,30.57,0.467,0.467,0.533,0.0894,0.7988
BUF,2020,56,15,2.393,3.5,28.43,33.73,0.4573,0.4573,0.5427,0.2098,0.777
FLA,2021,82,58,4.11,2.951,37.34,30.67,0.549,0.549,0.451,0.2443,0.7954
COL,2021,82,56,3.756,2.829,35.05,32.01,0.5226,0.5226,0.4774,0.2401,0.7966
TOR,2021,82,54,3.805,3.073,34.57,30.62,0.5303,0.5303,0.4697,0.2727,0.8205
CAR,2021,82,54,3.378,2.439,34.12,28.17,0.5478,0.5478,0.4522,0.2198,0.8804
MIN,2021,82,53,3.72,3.037,32.51,31.43,0.5085,0.5085,0.4915,0.2054,0.7614
NYR,2021,82,52,3.049,2.488,29.17,30.83,0.4862,0.4862,0.5138,0.2523,0.823
TBL,2021,82,51,3.476,2.78,30.91,29.77,0.5094,0.5094,0.4906,0.2394,0.8056
BOS,2021,82,51,3.085,2.659,36.12,28.71,0.5572,0.5572,0.4428,0.2119,0.813
CGY,2021,82,50,3.549,2.512,35.46,28.95,0.5505,0.5505,0.4495,0.2288,0.832
STL,2021,82,49,3.768,2.915,30.39,31.6,0.4903,0.4903,0.5097,0.2697,0.8409
EDM,2021,82,49,3.476,3.061,34.02,32.28,0.5132,0.5132,0.4868,0.2596,0.7937
PIT,2021,82,46,3.28,2.707,34.74,31.41,0.5252,0.5252,0.4748,0.2016,0.8443
DAL,2021,82,46,2.841,2.976,30.32,31.04,0.4941,0.4941,0.5059,0.2241,0.79
NSH,2021,82,45,3.195,3.049,29.74,32.27,0.4796,0.4796,0.5204,0.2442,0.7923
LAK,2021,82,44,2.866,2.829,34.94,28.55,0.5503,0.5503,0.4497,0.1613,0.7665
WSH,2021,82,44,3.293,2.951,31.43,29.0,0.5201,0.5201,0.4799,0.1875,0.8044
VGK,2021,82,43,3.195,2.976,34.51,29.98,0.5352,0.5352,0.4648,0.184,0.774
VAN,2021,82,40,3.0,2.817,31.98,31.85,0.501,0.501,0.499,0.2348,0.7489
WPG,2021,82,39,3.049,3.085,32.26,33.18,0.4929,0.4929,0.5071,0.2105,0.75
NYI,2021,82,37,2.793,2.817,28.87,32.55,0.47,0.47,0.53,0.2212,0.8419
CBJ,2021,82,37,3.146,3.622,30.04,35.21,0.4604,0.4604,0.5396,0.1864,0.7857
OTT,2021,82,33,2.732,3.22,30.04,33.41,0.4734,0.4734,0.5266,0.1934,0.8032
SJS,2021,82,32,2.573,3.183,29.27,31.98,0.4779,0.4779,0.5221,0.1898,0.852
DET,2021,82,32,2.768,3.78,29.44,33.67,0.4665,0.4665,0.5335,0.163,0.7378
BUF,2021,82,32,2.793,3.5,29.89,32.95,0.4756,0.4756,0.5244,0.2117,0.7642
ANA,2021,82,31,2.78,3.244,29.18,33.23,0.4676,0.4676,0.5324,0.2192,0.808
CHI,2021,82,28,2.598,3.524,28.8,32.96,0.4663,0.4663,0.5337,0.1918,0.7623
SEA,2021,82,27,2.598,3.463,29.02,28.87,0.5014,0.5014,0.4986,0.1455,0.7489
NJD,2021,82,27,2.988,3.683,31.24,30.98,0.5022,0.5022,0.4978,0.1556,0.8019
ARI,2021,82,25,2.512,3.768,25.87,35.49,0.4216,0.4216,0.5784,0.1386,0.75
PHI,2021,82,25,2.561,3.585,30.96,33.96,0.4769,0.4769,0.5231,0.1255,0.7574
MTL,2021,82,22,2.659,3.866,29.78,34.43,0.4638,0.4638,0.5362,0.1371,0.7555
BOS,2022,82,65,3.671,2.122,32.96,29.84,0.5249,0.5249,0.4751,0.2222,0.8728
NJD,2022,82,52,3.524,2.707,34.4,28.23,0.5493,0.5493,0.4507,0.2188,0.8261
CAR,2022,82,52,3.195,2.561,34.78,26.0,0.5722,0.5722,0.4278,0.1976,0.8438
VGK,2022,82,51,3.256,2.744,31.55,30.89,0.5053,0.5053,0.4947,0.2029,0.7744
COL,2022,82,51,3.341,2.72,33.26,30.96,0.5179,0.5179,0.4821,0.2452,0.7903
EDM,2022,82,50,3.963,3.122,33.59,31.37,0.5171,0.5171,0.4829,0.3236,0.7698
TOR,2022,82,50,3.39,2.683,32.05,29.51,0.5206,0.5206,0.4794,0.2602,0.8185
DAL,2022,82,47,3.427,2.622,31.91,29.9,0.5163,0.5163,0.4837,0.25,0.8347
LAK,2022,82,47,3.341,3.098,32.41,27.91,0.5373,0.5373,0.4627,0.2528,0.7584
NYR,2022,82,47,3.329,2.634,31.49,29.33,0.5177,0.5177,0.4823,0.2408,0.8117
MIN,2022,82,46,2.915,2.671,30.91,31.12,0.4983,0.4983,0.5017,0.2143,0.8203
WPG,2022,82,46,3.0,2.732,30.32,30.33,0.4999,0.4999,0.5001,0.1926,0.8243
SEA,2022,82,46,3.524,3.073,30.45,27.01,0.5299,0.5299,0.4701,0.1975,0.767
TBL,2022,82,46,3.415,3.073,31.96,31.49,0.5037,0.5037,0.4963,0.2536,0.7969
FLA,2022,82,42,3.512,3.317,36.82,31.74,0.537,0.537,0.463,0.2283,0.7595
BUF,2022,82,42,3.573,3.622,32.5,33.05,0.4958,0.4958,0.5042,0.2342,0.7301
NYI,2022,82,42,2.951,2.646,30.78,31.02,0.498,0.498,0.502,0.1577,0.8219
NSH,2022,82,42,2.72,2.878,29.5,33.28,0.4699,0.4699,0.5301,0.176,0.8255
PIT,2022,82,40,3.183,3.207,34.37,32.77,0.5119,0.5119,0.4881,0.2172,0.7909
OTT,2022,82,39,3.159,3.293,33.49,31.37,0.5164,0.5164,0.4836,0.2353,0.8007
VAN,2022,82,38,3.293,3.61,29.73,30.82,0.491,0.491,0.509,0.2271,0.716
CGY,2022,82,38,3.146,3.012,35.95,27.32,0.5682,0.5682,0.4318,0.1984,0.8259
STL,2022,82,37,3.171,3.634,28.55,32.34,0.4689,0.4689,0.5311,0.1933,0.7235
DET,2022,82,35,2.89,3.354,28.2,30.44,0.4809,0.4809,0.5191,0.2111,0.7831
WSH,2022,82,35,3.085,3.183,31.09,31.07,0.5001,0.5001,0.4999,0.2122,0.8186
PHI,2022,82,31,2.683,3.366,29.46,31.52,0.4831,0.4831,0.5169,0.1556,0.7468
MTL,2022,82,31,2.768,3.72,27.28,33.57,0.4483,0.4483,0.5517,0.161,0.7273
ARI,2022,82,28,2.744,3.598,25.84,35.05,0.4244,0.4244,0.5756,0.1891,0.7461
CHI,2022,82,26,2.463,3.646,26.95,33.63,0.4448,0.4448,0.5552,0.1638,0.7619
CBJ,2022,82,25,2.598,4.012,29.26,35.41,0.4524,0.4524,0.5476,0.183,0.7511
ANA,2022,82,23,2.512,4.085,28.37,39.11,0.4204,0.4204,0.5796,0.1572,0.7214
SJS,2022,82,22,2.841,3.841,29.45,32.2,0.4777,0.4777,0.5223,0.1839,0.8238
NYR,2023,82,55,3.39,2.756,31.49,29.49,0.5164,0.5164,0.4836,0.2642,0.8448
DAL,2023,82,52,3.585,2.829,31.56,28.66,0.5241,0.5241,0.4759,0.2417,0.8201
WPG,2023,82,52,3.159,2.415,30.34,29.62,0.506,0.506,0.494,0.1875,0.7713
FLA,2023,82,52,3.232,2.415,33.71,27.79,0.5481,0.5481,0.4519,0.2351,0.8247
CAR,2023,82,52,3.378,2.573,33.33,25.62,0.5654,0.5654,0.4346,0.2691,0.8643
VAN,2023,82,50,3.402,2.695,28.39,28.57,0.4984,0.4984,0.5016,0.2266,0.7913
COL,2023,82,50,3.683,3.073,32.99,29.8,0.5253,0.5253,0.4747,0.2446,0.7992
EDM,2023,82,49,3.561,2.878,33.76,28.13,0.5454,0.5454,0.4546,0.2634,0.7946
NSH,2023,82,47,3.244,3.024,32.22,30.57,0.5131,0.5131,0.4869,0.2156,0.7692
BOS,2023,82,47,3.207,2.695,29.26,30.54,0.4893,0.4893,0.5107,0.2222,0.8246
TOR,2023,82,46,3.634,3.183,32.57,29.83,0.522,0.522,0.478,0.2395,0.7689
VGK,2023,82,45,3.207,2.963,31.07,30.33,0.5061,0.5061,0.4939,0.2024,0.7934
TBL,2023,82,45,3.512,3.256,29.28,29.63,0.497,0.497,0.503,0.2863,0.8333
LAK,2023,82,44,3.098,2.561,31.9,28.0,0.5326,0.5326,0.4674,0.2258,0.8458
STL,2023,82,43,2.854,3.024,28.9,32.15,0.4734,0.4734,0.5266,0.18,0.7907
DET,2023,82,41,3.354,3.329,28.96,32.4,0.472,0.472,0.528,0.2308,0.7958
WSH,2023,82,40,2.634,3.073,26.49,30.52,0.4646,0.4646,0.5354,0.2061,0.7897
BUF,2023,82,39,2.976,2.963,30.9,29.29,0.5134,0.5134,0.4866,0.1659,0.7984
MIN,2023,82,39,3.024,3.171,30.13,29.72,0.5035,0.5035,0.4965,0.2271,0.7452
NYI,2023,82,39,2.988,3.146,30.12,32.76,0.4791,0.4791,0.5209,0.2035,0.7149
PIT,2023,82,38,3.085,3.024,32.74,30.23,0.5199,0.5199,0.4801,0.1527,0.8066
PHI,2023,82,38,2.817,3.146,33.02,27.13,0.549,0.549,0.451,0.122,0.834
CGY,2023,82,38,3.085,3.256,31.37,29.73,0.5134,0.5134,0.4866,0.1786,0.8082
NJD,2023,82,38,3.22,3.427,30.68,29.98,0.5058,0.5058,0.4942,0.2245,0.8066
OTT,2023,82,37,3.049,3.427,31.73,29.66,0.5169,0.5169,0.4831,0.1802,0.751
ARI,2023,82,36,3.098,3.341,27.72,31.68,0.4666,0.4666,0.5334,0.2199,0.7632
SEA,2023,82,34,2.61,2.829,28.62,29.16,0.4954,0.4954,0.5046,0.2066,0.7883
MTL,2023,82,30,2.829,3.427,27.67,33.39,0.4532,0.4532,0.5468,0.1746,0.7645
CBJ,2023,82,27,2.854,3.634,29.98,34.41,0.4655,0.4655,0.5345,0.1509,0.7627
ANA,2023,82,27,2.476,3.573,26.76,32.51,0.4514,0.4514,0.5486,0.1787,0.7242
CHI,2023,82,23,2.171,3.524,26.26,32.7,0.4454,0.4454,0.5546,0.166,0.7576
SJS,2023,82,19,2.195,3.976,25.23,35.13,0.418,0.418,0.582,0.2019,0.754
WPG,2024,82,56,3.354,2.317,28.22,27.18,0.5094,0.5094,0.4906,0.289,0.794
TOR,2024,82,52,3.256,2.793,28.01,29.33,0.4885,0.4885,0.5115,0.2477,0.7787
WSH,2024,82,51,3.488,2.793,27.62,27.18,0.504,0.504,0.496,0.2353,0.8201
VGK,2024,82,50,3.341,2.61,30.27,26.11,0.5369,0.5369,0.4631,0.2834,0.7574
DAL,2024,82,50,3.354,2.707,28.35,29.05,0.4939,0.4939,0.5061,0.22,0.8202
COL,2024,82,49,3.329,2.817,29.89,25.93,0.5355,0.5355,0.4645,0.2479,0.7981
LAK,2024,82,48,3.037,2.476,28.09,25.5,0.5241,0.5241,0.4759,0.1787,0.8143
EDM,2024,82,48,3.159,2.866,31.98,26.96,0.5425,0.5425,0.4575,0.2372,0.7816
TBL,2024,82,47,3.561,2.634,28.55,28.18,0.5032,0.5032,0.4968,0.2586,0.8155
CAR,2024,82,47,3.244,2.805,31.68,24.93,0.5597,0.5597,0.4403,0.187,0.8361
FLA,2024,82,47,3.0,2.72,31.57,26.2,0.5465,0.5465,0.4535,0.2353,0.8074
OTT,2024,82,45,2.951,2.829,29.3,28.61,0.506,0.506,0.494,0.2379,0.7773
MIN,2024,82,45,2.744,2.878,27.6,29.61,0.4824,0.4824,0.5176,0.2087,0.7241
STL,2024,82,44,3.049,2.817,26.66,27.27,0.4943,0.4943,0.5057,0.2205,0.7421
NJD,2024,82,42,2.927,2.683,28.1,26.35,0.516,0.516,0.484,0.2824,0.8267
CGY,2024,82,41,2.683,2.878,29.44,28.93,0.5044,0.5044,0.4956,0.2103,0.7611
MTL,2024,82,40,2.963,3.183,25.56,29.05,0.4681,0.4681,0.5319,0.2009,0.8093
CBJ,2024,82,40,3.256,3.256,29.05,29.91,0.4927,0.4927,0.5073,0.1946,0.7696
DET,2024,82,39,2.866,3.159,27.43,28.49,0.4905,0.4905,0.5095,0.27,0.7011
NYR,2024,82,39,3.11,3.11,28.59,29.89,0.4888,0.4888,0.5112,0.1762,0.8033
VAN,2024,82,38,2.841,3.061,25.54,26.8,0.4879,0.4879,0.5121,0.2252,0.8259
UTA,2024,82,38,2.927,3.012,28.55,27.71,0.5075,0.5075,0.4925,0.2415,0.7928
BUF,2024,82,36,3.232,3.5,27.78,28.88,0.4903,0.4903,0.5097,0.1878,0.7635
ANA,2024,82,35,2.646,3.183,27.68,32.29,0.4616,0.4616,0.5384,0.1176,0.7419
SEA,2024,82,35,2.988,3.195,27.35,28.56,0.4892,0.4892,0.5108,0.1894,0.772
NYI,2024,82,35,2.707,3.134,29.49,28.73,0.5065,0.5065,0.4935,0.1256,0.7222
PIT,2024,82,34,2.951,3.5,28.34,30.13,0.4847,0.4847,0.5153,0.2579,0.7778
BOS,2024,82,33,2.707,3.305,26.51,28.61,0.481,0.481,0.519,0.1522,0.7627
PHI,2024,82,33,2.829,3.451,26.96,26.95,0.5001,0.5001,0.4999,0.1495,0.7761
NSH,2024,82,30,2.585,3.341,29.3,28.56,0.5064,0.5064,0.4936,0.2193,0.8148
CHI,2024,82,25,2.732,3.561,24.45,31.11,0.4401,0.4401,0.5599,0.2487,0.793
SJS,2024,82,20,2.537,3.78,26.87,31.78,0.4581,0.4581,0.5419,0.1858,0.7422
COL,2025,57,38,3.807,2.456,34.21,26.89,0.5599,0.5599,0.4401,0.1514,0.8385
TBL,2025,57,38,3.561,2.544,28.28,26.61,0.5152,0.5152,0.4848,0.2222,0.8315
CAR,2025,58,37,3.414,2.828,31.93,24.43,0.5665,0.5665,0.4335,0.2191,0.8025
DAL,2025,58,35,3.328,2.724,25.67,26.74,0.4898,0.4898,0.5102,0.3,0.8034
MIN,2025,59,35,3.339,2.847,29.0,30.25,0.4894,0.4894,0.5106,0.2564,0.7763
DET,2025,59,34,2.949,2.932,28.22,27.69,0.5047,0.5047,0.4953,0.2337,0.7922
BOS,2025,58,33,3.397,3.121,27.12,30.21,0.4731,0.4731,0.5269,0.2647,0.7653
NYI,2025,59,33,2.864,2.712,27.42,27.88,0.4959,0.4959,0.5041,0.1609,0.8148
BUF,2025,58,33,3.345,3.052,27.66,30.05,0.4792,0.4792,0.5208,0.1977,0.8269
MTL,2025,58,32,3.448,3.224,26.22,27.31,0.4899,0.4899,0.5101,0.247,0.766
ANA,2025,57,31,3.246,3.509,30.09,28.81,0.5109,0.5109,0.4891,0.1792,0.7778
WSH,2025,60,30,3.183,2.883,29.15,28.23,0.508,0.508,0.492,0.1629,0.7917
FLA,2025,58,30,3.017,3.293,29.17,25.88,0.5299,0.5299,0.4701,0.1925,0.8235
UTA,2025,58,30,3.19,2.776,27.81,26.0,0.5168,0.5168,0.4832,0.1576,0.7889
PIT,2025,57,30,3.421,2.86,29.19,27.33,0.5164,0.5164,0.4836,0.26,0.8452
CBJ,2025,57,29,3.088,3.158,29.96,30.14,0.4985,0.4985,0.5015,0.1957,0.7716
EDM,2025,60,29,3.517,3.3,30.08,27.0,0.527,0.527,0.473,0.3232,0.7725
NJD,2025,59,28,2.458,3.068,29.31,27.92,0.5121,0.5121,0.4879,0.1987,0.7919
VGK,2025,58,28,3.379,3.052,28.78,24.79,0.5372,0.5372,0.4628,0.2575,0.8074
OTT,2025,58,28,3.259,3.207,28.48,24.41,0.5385,0.5385,0.4615,0.234,0.7278
SJS,2025,56,27,3.036,3.5,25.66,30.61,0.456,0.456,0.544,0.1969,0.7874
SEA,2025,58,27,2.81,2.931,25.22,29.33,0.4624,0.4624,0.5376,0.2202,0.7143
TOR,2025,59,27,3.22,3.424,27.47,31.8,0.4635,0.4635,0.5365,0.1957,0.8378
NSH,2025,58,27,2.931,3.448,28.55,29.31,0.4934,0.4934,0.5066,0.2222,0.8
PHI,2025,58,26,2.862,3.138,25.59,25.71,0.4988,0.4988,0.5012,0.1607,0.7955
CGY,2025,57,24,2.526,2.947,29.0,29.04,0.4997,0.4997,0.5003,0.1609,0.8253
WPG,2025,57,23,2.842,3.07,26.3,27.95,0.4848,0.4848,0.5152,0.1875,0.7917
LAK,2025,58,23,2.534,2.914,27.34,27.21,0.5013,0.5013,0.4987,0.1628,0.7566
CHI,2025,58,22,2.638,3.172,24.72,29.41,0.4567,0.4567,0.5433,0.1916,0.8523
NYR,2025,58,22,2.603,3.155,25.45,28.71,0.4699,0.4699,0.5301,0.2222,0.7989
STL,2025,58,21,2.603,3.466,25.19,27.6,0.4771,0.4771,0.5229,0.1783,0.7375
VAN,2025,58,18,2.534,3.638,26.83,29.9,0.4729,0.4729,0.5271,0.1808,0.711
