player_id,name,team,position,gamesPlayed,goals_pg,assists_pg,shots_pg,shooting_pct,toi_pg,pp_goals_pg,points_pg
8476453,Nikita Kucherov,TBL,R,54,0.5740740740740741,1.1851851851851851,3.037037037037037,0.18902,1227.574,0.1111111111111111,1.75925
8477492,Nathan MacKinnon,COL,C,58,0.7068965517241379,1.0,4.586206896551724,0.15413,1332.8965,0.13793103448275862,1.70689
8478402,Connor McDavid,EDM,C,61,0.5737704918032787,1.1147540983606556,3.737704918032787,0.1535,1381.0819,0.16393442622950818,1.68852
8477934,Leon Draisaitl,EDM,C,58,0.5344827586206896,0.9310344827586207,2.9310344827586206,0.18235,1315.931,0.25862068965517243,1.46551
8484801,Macklin Celebrini,SJS,C,58,0.5,0.9310344827586207,3.4827586206896552,0.14356,1271.5517,0.08620689655172414,1.43103
8475913,Mark Stone,VGK,R,43,0.4883720930232558,0.9069767441860465,2.1627906976744184,0.2258,1155.4186,0.16279069767441862,1.39534
8477956,David Pastrnak,BOS,R,54,0.4074074074074074,0.9259259259259259,3.462962962962963,0.11764,1228.5,0.16666666666666666,1.33333
8478403,Jack Eichel,VGK,C,52,0.40384615384615385,0.9038461538461539,3.6153846153846154,0.1117,1273.0769,0.0,1.30769
8478420,Mikko Rantanen,DAL,R,54,0.37037037037037035,0.9074074074074074,2.3333333333333335,0.15873,1212.2592,0.09259259259259259,1.27777
8477939,William Nylander,TOR,R,44,0.45454545454545453,0.8181818181818182,2.227272727272727,0.20408,1119.8181,0.09090909090909091,1.27272
8480039,Martin Necas,COL,C,56,0.4642857142857143,0.8035714285714286,2.4642857142857144,0.1884,1261.3928,0.10714285714285714,1.26785
8478864,Kirill Kaprizov,MIN,L,61,0.5573770491803278,0.6557377049180327,3.540983606557377,0.1574,1342.5737,0.2459016393442623,1.21311
8481557,Matt Boldy,MIN,L,57,0.6140350877192983,0.5964912280701754,3.3508771929824563,0.18324,1249.1403,0.15789473684210525,1.21052
8478460,Zach Werenski,CBJ,D,54,0.37037037037037035,0.8333333333333334,3.611111111111111,0.10256,1586.2777,0.05555555555555555,1.2037
8476460,Mark Scheifele,WPG,C,59,0.4576271186440678,0.7288135593220338,2.0338983050847457,0.225,1274.2372,0.11864406779661017,1.18644
8484144,Connor Bedard,CHI,C,47,0.5319148936170213,0.6382978723404256,3.297872340425532,0.16129,1255.3191,0.14893617021276595,1.17021
8480027,Jason Robertson,DAL,L,60,0.5666666666666667,0.6,3.566666666666667,0.15887,1197.1666,0.2,1.16666
8480018,Nick Suzuki,MTL,C,59,0.3220338983050847,0.8305084745762712,2.152542372881356,0.1496,1244.661,0.1694915254237288,1.15254
8478398,Kyle Connor,WPG,L,59,0.4576271186440678,0.6779661016949152,3.288135593220339,0.13917,1277.2033,0.05084745762711865,1.13559
8480803,Evan Bouchard,EDM,D,61,0.2786885245901639,0.8524590163934426,2.7540983606557377,0.10119,1475.3442,0.09836065573770492,1.13114
8477404,Jake Guentzel,TBL,C,58,0.4482758620689655,0.6379310344827587,2.6551724137931036,0.16883,1224.5689,0.10344827586206896,1.0862
8482078,Lucas Raymond,DET,L,59,0.3389830508474576,0.7457627118644068,2.1864406779661016,0.15503,1114.5254,0.0847457627118644,1.08474
8473419,Brad Marchand,FLA,L,49,0.5510204081632653,0.5306122448979592,2.7551020408163267,0.2,1081.8163,0.12244897959183673,1.08163
8480800,Quinn Hughes,"VAN,MIN",D,55,0.09090909090909091,0.9818181818181818,2.7454545454545456,0.03311,1667.0909,0.03636363636363636,1.07272
8478550,Artemi Panarin,"NYR,LAK",L,56,0.3392857142857143,0.7321428571428571,2.982142857142857,0.11377,1249.875,0.03571428571428571,1.07142
8471215,Evgeni Malkin,PIT,C,44,0.29545454545454547,0.7727272727272727,2.772727272727273,0.10655,1059.0,0.06818181818181818,1.06818
8482116,Tim Stützle,OTT,C,59,0.4745762711864407,0.5932203389830508,2.5084745762711864,0.18918,1226.8135,0.11864406779661017,1.06779
8471675,Sidney Crosby,PIT,C,56,0.48214285714285715,0.5714285714285714,2.357142857142857,0.20454,1175.2321,0.17857142857142858,1.05357
8479420,Tage Thompson,BUF,C,60,0.5333333333333333,0.5166666666666667,3.566666666666667,0.14953,1146.9666,0.08333333333333333,1.05
8482740,Wyatt Johnston,DAL,C,60,0.5333333333333333,0.5166666666666667,2.6666666666666665,0.2,1202.1166,0.3333333333333333,1.05
8484153,Leo Carlsson,ANA,C,47,0.425531914893617,0.6170212765957447,2.5106382978723403,0.16949,1168.5744,0.0851063829787234,1.04255
8478178,Darren Raddysh,TBL,D,52,0.3269230769230769,0.7115384615384616,2.673076923076923,0.1223,1356.923,0.17307692307692307,1.03846
8479542,Brandon Hagel,TBL,L,53,0.5283018867924528,0.5094339622641509,3.056603773584906,0.17283,1186.5471,0.05660377358490566,1.03773
8480069,Cale Makar,COL,D,59,0.288135593220339,0.7457627118644068,2.711864406779661,0.10625,1503.1694,0.03389830508474576,1.03389
8481540,Cole Caufield,MTL,R,59,0.5932203389830508,0.423728813559322,3.0508474576271185,0.19444,1093.6779,0.13559322033898305,1.01694
8483699,Angus Booth,LAK,D,1,1.0,0.0,1.0,1.0,738.0,0.0,1.0
8479291,Kevin Rooney,UTA,C,1,1.0,0.0,1.0,1.0,584.0,0.0,1.0
8479314,Matthew Tkachuk,FLA,L,13,0.38461538461538464,0.6153846153846154,3.076923076923077,0.125,1136.0,0.23076923076923078,1.0
8481559,Jack Hughes,NJD,C,39,0.3076923076923077,0.6923076923076923,3.4615384615384617,0.08888,1257.7692,0.05128205128205128,1.0
8480801,Brady Tkachuk,OTT,L,39,0.38461538461538464,0.6153846153846154,3.923076923076923,0.09803,1019.8461,0.10256410256410256,1.0
8483457,Lane Hutson,MTL,D,59,0.1694915254237288,0.8305084745762712,1.576271186440678,0.10752,1419.1016,0.01694915254237288,1.0
8478483,Mitch Marner,VGK,R,59,0.2711864406779661,0.7288135593220338,2.0,0.13559,1196.2372,0.06779661016949153,1.0
8479718,Alex Barré-Boulet,COL,C,1,0.0,1.0,0.0,0.0,226.0,0.0,1.0
8479337,Alex DeBrincat,DET,R,61,0.5081967213114754,0.47540983606557374,3.4754098360655736,0.14622,1083.3278,0.18032786885245902,0.9836
8478427,Sebastian Aho,CAR,C,60,0.36666666666666664,0.6166666666666667,2.316666666666667,0.15827,1184.05,0.1,0.98333
8478439,Travis Konecny,PHI,R,58,0.39655172413793105,0.5862068965517241,2.2413793103448274,0.17692,1142.9827,0.017241379310344827,0.98275
8478873,Troy Terry,ANA,R,46,0.2826086956521739,0.6956521739130435,2.3260869565217392,0.12149,1101.326,0.0,0.97826
8479343,Clayton Keller,UTA,R,60,0.3,0.6666666666666666,2.683333333333333,0.1118,1141.0166,0.016666666666666666,0.96666
8475158,Ryan O'Reilly,NSH,C,60,0.35,0.6166666666666667,1.9333333333333333,0.18103,1211.4666,0.05,0.96666
8476906,Shayne Gostisbehere,CAR,D,43,0.23255813953488372,0.7209302325581395,2.2093023255813953,0.10526,1190.5581,0.11627906976744186,0.95348
8475786,Zach Hyman,EDM,L,42,0.5714285714285714,0.38095238095238093,3.0,0.19047,1211.238,0.21428571428571427,0.95238
8477933,Sam Reinhart,FLA,C,60,0.4666666666666667,0.48333333333333334,2.6,0.17948,1281.8333,0.16666666666666666,0.95
8479987,Morgan Geekie,BOS,C,58,0.5689655172413793,0.3793103448275862,2.3275862068965516,0.24444,1052.0689,0.1896551724137931,0.94827
8480893,Kirill Marchenko,CBJ,R,53,0.41509433962264153,0.5283018867924528,2.981132075471698,0.13924,1124.5283,0.07547169811320754,0.94339
8476880,Tom Wilson,WSH,R,52,0.4423076923076923,0.5,2.1153846153846154,0.20909,1165.4615,0.1346153846153846,0.9423
8479318,Auston Matthews,TOR,C,55,0.4727272727272727,0.45454545454545453,3.7636363636363637,0.1256,1251.7818,0.07272727272727272,0.92727
8478445,Mathew Barzal,NYI,C,60,0.2833333333333333,0.6333333333333333,2.1666666666666665,0.13076,1240.7833,0.03333333333333333,0.91666
8477951,Nick Schmaltz,UTA,C,60,0.38333333333333336,0.5333333333333333,2.3666666666666667,0.16197,1183.0333,0.08333333333333333,0.91666
8484227,Will Smith,SJS,C,45,0.4,0.5111111111111111,2.488888888888889,0.16071,1087.7555,0.1111111111111111,0.91111
8480208,Drake Batherson,OTT,R,56,0.375,0.5357142857142857,2.142857142857143,0.175,1065.8571,0.125,0.91071
8480839,Rasmus Dahlin,BUF,D,56,0.21428571428571427,0.6964285714285714,2.642857142857143,0.08108,1473.0,0.07142857142857142,0.91071
8480064,Josh Norris,BUF,C,22,0.36363636363636365,0.5454545454545454,1.5,0.24242,954.5909,0.045454545454545456,0.90909
8476454,Ryan Nugent-Hopkins,EDM,C,52,0.2692307692307692,0.6346153846153846,1.75,0.15384,1152.2115,0.1346153846153846,0.90384
8476459,Mika Zibanejad,NYR,C,59,0.4067796610169492,0.4915254237288136,2.7796610169491527,0.14634,1260.644,0.2033898305084746,0.8983
8483445,Cutter Gauthier,ANA,L,58,0.4827586206896552,0.41379310344827586,3.8275862068965516,0.12612,1046.431,0.1206896551724138,0.89655
8477500,Bo Horvat,NYI,C,47,0.5319148936170213,0.3617021276595745,3.234042553191489,0.16447,1233.3404,0.1276595744680851,0.89361
8477955,Jared McCann,SEA,L,36,0.4444444444444444,0.4444444444444444,2.361111111111111,0.18823,1002.0833,0.16666666666666666,0.88888
8477946,Dylan Larkin,DET,C,61,0.45901639344262296,0.4262295081967213,3.0,0.153,1216.918,0.16393442622950818,0.88524
8482093,Seth Jarvis,CAR,C,52,0.5,0.38461538461538464,3.173076923076923,0.15757,1139.5961,0.07692307692307693,0.88461
8480014,Gabriel Vilardi,WPG,C,59,0.3898305084745763,0.4915254237288136,1.9491525423728813,0.2,1128.644,0.13559322033898305,0.88135
8478010,Brayden Point,TBL,C,40,0.35,0.525,2.225,0.1573,1094.35,0.1,0.875
8479325,Charlie McAvoy,BOS,D,47,0.10638297872340426,0.7659574468085106,1.4680851063829787,0.07246,1453.1276,0.02127659574468085,0.87234
8477949,Alex Tuch,BUF,R,59,0.4067796610169492,0.4576271186440678,2.4745762711864407,0.16438,1128.5932,0.1016949152542373,0.8644
8480036,Miro Heiskanen,DAL,D,58,0.1206896551724138,0.7413793103448276,2.0172413793103448,0.05982,1551.862,0.017241379310344827,0.86206
8474600,Roman Josi,NSH,D,48,0.22916666666666666,0.625,2.7708333333333335,0.0827,1470.9166,0.08333333333333333,0.85416
8475692,Mats Zuccarello,MIN,R,41,0.24390243902439024,0.6097560975609756,1.975609756097561,0.12345,1129.0243,0.07317073170731707,0.85365
8480830,Andrei Svechnikov,CAR,R,60,0.35,0.5,2.683333333333333,0.13043,1018.8833,0.11666666666666667,0.85
8476881,Tomas Hertl,VGK,C,60,0.38333333333333336,0.4666666666666667,2.533333333333333,0.15131,1049.7333,0.2,0.85
8476389,Vincent Trocheck,NYR,C,46,0.2608695652173913,0.5869565217391305,1.8043478260869565,0.14457,1252.326,0.021739130434782608,0.84782
8475754,Brock Nelson,COL,C,59,0.5084745762711864,0.3389830508474576,2.3220338983050848,0.21897,1163.0677,0.13559322033898305,0.84745
8478449,Roope Hintz,DAL,C,52,0.28846153846153844,0.5576923076923077,2.4038461538461537,0.12,1047.3076,0.11538461538461539,0.84615
8482699,Dylan Guenther,UTA,R,58,0.46551724137931033,0.3793103448275862,3.2241379310344827,0.14438,1030.431,0.10344827586206896,0.84482
8482720,Matthew Knies,TOR,L,58,0.25862068965517243,0.5862068965517241,1.9310344827586208,0.13392,1127.4655,0.06896551724137931,0.84482
8474590,John Carlson,WSH,D,55,0.18181818181818182,0.6545454545454545,2.090909090909091,0.08695,1371.7818,0.0,0.83636
8477960,Adrian Kempe,LAK,R,60,0.36666666666666664,0.4666666666666667,2.8,0.13095,1152.0166,0.05,0.83333
8481533,Trevor Zegras,PHI,C,60,0.35,0.48333333333333334,2.1166666666666667,0.16535,1127.05,0.13333333333333333,0.83333
8484762,Beckett Sennecke,ANA,R,59,0.3220338983050847,0.5084745762711864,2.2711864406779663,0.14179,1050.7627,0.01694915254237288,0.8305
8475810,Bryan Rust,PIT,R,52,0.38461538461538464,0.4423076923076923,2.519230769230769,0.15267,1201.7307,0.09615384615384616,0.82692
8477496,Elias Lindholm,BOS,C,46,0.2391304347826087,0.5869565217391305,1.5869565217391304,0.15068,1059.2391,0.13043478260869565,0.82608
8475166,John Tavares,TOR,C,61,0.36065573770491804,0.45901639344262296,2.4098360655737703,0.14965,1072.6065,0.11475409836065574,0.81967
8476887,Filip Forsberg,NSH,L,60,0.43333333333333335,0.38333333333333336,3.1166666666666667,0.13903,1128.3166,0.1,0.81666
8480023,Robert Thomas,STL,C,43,0.27906976744186046,0.5348837209302325,1.4651162790697674,0.19047,1135.0697,0.06976744186046512,0.81395
8482105,Jake Sanderson,OTT,D,59,0.1864406779661017,0.6271186440677966,2.0847457627118646,0.08943,1501.1016,0.05084745762711865,0.81355
8471214,Alex Ovechkin,WSH,L,62,0.3870967741935484,0.41935483870967744,2.838709677419355,0.13636,1065.0,0.06451612903225806,0.80645
8478440,Dylan Strome,WSH,C,60,0.26666666666666666,0.5333333333333333,1.9666666666666666,0.13559,1106.4333,0.08333333333333333,0.8
8479345,Jakob Chychrun,WSH,D,60,0.36666666666666664,0.43333333333333335,3.183333333333333,0.11518,1420.7166,0.1,0.8
8484984,Ivan Demidov,MTL,R,59,0.2033898305084746,0.5932203389830508,1.423728813559322,0.14285,923.0508,0.05084745762711865,0.79661
8477479,Tyler Bertuzzi,CHI,L,57,0.45614035087719296,0.3333333333333333,2.192982456140351,0.208,1105.0877,0.17543859649122806,0.78947
8481604,Pavel Dorofeyev,VGK,R,60,0.4666666666666667,0.31666666666666665,2.7333333333333334,0.17073,1051.3166,0.25,0.78333
8477935,Sam Bennett,FLA,C,60,0.36666666666666664,0.4166666666666667,2.6,0.14102,1113.6166,0.05,0.78333
8483431,Logan Cooley,UTA,C,32,0.46875,0.3125,2.0,0.23437,1059.5937,0.09375,0.78125
8481528,Dylan Cozens,OTT,C,59,0.3389830508474576,0.4406779661016949,2.3559322033898304,0.14388,1029.2033,0.1864406779661017,0.77966
8483515,Juraj Slafkovský,MTL,L,59,0.3559322033898305,0.423728813559322,2.0338983050847457,0.175,1081.1186,0.1694915254237288,0.77966
8474564,Steven Stamkos,NSH,C,60,0.5,0.26666666666666666,2.466666666666667,0.2027,1060.1666,0.15,0.76666
8478493,Joel Eriksson Ek,MIN,C,55,0.3090909090909091,0.45454545454545453,2.7818181818181817,0.11111,1155.5272,0.12727272727272726,0.76363
8475745,Charlie Coyle,CBJ,C,59,0.2542372881355932,0.5084745762711864,1.7457627118644068,0.14563,1062.8983,0.06779661016949153,0.76271
8477511,Anthony Mantha,PIT,R,59,0.3559322033898305,0.4067796610169492,1.8305084745762712,0.19444,893.6101,0.0847457627118644,0.76271
8482146,Luke Evangelista,NSH,R,59,0.13559322033898305,0.6271186440677966,2.1186440677966103,0.064,1006.7118,0.01694915254237288,0.76271
8477940,Nikolaj Ehlers,CAR,L,60,0.26666666666666666,0.48333333333333334,2.4833333333333334,0.10738,1001.9833,0.08333333333333333,0.75
8477504,Josh Morrissey,WPG,D,56,0.17857142857142858,0.5714285714285714,1.8571428571428572,0.09615,1477.1964,0.03571428571428571,0.75
8476468,J.T. Miller,NYR,C,51,0.27450980392156865,0.47058823529411764,2.156862745098039,0.12727,1238.9019,0.0784313725490196,0.74509
8482113,Anton Lundell,FLA,C,57,0.2807017543859649,0.45614035087719296,2.2280701754385963,0.12598,1150.1754,0.05263157894736842,0.73684
8481618,Alex Newhook,MTL,C,19,0.3157894736842105,0.42105263157894735,1.3157894736842106,0.24,871.421,0.05263157894736842,0.73684
8484994,Igor Chernyshov,SJS,L,15,0.2,0.5333333333333333,1.8,0.11111,947.2,0.06666666666666667,0.73333
8477409,Carter Verhaeghe,FLA,C,59,0.288135593220339,0.4406779661016949,2.389830508474576,0.12056,1052.8135,0.06779661016949153,0.72881
8485366,Matthew Schaefer,NYI,D,61,0.32786885245901637,0.39344262295081966,2.3934426229508197,0.13698,1447.459,0.11475409836065574,0.72131
8475151,Kyle Palmieri,NYI,C,25,0.24,0.48,2.84,0.0845,1132.6,0.04,0.72
8474141,Patrick Kane,DET,R,46,0.1956521739130435,0.5217391304347826,2.4782608695652173,0.07894,1023.2391,0.043478260869565216,0.71739
8480002,Nico Hischier,NJD,C,60,0.3333333333333333,0.38333333333333336,2.65,0.12578,1249.35,0.1,0.71666
8479407,Jesper Bratt,NJD,L,60,0.21666666666666667,0.5,2.183333333333333,0.09923,1134.8333,0.06666666666666667,0.71666
8477942,Kevin Fiala,LAK,L,56,0.32142857142857145,0.39285714285714285,2.625,0.12244,1147.2857,0.07142857142857142,0.71428
8477476,Artturi Lehkonen,COL,L,59,0.3220338983050847,0.3898305084745763,2.3389830508474576,0.13768,1123.2711,0.01694915254237288,0.71186
8481656,Aliaksei Protas,WSH,C,59,0.3389830508474576,0.3728813559322034,2.1864406779661016,0.15503,1103.5423,0.0,0.71186
8475798,Mikael Granlund,ANA,C,38,0.3157894736842105,0.39473684210526316,2.0526315789473686,0.15384,1135.921,0.10526315789473684,0.71052
8475722,Jason Zucker,BUF,L,41,0.36585365853658536,0.34146341463414637,2.048780487804878,0.17857,949.5121,0.17073170731707318,0.70731
8474586,Jordan Eberle,SEA,R,58,0.3793103448275862,0.3275862068965517,2.189655172413793,0.17322,1118.0344,0.06896551724137931,0.70689
8474578,Erik Karlsson,PIT,D,54,0.07407407407407407,0.6296296296296297,2.0925925925925926,0.03539,1417.0,0.037037037037037035,0.7037
8477964,Ivan Barbashev,VGK,L,60,0.2833333333333333,0.4166666666666667,1.5166666666666666,0.18681,970.8333,0.016666666666666666,0.7
8477501,Valeri Nichushkin,COL,R,50,0.24,0.46,2.28,0.10526,1080.98,0.02,0.7
8478519,Anthony Cirelli,TBL,C,50,0.3,0.4,1.82,0.16483,1043.4,0.06,0.7
8480802,Ryan McLeod,BUF,C,60,0.18333333333333332,0.5166666666666667,1.2333333333333334,0.14864,1065.7,0.0,0.7
8475172,Nazem Kadri,CGY,C,59,0.2033898305084746,0.4915254237288136,2.9152542372881354,0.06976,1165.5084,0.03389830508474576,0.69491
8484166,Adam Fantilli,CBJ,C,59,0.2711864406779661,0.423728813559322,2.6440677966101696,0.10256,1122.7966,0.05084745762711865,0.69491
8475168,Matt Duchene,DAL,C,35,0.34285714285714286,0.34285714285714286,1.6,0.21428,957.8285,0.11428571428571428,0.68571
8482667,William Eklund,SJS,L,54,0.2037037037037037,0.48148148148148145,2.537037037037037,0.08029,1155.3888,0.05555555555555555,0.68518
8479410,Mikhail Sergachev,UTA,D,60,0.15,0.5333333333333333,2.066666666666667,0.07258,1465.1333,0.06666666666666667,0.68333
8475149,Marcus Johansson,MIN,L,56,0.23214285714285715,0.44642857142857145,1.3928571428571428,0.16666,948.1607,0.05357142857142857,0.67857
8478401,Pavel Zacha,BOS,C,56,0.26785714285714285,0.4107142857142857,1.5892857142857142,0.16853,1029.0357,0.08928571428571429,0.67857
8481605,Jackson LaCombe,ANA,D,59,0.1016949152542373,0.576271186440678,2.0338983050847457,0.05,1472.9491,0.01694915254237288,0.67796
8480865,Noah Dobson,MTL,D,59,0.2033898305084746,0.4745762711864407,2.016949152542373,0.10084,1356.7796,0.03389830508474576,0.67796
8480012,Elias Pettersson,VAN,C,52,0.25,0.4230769230769231,1.75,0.14285,1160.8653,0.038461538461538464,0.67307
8476905,Chandler Stephenson,SEA,C,58,0.2413793103448276,0.43103448275862066,1.2758620689655173,0.18918,1175.0517,0.10344827586206896,0.67241
8481070,Hugh McGing,STL,L,3,0.3333333333333333,0.3333333333333333,1.3333333333333333,0.25,652.3333,0.0,0.66666
8482659,Josh Doan,BUF,R,60,0.3,0.36666666666666664,2.1333333333333333,0.14062,966.0833,0.11666666666666667,0.66666
8473512,Claude Giroux,OTT,R,59,0.1864406779661017,0.4745762711864407,1.6440677966101696,0.1134,1020.5084,0.01694915254237288,0.66101
8479385,Jordan Kyrou,STL,R,50,0.28,0.38,2.6,0.10769,974.54,0.04,0.66
8476483,Rickard Rakell,PIT,R,38,0.2894736842105263,0.3684210526315789,2.8421052631578947,0.10185,1133.0789,0.10526315789473684,0.65789
8481542,Moritz Seider,DET,D,61,0.11475409836065574,0.5409836065573771,2.0655737704918034,0.05555,1537.2786,0.01639344262295082,0.65573
8475726,Tyler Toffoli,SJS,C,58,0.27586206896551724,0.3793103448275862,2.3620689655172415,0.11678,942.3965,0.08620689655172414,0.65517
8477505,Alexander Wennberg,SJS,C,58,0.1896551724137931,0.46551724137931033,1.1724137931034482,0.16176,1247.2068,0.08620689655172414,0.65517
8479638,Justin Brazeau,PIT,R,45,0.35555555555555557,0.28888888888888886,1.8222222222222222,0.19512,776.6222,0.06666666666666667,0.64444
8478042,Viktor Arvidsson,BOS,L,47,0.3404255319148936,0.2978723404255319,2.74468085106383,0.12403,868.5106,0.0851063829787234,0.63829
8482097,Jack Quinn,BUF,R,60,0.2,0.43333333333333335,2.0833333333333335,0.096,942.45,0.03333333333333333,0.63333
8482175,JJ Peterka,UTA,R,60,0.3333333333333333,0.3,1.9333333333333333,0.17241,990.9,0.03333333333333333,0.63333
8482665,Matty Beniers,SEA,C,60,0.25,0.38333333333333336,1.8666666666666667,0.13392,1168.8666,0.1,0.63333
8477402,Pavel Buchnevich,STL,L,60,0.23333333333333334,0.4,1.8666666666666667,0.125,1097.4333,0.06666666666666667,0.63333
8478975,Mason Marchment,"SEA,CBJ",L,46,0.30434782608695654,0.32608695652173914,1.6956521739130435,0.17948,1041.1956,0.043478260869565216,0.63043
8475794,Tyler Seguin,DAL,C,27,0.25925925925925924,0.37037037037037035,1.1481481481481481,0.2258,999.7037,0.037037037037037035,0.62962
8484145,Zach Benson,BUF,L,43,0.16279069767441862,0.46511627906976744,1.744186046511628,0.09333,985.9302,0.023255813953488372,0.6279
8477989,Christian Dvorak,PHI,C,59,0.22033898305084745,0.4067796610169492,1.9322033898305084,0.11403,1092.4576,0.03389830508474576,0.62711
8482122,Brock Faber,MIN,D,61,0.21311475409836064,0.4098360655737705,2.1475409836065573,0.09923,1496.6393,0.0,0.62295
8475184,Chris Kreider,ANA,L,53,0.37735849056603776,0.24528301886792453,1.8867924528301887,0.2,1022.6037,0.1320754716981132,0.62264
8482159,Tyson Foerster,PHI,R,21,0.47619047619047616,0.14285714285714285,1.9523809523809523,0.2439,1046.619,0.14285714285714285,0.61904
8476927,Teddy Blueger,VAN,C,13,0.38461538461538464,0.23076923076923078,1.7692307692307692,0.21739,976.1538,0.0,0.61538
8473994,Jamie Benn,DAL,L,38,0.23684210526315788,0.3684210526315789,1.2894736842105263,0.18367,763.3947,0.0,0.60526
8480015,Owen Tippett,PHI,R,60,0.31666666666666665,0.2833333333333333,2.566666666666667,0.12337,990.5833,0.03333333333333333,0.6
8482809,Jackson Blake,CAR,R,60,0.2833333333333333,0.31666666666666665,2.033333333333333,0.13934,989.3166,0.05,0.6
8477953,Kasperi Kapanen,EDM,R,20,0.25,0.35,1.95,0.1282,846.6,0.0,0.6
8477495,Seth Jones,FLA,D,40,0.15,0.45,1.95,0.07692,1409.4,0.125,0.6
8476455,Gabriel Landeskog,COL,L,45,0.17777777777777778,0.4222222222222222,2.2,0.0808,975.4666,0.022222222222222223,0.6
8476432,Boone Jenner,CBJ,C,45,0.17777777777777778,0.4222222222222222,2.088888888888889,0.0851,989.4,0.022222222222222223,0.6
8478407,Vince Dunn,SEA,D,59,0.15254237288135594,0.4406779661016949,2.1016949152542375,0.07258,1329.305,0.03389830508474576,0.59322
8474150,Mikael Backlund,CGY,C,59,0.22033898305084745,0.3728813559322034,2.457627118644068,0.08965,1063.2372,0.01694915254237288,0.59322
8475765,Vladimir Tarasenko,MIN,R,54,0.2777777777777778,0.3148148148148148,1.962962962962963,0.1415,895.3333,0.07407407407407407,0.59259
8479999,Casey Mittelstadt,BOS,C,49,0.24489795918367346,0.3469387755102041,1.163265306122449,0.21052,904.4285,0.04081632653061224,0.59183
8481596,Shane Pinto,OTT,C,49,0.30612244897959184,0.2857142857142857,2.2244897959183674,0.13761,1127.7551,0.04081632653061224,0.59183
8480807,Mattias Samuelsson,BUF,D,58,0.1896551724137931,0.39655172413793105,1.4482758620689655,0.13095,1386.2586,0.0,0.5862
8478397,Rasmus Andersson,"CGY,VGK",D,59,0.1864406779661017,0.3898305084745763,2.3220338983050848,0.08029,1425.983,0.06779661016949153,0.57627
8482745,Mason McTavish,ANA,C,54,0.24074074074074073,0.3333333333333333,2.0555555555555554,0.11711,973.5185,0.07407407407407407,0.57407
8475171,Oliver Ekman-Larsson,TOR,D,61,0.13114754098360656,0.4426229508196721,1.459016393442623,0.08988,1247.295,0.0,0.57377
8470621,Corey Perry,LAK,R,49,0.22448979591836735,0.3469387755102041,1.6938775510204083,0.13253,856.8775,0.08163265306122448,0.57142
8485402,Michael Misa,SJS,C,21,0.19047619047619047,0.38095238095238093,1.3333333333333333,0.14285,727.7142,0.047619047619047616,0.57142
8482124,Quinton Byfield,LAK,R,58,0.22413793103448276,0.3448275862068966,2.1206896551724137,0.10569,1199.2241,0.06896551724137931,0.56896
8482077,Dylan Holloway,STL,L,37,0.2972972972972973,0.2702702702702703,2.4594594594594597,0.12087,1062.8378,0.02702702702702703,0.56756
8482109,Alexis Lafrenière,NYR,L,60,0.21666666666666667,0.35,1.85,0.11711,1026.7,0.05,0.56666
8477447,Shea Theodore,VGK,D,48,0.14583333333333334,0.4166666666666667,1.9791666666666667,0.07368,1413.1041,0.020833333333333332,0.5625
8478013,Jake Walman,EDM,D,32,0.25,0.3125,1.875,0.13333,1198.625,0.03125,0.5625
8484911,Collin Graf,SJS,R,57,0.2631578947368421,0.2982456140350877,1.280701754385965,0.20547,991.807,0.0,0.5614
8481601,Simon Holmstrom,NYI,R,59,0.23728813559322035,0.3220338983050847,1.1355932203389831,0.20895,991.6949,0.0,0.55932
8478438,Thomas Novak,PIT,C,59,0.2033898305084746,0.3559322033898305,1.576271186440678,0.12903,820.5423,0.06779661016949153,0.55932
8475314,Anders Lee,NYI,L,61,0.22950819672131148,0.32786885245901637,2.3934426229508197,0.09589,922.3934,0.04918032786885246,0.55737
8477429,Andrew Copp,DET,C,61,0.13114754098360656,0.4262295081967213,1.4262295081967213,0.09195,968.295,0.01639344262295082,0.55737
8477444,Andre Burakovsky,CHI,L,54,0.18518518518518517,0.37037037037037035,1.3148148148148149,0.14084,1022.4629,0.05555555555555555,0.55555
8476853,Morgan Rielly,TOR,D,58,0.13793103448275862,0.41379310344827586,2.0,0.06896,1291.6379,0.017241379310344827,0.55172
8477986,Brandon Montour,SEA,D,42,0.16666666666666666,0.38095238095238093,2.4285714285714284,0.06862,1338.2857,0.023809523809523808,0.54761
8484186,Ryan Leonard,WSH,R,55,0.18181818181818182,0.36363636363636365,1.9636363636363636,0.09259,871.4909,0.01818181818181818,0.54545
8478469,Thomas Chabot,OTT,D,44,0.13636363636363635,0.4090909090909091,1.7045454545454546,0.08,1310.4318,0.045454545454545456,0.54545
8483493,Frank Nazar,CHI,C,44,0.1590909090909091,0.38636363636363635,2.1136363636363638,0.07526,1104.8409,0.022727272727272728,0.54545
8478414,Timo Meier,NJD,R,55,0.2909090909090909,0.2545454545454545,3.5272727272727273,0.08247,1118.9272,0.10909090909090909,0.54545
8481716,Dmitri Voronkov,CBJ,L,59,0.288135593220339,0.2542372881355932,1.8305084745762712,0.1574,858.5593,0.11864406779661017,0.54237
8478458,Jack Roslovic,EDM,C,48,0.3333333333333333,0.20833333333333334,2.125,0.15686,964.3958,0.0625,0.54166
8481581,Thomas Harley,DAL,D,48,0.10416666666666667,0.4375,1.6458333333333333,0.06329,1386.375,0.020833333333333332,0.54166
8482684,Luke Hughes,NJD,D,50,0.1,0.44,2.12,0.04716,1380.06,0.02,0.54
8482079,Marco Rossi,"MIN,VAN",C,28,0.17857142857142858,0.35714285714285715,1.4642857142857142,0.12195,1082.9642,0.0,0.53571
8481554,Kaapo Kakko,SEA,R,43,0.18604651162790697,0.3488372093023256,1.3488372093023255,0.13793,853.6279,0.023255813953488372,0.53488
8481580,Connor McMichael,WSH,C,58,0.13793103448275862,0.39655172413793105,1.896551724137931,0.07272,1017.5689,0.017241379310344827,0.53448
8475791,Taylor Hall,CAR,L,60,0.23333333333333334,0.3,1.7166666666666666,0.13592,851.6333,0.05,0.53333
8482259,Bobby McMann,TOR,C,60,0.31666666666666665,0.21666666666666667,2.0833333333333335,0.152,919.3166,0.03333333333333333,0.53333
8479425,Filip Hronek,VAN,D,60,0.08333333333333333,0.45,1.4333333333333333,0.05813,1466.7666,0.05,0.53333
8471685,Anze Kopitar,LAK,C,45,0.13333333333333333,0.4,1.2222222222222223,0.10909,1107.1333,0.06666666666666667,0.53333
8475753,Justin Faulk,STL,D,60,0.18333333333333332,0.35,1.9166666666666667,0.09565,1349.6833,0.03333333333333333,0.53333
8482089,Jake Neighbours,STL,L,47,0.2978723404255319,0.23404255319148937,1.3191489361702127,0.2258,944.9574,0.02127659574468085,0.53191
8478856,Conor Garland,VAN,R,49,0.14285714285714285,0.3877551020408163,2.1020408163265305,0.06796,1141.6938,0.02040816326530612,0.53061
8482775,Oliver Kapanen,MTL,C,59,0.3050847457627119,0.22033898305084745,1.7457627118644068,0.17475,895.2542,0.01694915254237288,0.52542
8478474,Lawson Crouse,UTA,L,59,0.2711864406779661,0.2542372881355932,1.7118644067796611,0.15841,989.7796,0.0,0.52542
8480009,Eeli Tolvanen,SEA,R,59,0.1864406779661017,0.3389830508474576,1.7796610169491525,0.10476,974.5423,0.0847457627118644,0.52542
8484387,Matvei Michkov,PHI,R,59,0.2542372881355932,0.2711864406779661,2.0677966101694913,0.12295,881.7118,0.05084745762711865,0.52542
8477503,Max Domi,TOR,C,59,0.15254237288135594,0.3728813559322034,1.576271186440678,0.09677,902.6779,0.01694915254237288,0.52542
8483890,Braeden Bowman,VGK,R,44,0.18181818181818182,0.3409090909090909,1.3181818181818181,0.13793,836.4772,0.045454545454545456,0.52272
8483516,Jimmy Snuggerud,STL,R,48,0.20833333333333334,0.3125,2.1041666666666665,0.099,969.1458,0.08333333333333333,0.52083
8481711,Matias Maccelli,TOR,L,50,0.2,0.32,1.32,0.15151,878.06,0.04,0.52
8481523,Kirby Dach,MTL,C,25,0.32,0.2,1.36,0.23529,849.96,0.0,0.52
8476875,Mike Matheson,MTL,D,56,0.10714285714285714,0.4107142857142857,1.4642857142857142,0.07317,1486.2321,0.0,0.51785
8485414,Ben Kindel,PIT,C,56,0.26785714285714285,0.25,2.142857142857143,0.125,924.0892,0.07142857142857142,0.51785
8482679,Matt Coronato,CGY,R,58,0.2413793103448276,0.27586206896551724,2.5344827586206895,0.09523,997.6896,0.10344827586206896,0.51724
8478047,Michael Bunting,NSH,L,60,0.21666666666666667,0.3,1.8,0.12037,886.7,0.08333333333333333,0.51666
8481524,Bowen Byram,BUF,D,60,0.16666666666666666,0.35,1.2833333333333334,0.12987,1352.3,0.016666666666666666,0.51666
8480220,Noah Cates,PHI,L,60,0.2,0.31666666666666665,1.6,0.125,985.25,0.03333333333333333,0.51666
8480434,Sean Durzi,UTA,D,39,0.1282051282051282,0.38461538461538464,1.6153846153846154,0.07936,1215.0256,0.0,0.51282
8474102,David Perron,OTT,L,49,0.20408163265306123,0.30612244897959184,1.4081632653061225,0.14492,806.1632,0.061224489795918366,0.5102
8476419,Jean-Gabriel Pageau,NYI,C,53,0.2641509433962264,0.24528301886792453,1.0943396226415094,0.24137,928.3584,0.0,0.50943
8476882,Teuvo Teravainen,CHI,C,53,0.22641509433962265,0.2830188679245283,1.2452830188679245,0.18181,1088.849,0.09433962264150944,0.50943
8471724,Kris Letang,PIT,D,53,0.05660377358490566,0.4528301886792453,1.6415094339622642,0.03448,1320.3962,0.018867924528301886,0.50943
8475218,Mattias Ekholm,EDM,D,61,0.09836065573770492,0.4098360655737705,1.721311475409836,0.05714,1247.2622,0.0,0.50819
8476456,Jonathan Huberdeau,CGY,L,50,0.2,0.3,1.66,0.12048,1087.88,0.06,0.5
8482168,Maxim Groshev,TBL,D,2,0.0,0.5,0.5,0.0,690.0,0.0,0.5
8482730,Brandt Clarke,LAK,D,60,0.13333333333333333,0.36666666666666664,1.9833333333333334,0.06722,1171.3333,0.03333333333333333,0.5
8481560,Arthur Kaliyev,OTT,R,2,0.0,0.5,2.0,0.0,636.5,0.0,0.5
8482110,Dawson Mercer,NJD,C,60,0.21666666666666667,0.2833333333333333,1.8333333333333333,0.11818,1092.7666,0.05,0.5
8475287,Erik Haula,NSH,L,60,0.15,0.35,1.5333333333333334,0.09782,993.9,0.03333333333333333,0.5
8482785,Justin Robidas,CAR,C,2,0.0,0.5,1.0,0.0,641.0,0.0,0.5
8483448,Isaiah George,NYI,D,2,0.0,0.5,0.0,0.0,797.5,0.0,0.5
8476448,William Karlsson,VGK,C,14,0.2857142857142857,0.21428571428571427,2.142857142857143,0.13333,908.7857,0.07142857142857142,0.5
8476907,Mackenzie MacEachern,VAN,L,8,0.125,0.375,0.75,0.16666,611.0,0.0,0.5
8479550,Tanner Laczynski,VGK,C,10,0.0,0.5,1.2,0.0,646.2,0.0,0.5
8479400,Pierre-Luc Dubois,WSH,L,10,0.3,0.2,2.1,0.14285,994.3,0.1,0.5
8475768,Jaden Schwartz,SEA,L,40,0.225,0.275,1.825,0.12328,991.1,0.05,0.5
8483630,Pavol Regenda,SJS,L,18,0.4444444444444444,0.05555555555555555,1.9444444444444444,0.22857,810.1111,0.2222222222222222,0.5
8483489,Fraser Minten,BOS,C,59,0.23728813559322035,0.2542372881355932,1.3220338983050848,0.17948,893.8305,0.01694915254237288,0.49152
8478498,Jake DeBrusk,VAN,L,59,0.22033898305084745,0.2711864406779661,2.7288135593220337,0.08074,1030.7457,0.1864406779661017,0.49152
8478444,Brock Boeser,VAN,R,53,0.22641509433962265,0.2641509433962264,2.188679245283019,0.10344,1139.2452,0.03773584905660377,0.49056
8480074,Alexandre Texier,"STL,MTL",L,39,0.1794871794871795,0.3076923076923077,1.5128205128205128,0.11864,828.7948,0.0,0.48717
8480798,Philipp Kurashev,SJS,C,37,0.1891891891891892,0.2972972972972973,1.5135135135135136,0.125,952.6486,0.0,0.48648
8482157,Will Cuylle,NYR,L,60,0.21666666666666667,0.26666666666666666,1.9166666666666667,0.11304,1035.0333,0.06666666666666667,0.48333
8481522,Peyton Krebs,BUF,C,60,0.15,0.3333333333333333,1.0833333333333333,0.13846,819.2,0.0,0.48333
8477416,Oliver Bjorkstrand,TBL,R,58,0.1724137931034483,0.3103448275862069,1.706896551724138,0.10101,842.9482,0.13793103448275862,0.48275
8482177,Marat Khusnutdinov,BOS,C,54,0.2222222222222222,0.25925925925925924,1.0740740740740742,0.20689,854.9444,0.0,0.48148
8481553,Bobby Brink,PHI,R,54,0.24074074074074073,0.24074074074074073,1.6481481481481481,0.14606,925.2037,0.05555555555555555,0.48148
8474037,James van Riemsdyk,DET,L,52,0.2692307692307692,0.21153846153846154,1.6153846153846154,0.16666,738.8653,0.11538461538461539,0.48076
8483808,Andrei Kuzmenko,LAK,L,52,0.25,0.23076923076923078,1.3269230769230769,0.1884,894.9423,0.15384615384615385,0.48076
8480748,Kiefer Sherwood,"VAN,SJS",L,48,0.3541666666666667,0.125,2.5625,0.13821,1056.3125,0.125,0.47916
8475906,John Klingberg,SJS,D,44,0.22727272727272727,0.25,1.5909090909090908,0.14285,1268.25,0.11363636363636363,0.47727
8480028,Morgan Frost,CGY,C,59,0.2033898305084746,0.2711864406779661,1.6610169491525424,0.12244,918.0847,0.0847457627118644,0.47457
8480028,Morgan Frost,CGY,C,59,0.2033898305084746,0.2711864406779661,1.6610169491525424,0.12244,918.0847,0.0847457627118644,0.47457
8476461,Sean Couturier,PHI,C,59,0.1016949152542373,0.3728813559322034,1.576271186440678,0.06451,1031.8644,0.0,0.47457
8476461,Sean Couturier,PHI,C,59,0.1016949152542373,0.3728813559322034,1.576271186440678,0.06451,1031.8644,0.0,0.47457
8477451,Ryan Hartman,MIN,R,57,0.24561403508771928,0.22807017543859648,2.0350877192982457,0.12068,1000.4736,0.08771929824561403,0.47368
8477407,Anthony Duclair,NYI,L,55,0.21818181818181817,0.2545454545454545,1.2363636363636363,0.17647,804.6181,0.07272727272727272,0.47272
8478507,John Marino,UTA,D,60,0.06666666666666667,0.4,0.7666666666666667,0.08695,1223.6,0.0,0.46666
8482149,Cole Perfetti,WPG,C,45,0.15555555555555556,0.3111111111111111,2.066666666666667,0.07526,893.8222,0.044444444444444446,0.46666
8478507,John Marino,UTA,D,60,0.06666666666666667,0.4,0.7666666666666667,0.08695,1223.6,0.0,0.46666
8476885,Jacob Trouba,ANA,D,58,0.1724137931034483,0.29310344827586204,2.0517241379310347,0.08403,1362.0689,0.0,0.46551
8482092,Ridly Greig,OTT,C,54,0.16666666666666666,0.2962962962962963,1.7407407407407407,0.09574,997.6666,0.018518518518518517,0.46296
8480817,K'Andre Miller,CAR,D,52,0.07692307692307693,0.38461538461538464,1.6730769230769231,0.04597,1344.8269,0.019230769230769232,0.46153
8480185,Eetu Luostarinen,FLA,C,52,0.1346153846153846,0.3269230769230769,1.5576923076923077,0.08641,1004.7115,0.019230769230769232,0.46153
8477950,Tony DeAngelo,NYI,D,61,0.06557377049180328,0.39344262295081966,1.9180327868852458,0.03418,1134.3606,0.01639344262295082,0.45901
8478542,Evan Rodrigues,FLA,C,59,0.1864406779661017,0.2711864406779661,2.440677966101695,0.07638,1035.3389,0.01694915254237288,0.45762
8484258,Sam Malinski,COL,D,59,0.05084745762711865,0.4067796610169492,1.9322033898305084,0.02631,1013.8983,0.0,0.45762
8475169,Evander Kane,VAN,L,59,0.1864406779661017,0.2711864406779661,2.457627118644068,0.07586,1007.9152,0.03389830508474576,0.45762
8473533,Jordan Staal,CAR,C,57,0.2631578947368421,0.19298245614035087,1.368421052631579,0.1923,964.3157,0.05263157894736842,0.45614
8481582,Nicholas Robertson,TOR,L,57,0.21052631578947367,0.24561403508771928,1.5964912280701755,0.13186,747.1228,0.03508771929824561,0.45614
8483573,Ethen Frank,WSH,C,51,0.21568627450980393,0.23529411764705882,1.607843137254902,0.13414,767.2549,0.0392156862745098,0.45098
8482155,Alex Laferriere,LAK,R,60,0.23333333333333334,0.21666666666666667,2.3833333333333333,0.0979,1047.5666,0.0,0.45
8482702,Logan Stankoven,CAR,C,60,0.18333333333333332,0.26666666666666666,1.95,0.09401,915.05,0.0,0.45
8482088,Justin Sourdif,WSH,R,58,0.20689655172413793,0.2413793103448276,1.4310344827586208,0.14457,871.7413,0.034482758620689655,0.44827
8482705,Cole Sillinger,CBJ,C,58,0.10344827586206896,0.3448275862068966,1.7241379310344827,0.06,926.5862,0.0,0.44827
8479977,Kailer Yamamoto,UTA,R,38,0.23684210526315788,0.21052631578947367,0.8947368421052632,0.2647,702.0789,0.0,0.44736
8476399,Blake Coleman,CGY,L,47,0.2765957446808511,0.1702127659574468,2.382978723404255,0.11607,1015.6595,0.0,0.4468
8484230,Otto Stenberg,STL,C,18,0.05555555555555555,0.3888888888888889,0.9444444444444444,0.05882,840.0,0.0,0.44444
8478874,Adam Gaudette,SJS,R,45,0.28888888888888886,0.15555555555555556,1.488888888888889,0.19402,707.4,0.06666666666666667,0.44444
8476854,Hampus Lindholm,BOS,D,45,0.08888888888888889,0.35555555555555557,1.6666666666666667,0.05333,1322.7111,0.022222222222222223,0.44444
8484797,Konsta Helenius,BUF,C,9,0.1111111111111111,0.3333333333333333,1.6666666666666667,0.06666,714.5555,0.0,0.44444
8481077,John Leonard,DET,L,9,0.2222222222222222,0.2222222222222222,1.0,0.22222,721.2222,0.0,0.44444
8481617,Vasily Podkolzin,EDM,R,61,0.21311475409836064,0.22950819672131148,1.5737704918032787,0.13541,916.7868,0.0,0.44262
8483485,Denton Mateychuk,CBJ,D,52,0.17307692307692307,0.2692307692307692,1.2115384615384615,0.14285,1193.3846,0.019230769230769232,0.4423
8480068,Ryan Poehling,ANA,C,52,0.11538461538461539,0.3269230769230769,1.1346153846153846,0.10169,871.5192,0.0,0.4423
8480459,Pius Suter,STL,C,43,0.18604651162790697,0.2558139534883721,1.5348837209302326,0.12121,994.9069,0.023255813953488372,0.44186
8476312,Josh Manson,COL,D,59,0.0847457627118644,0.3559322033898305,1.5593220338983051,0.05434,1085.661,0.0,0.44067
8474151,Ryan McDonagh,TBL,D,25,0.16,0.28,0.92,0.17391,1166.8,0.0,0.44
8476539,Jonathan Marchessault,NSH,R,41,0.2682926829268293,0.17073170731707318,2.317073170731707,0.11578,989.1463,0.0975609756097561,0.43902
8482142,Jamie Drysdale,PHI,D,57,0.10526315789473684,0.3333333333333333,1.263157894736842,0.08333,1291.5087,0.017543859649122806,0.43859
8483565,Nick Blankenburg,NSH,D,48,0.125,0.3125,1.1875,0.10526,1077.9375,0.0625,0.4375
8482765,Isak Rosen,BUF,R,16,0.1875,0.25,1.0,0.1875,753.625,0.0,0.4375
8483495,Simon Nemec,NJD,D,46,0.17391304347826086,0.2608695652173913,1.5217391304347827,0.11428,1180.7608,0.0,0.43478
8477015,Connor Brown,NJD,R,53,0.18867924528301888,0.24528301886792453,1.3773584905660377,0.13698,1013.5849,0.018867924528301886,0.43396
8477948,Travis Sanheim,PHI,D,60,0.1,0.3333333333333333,1.1333333333333333,0.08823,1446.1666,0.016666666666666666,0.43333
8479351,Sam Steel,DAL,C,60,0.13333333333333333,0.3,1.15,0.11594,973.1666,0.016666666666666666,0.43333
8481013,Jonatan Berggren,"DET,STL",R,37,0.1891891891891892,0.24324324324324326,1.1891891891891893,0.15909,813.2702,0.08108108108108109,0.43243
8482511,Mason Lohrei,BOS,D,54,0.1111111111111111,0.3148148148148148,1.0185185185185186,0.10909,999.0185,0.037037037037037035,0.42592
8480797,Joel Farabee,CGY,L,59,0.22033898305084745,0.2033898305084746,1.7627118644067796,0.125,1017.6101,0.01694915254237288,0.42372
8478109,Victor Olofsson,COL,L,59,0.1864406779661017,0.23728813559322035,1.8644067796610169,0.1,801.5254,0.03389830508474576,0.42372
8482634,Alex Steeves,BOS,C,38,0.23684210526315788,0.18421052631578946,1.2894736842105263,0.18367,724.1842,0.02631578947368421,0.42105
8481024,Linus Karlsson,VAN,C,57,0.19298245614035087,0.22807017543859648,1.5263157894736843,0.12643,694.3859,0.03508771929824561,0.42105
8476462,Dougie Hamilton,NJD,D,55,0.14545454545454545,0.2727272727272727,2.8363636363636364,0.05128,1298.709,0.07272727272727272,0.41818
8481624,Ilya Mikheyev,CHI,R,55,0.2,0.21818181818181817,1.5636363636363637,0.1279,1055.6181,0.0,0.41818
8483468,Jiri Kulich,BUF,C,12,0.25,0.16666666666666666,1.6666666666666667,0.15,981.8333,0.0,0.41666
8483500,Noah Ostlund,BUF,C,48,0.20833333333333334,0.20833333333333334,1.0,0.20833,817.0625,0.041666666666666664,0.41666
8475170,Brayden Schenn,STL,C,60,0.2,0.21666666666666667,1.4,0.14285,1002.9666,0.05,0.41666
8477987,Ryan Donato,CHI,C,60,0.21666666666666667,0.2,1.4833333333333334,0.14606,889.1666,0.016666666666666666,0.41666
8481546,Cam York,PHI,D,53,0.07547169811320754,0.33962264150943394,1.3584905660377358,0.05555,1363.566,0.018867924528301886,0.41509
8482737,Zachary Bolduc,MTL,R,58,0.1724137931034483,0.2413793103448276,1.3448275862068966,0.1282,810.3965,0.05172413793103448,0.41379
8480426,Charle-Edouard D'Astous,TBL,D,46,0.06521739130434782,0.34782608695652173,1.1304347826086956,0.05769,1145.3478,0.0,0.41304
8481030,Jack St. Ivany,PIT,D,17,0.0,0.4117647058823529,0.9411764705882353,0.0,938.9411,0.0,0.41176
8481721,Arseny Gritsyuk,NJD,R,56,0.16071428571428573,0.25,2.1964285714285716,0.07317,906.9107,0.03571428571428571,0.41071
8478396,Noah Hanifin,VGK,D,49,0.04081632653061224,0.3673469387755102,2.0408163265306123,0.02,1397.2448,0.0,0.40816
8483525,Danila Yurov,MIN,R,54,0.14814814814814814,0.25925925925925924,1.1111111111111112,0.13333,796.6296,0.0,0.4074
8484210,Gabe Perreault,NYR,R,27,0.18518518518518517,0.2222222222222222,1.4074074074074074,0.13157,909.7777,0.037037037037037035,0.4074
8483676,Stephen Halliday,OTT,C,27,0.14814814814814814,0.25925925925925924,1.0740740740740742,0.13793,493.8518,0.0,0.4074
8480980,Connor Dewar,PIT,C,59,0.22033898305084745,0.1864406779661017,1.5084745762711864,0.14606,821.1694,0.0,0.40677
8478854,Ryan Shea,PIT,D,59,0.06779661016949153,0.3389830508474576,1.0169491525423728,0.06666,1140.3389,0.0,0.40677
8477506,Ryan Pulock,NYI,D,59,0.05084745762711865,0.3559322033898305,1.2203389830508475,0.04166,1263.0338,0.0,0.40677
8475784,Jeff Skinner,SJS,L,32,0.1875,0.21875,1.75,0.10714,740.5312,0.0625,0.40625
8482074,Connor Zary,CGY,C,57,0.17543859649122806,0.22807017543859648,1.5789473684210527,0.11111,876.5614,0.03508771929824561,0.4035
8480887,Jordan Harris,BOS,D,5,0.2,0.2,1.8,0.11111,937.8,0.0,0.4
8482475,Egor Chinakhov,"CBJ,PIT",R,50,0.26,0.14,1.68,0.15476,706.2,0.0,0.4
8480887,Jordan Harris,BOS,D,5,0.2,0.2,1.8,0.11111,937.8,0.0,0.4
8484783,Artyom Levshunov,CHI,D,55,0.03636363636363636,0.36363636363636365,1.2545454545454546,0.02898,1148.2545,0.01818181818181818,0.4
8482145,Mavrik Bourque,DAL,C,60,0.18333333333333332,0.21666666666666667,1.75,0.10476,877.4666,0.016666666666666666,0.4
8484509,Josh Samanski,EDM,C,5,0.0,0.4,0.2,0.0,561.4,0.0,0.4
8485702,Max Shabanov,NYI,R,40,0.1,0.3,1.275,0.07843,837.45,0.0,0.4
8480849,Barrett Hayton,UTA,C,55,0.14545454545454545,0.2545454545454545,1.8545454545454545,0.07843,919.509,0.07272727272727272,0.4
8475200,Dmitry Orlov,SJS,D,58,0.017241379310344827,0.3793103448275862,1.0,0.01724,1284.1551,0.0,0.39655
8477932,Aaron Ekblad,FLA,D,58,0.05172413793103448,0.3448275862068966,1.3620689655172413,0.03797,1350.4137,0.017241379310344827,0.39655
8476923,Damon Severson,CBJ,D,58,0.06896551724137931,0.3275862068965517,1.2758620689655173,0.05405,1252.362,0.017241379310344827,0.39655
8479996,Cody Glass,NJD,C,48,0.2708333333333333,0.125,1.6875,0.16049,816.2708,0.020833333333333332,0.39583
8483512,Matt Savoie,EDM,C,61,0.16393442622950818,0.22950819672131148,1.4098360655737705,0.11627,835.295,0.04918032786885246,0.39344
8479525,Ross Colton,COL,C,56,0.125,0.26785714285714285,2.357142857142857,0.05303,772.5178,0.0,0.39285
8479671,Mathieu Olivier,CBJ,R,46,0.1956521739130435,0.1956521739130435,1.3695652173913044,0.14285,874.0217,0.0,0.3913
8480188,Fabian Zetterlund,OTT,L,59,0.2033898305084746,0.1864406779661017,1.6440677966101696,0.12371,812.0508,0.06779661016949153,0.38983
8480448,Parker Kelly,COL,C,59,0.22033898305084745,0.1694915254237288,1.305084745762712,0.16883,756.644,0.0,0.38983
8484241,Matthew Wood,NSH,R,49,0.20408163265306123,0.1836734693877551,1.4489795918367347,0.14084,709.0,0.061224489795918366,0.38775
8481481,Blake Lizotte,PIT,C,49,0.14285714285714285,0.24489795918367346,0.8979591836734694,0.15909,826.6734,0.0,0.38775
8479353,Brett Howden,VGK,C,39,0.23076923076923078,0.15384615384615385,1.1794871794871795,0.19565,892.6923,0.0,0.38461
8479353,Brett Howden,VGK,C,39,0.23076923076923078,0.15384615384615385,1.1794871794871795,0.19565,892.6923,0.0,0.38461
8483524,Shane Wright,SEA,C,60,0.18333333333333332,0.2,1.4833333333333334,0.12359,838.7,0.03333333333333333,0.38333
8476902,Esa Lindell,DAL,D,60,0.08333333333333333,0.3,1.0166666666666666,0.08196,1421.3333,0.0,0.38333
8478882,Vladislav Gavrikov,NYR,D,60,0.16666666666666666,0.21666666666666667,1.5,0.11111,1444.2,0.03333333333333333,0.38333
8477919,Freddy Gaudreau,SEA,C,47,0.0851063829787234,0.2978723404255319,0.9148936170212766,0.09302,969.8936,0.02127659574468085,0.38297
8481068,Yegor Sharangovich,CGY,C,55,0.21818181818181817,0.16363636363636364,1.9454545454545455,0.11214,971.9818,0.07272727272727272,0.38181
8479661,Tanner Jeannot,BOS,L,55,0.10909090909090909,0.2727272727272727,1.1272727272727272,0.09677,792.6181,0.0,0.38181
8480873,Rasmus Sandin,WSH,D,55,0.05454545454545454,0.32727272727272727,1.2363636363636363,0.04411,1135.8181,0.0,0.38181
8478104,Samuel Blais,"TOR,MTL",L,21,0.14285714285714285,0.23809523809523808,0.8571428571428571,0.16666,505.5238,0.0,0.38095
8481606,Jordan Spence,OTT,D,50,0.08,0.3,1.36,0.05882,1035.0,0.0,0.38
8476826,Yanni Gourde,TBL,C,58,0.1206896551724138,0.25862068965517243,1.4310344827586208,0.08433,991.931,0.0,0.37931
8484158,Easton Cowan,TOR,R,45,0.15555555555555556,0.2222222222222222,1.4666666666666666,0.10606,804.6444,0.0,0.37777
8476469,Joel Armia,LAK,R,53,0.18867924528301888,0.18867924528301888,1.2452830188679245,0.15151,859.9056,0.018867924528301886,0.37735
8477494,Jonathan Drouin,NYI,L,53,0.05660377358490566,0.32075471698113206,1.320754716981132,0.04285,1035.415,0.0,0.37735
8476981,Josh Anderson,MTL,R,53,0.22641509433962265,0.1509433962264151,1.1886792452830188,0.19047,862.8867,0.0,0.37735
8482476,Emil Heineman,NYI,L,61,0.2459016393442623,0.13114754098360656,2.1311475409836067,0.11538,1005.8852,0.03278688524590164,0.37704
8484860,Matvei Gridin,CGY,R,16,0.1875,0.1875,2.0,0.09375,859.125,0.0625,0.375
8481569,Marshall Warren,NYI,D,8,0.0,0.375,0.875,0.0,688.625,0.0,0.375
8482100,Alexander Nikishin,CAR,D,59,0.11864406779661017,0.2542372881355932,1.576271186440678,0.07526,1090.7457,0.03389830508474576,0.37288
8478020,Michael Amadio,OTT,R,59,0.13559322033898305,0.23728813559322035,1.2033898305084745,0.11267,950.5084,0.0,0.37288
8480113,Alex Iafallo,WPG,L,59,0.1694915254237288,0.2033898305084746,1.271186440677966,0.13333,907.2203,0.03389830508474576,0.37288
8482201,Gage Goncalves,TBL,C,54,0.12962962962962962,0.24074074074074073,0.9259259259259259,0.14,731.4074,0.0,0.37037
8484798,Zeev Buium,"MIN,VAN",D,54,0.09259259259259259,0.2777777777777778,0.9444444444444444,0.09803,1154.2592,0.05555555555555555,0.37037
8479591,Michael Eyssimont,BOS,C,46,0.17391304347826086,0.1956521739130435,2.0,0.08695,657.1304,0.021739130434782608,0.36956
8479619,Michael Carcone,UTA,L,57,0.19298245614035087,0.17543859649122806,1.912280701754386,0.10091,748.1228,0.017543859649122806,0.36842
8482055,Drew O'Connor,VAN,L,60,0.23333333333333334,0.13333333333333333,1.45,0.16091,840.5166,0.0,0.36666
8478421,A.J. Greer,FLA,L,60,0.18333333333333332,0.18333333333333332,1.2833333333333334,0.14285,699.9666,0.0,0.36666
8480855,Jack McBain,UTA,C,60,0.1,0.26666666666666666,1.3833333333333333,0.07228,842.7833,0.0,0.36666
8484221,Calum Ritchie,NYI,C,44,0.1590909090909091,0.20454545454545456,1.1590909090909092,0.13725,745.659,0.022727272727272728,0.36363
8482713,Mackie Samoskevich,FLA,R,58,0.10344827586206896,0.25862068965517243,2.189655172413793,0.04724,854.1551,0.05172413793103448,0.36206
8484471,Emmitt Finnie,DET,C,61,0.16393442622950818,0.19672131147540983,1.5245901639344261,0.10752,919.7213,0.06557377049180328,0.36065
8480289,Morgan Barron,WPG,C,50,0.16,0.2,1.54,0.10389,759.26,0.0,0.36
8476463,Jonas Brodin,MIN,D,42,0.07142857142857142,0.2857142857142857,1.0238095238095237,0.06976,1279.9761,0.0,0.35714
8482655,J.J. Moser,TBL,D,56,0.08928571428571429,0.26785714285714285,1.4642857142857142,0.06097,1317.125,0.0,0.35714
8478500,Ivan Provorov,CBJ,D,59,0.1016949152542373,0.2542372881355932,1.9491525423728813,0.05217,1513.0508,0.0,0.35593
8483450,Ryan Greene,CHI,C,59,0.11864406779661017,0.23728813559322035,1.3220338983050848,0.08974,987.0169,0.01694915254237288,0.35593
8477346,MacKenzie Weegar,CGY,D,59,0.05084745762711865,0.3050847457627119,2.1186440677966103,0.024,1390.0508,0.0,0.35593
8478463,Anthony Beauvillier,WSH,L,62,0.1935483870967742,0.16129032258064516,2.096774193548387,0.0923,943.7741,0.0,0.35483
8484197,Oliver Moore,CHI,C,48,0.10416666666666667,0.25,1.1458333333333333,0.0909,784.9375,0.041666666666666664,0.35416
8480995,Pontus Holmberg,TBL,R,51,0.17647058823529413,0.17647058823529413,1.3333333333333333,0.13235,822.4117,0.0,0.35294
8477426,Nick Paul,TBL,L,34,0.17647058823529413,0.17647058823529413,1.411764705882353,0.125,851.3529,0.029411764705882353,0.35294
8482762,Simon Edvinsson,DET,D,51,0.13725490196078433,0.21568627450980393,1.1764705882352942,0.11666,1355.2745,0.0,0.35294
8476921,Jordan Martinook,CAR,L,57,0.12280701754385964,0.22807017543859648,1.3157894736842106,0.09333,887.6842,0.0,0.35087
8477425,Miles Wood,CBJ,L,40,0.2,0.15,1.4,0.14285,755.6,0.0,0.35
8478055,Gustav Forsling,FLA,D,60,0.03333333333333333,0.31666666666666665,1.2833333333333334,0.02597,1365.7166,0.0,0.35
8483752,Dominic James,TBL,C,43,0.16279069767441862,0.18604651162790697,1.302325581395349,0.125,734.2093,0.0,0.34883
8475799,Nino Niederreiter,WPG,R,55,0.14545454545454545,0.2,1.3818181818181818,0.10526,834.3818,0.01818181818181818,0.34545
8478462,Nicolas Roy,TOR,C,58,0.08620689655172414,0.25862068965517243,0.9310344827586207,0.09259,882.0172,0.017241379310344827,0.34482
8479378,Logan Stanley,WPG,D,58,0.15517241379310345,0.1896551724137931,1.2241379310344827,0.12676,1022.1379,0.0,0.34482
8483570,Ben Meyers,SEA,C,35,0.17142857142857143,0.17142857142857143,1.3142857142857143,0.13043,709.9714,0.0,0.34285
8479675,Trevor Moore,LAK,L,47,0.14893617021276595,0.19148936170212766,1.851063829787234,0.08045,954.5106,0.0,0.34042
8480762,Eric Robinson,CAR,L,47,0.23404255319148937,0.10638297872340426,1.3617021276595744,0.17187,694.0851,0.0,0.34042
8476392,Adam Lowry,WPG,C,47,0.0851063829787234,0.2553191489361702,1.0425531914893618,0.08163,868.2978,0.0,0.34042
8473986,Alex Killorn,ANA,L,59,0.13559322033898305,0.2033898305084746,1.8644067796610169,0.07272,975.2203,0.05084745762711865,0.33898
8483505,Matthew Poitras,BOS,C,3,0.3333333333333333,0.0,2.6666666666666665,0.125,727.0,0.0,0.33333
8484185,Nick Lardis,CHI,L,21,0.23809523809523808,0.09523809523809523,1.5238095238095237,0.15625,759.1428,0.09523809523809523,0.33333
8485405,Brady Martin,NSH,C,3,0.0,0.3333333333333333,0.6666666666666666,0.0,685.0,0.0,0.33333
8480825,Patrick Giles,SJS,R,3,0.0,0.3333333333333333,0.6666666666666666,0.0,532.0,0.0,0.33333
8478062,Dysin Mayo,CBJ,D,3,0.0,0.3333333333333333,1.6666666666666667,0.0,504.0,0.0,0.33333
8479387,Keaton Middleton,COL,D,3,0.0,0.3333333333333333,0.0,0.0,645.3333,0.0,0.33333
8482153,Brendan Brisson,NYR,C,3,0.0,0.3333333333333333,0.6666666666666666,0.0,635.3333,0.0,0.33333
8484168,Oscar Fisker Molgaard,SEA,C,3,0.0,0.3333333333333333,0.3333333333333333,0.0,374.0,0.0,0.33333
8478569,Noel Acciari,PIT,C,45,0.13333333333333333,0.2,1.2,0.11111,797.2666,0.0,0.33333
8484177,Lenni Hameenaho,NJD,R,12,0.16666666666666666,0.16666666666666666,1.4166666666666667,0.11764,780.3333,0.0,0.33333
8484240,Tom Willander,VAN,D,48,0.08333333333333333,0.25,0.8958333333333334,0.09302,933.3541,0.0,0.33333
8477456,J.T. Compher,DET,L,61,0.13114754098360656,0.19672131147540983,1.1967213114754098,0.10958,904.8524,0.0,0.32786
8477498,Darnell Nurse,EDM,D,61,0.11475409836065574,0.21311475409836064,2.098360655737705,0.05468,1251.5409,0.0,0.32786
8480796,Martin Fehervary,WSH,D,61,0.06557377049180328,0.26229508196721313,0.9836065573770492,0.06666,1146.6721,0.0,0.32786
8482245,Artem Zub,OTT,D,58,0.06896551724137931,0.25862068965517243,1.1379310344827587,0.0606,1212.9137,0.0,0.32758
8482803,Olen Zellweger,ANA,D,58,0.1206896551724138,0.20689655172413793,1.6724137931034482,0.07216,1051.7068,0.017241379310344827,0.32758
8478038,Devon Toews,COL,D,46,0.043478260869565216,0.2826086956521739,1.6956521739130435,0.02564,1343.8043,0.0,0.32608
8479336,Carl Grundstrom,PHI,R,31,0.25806451612903225,0.06451612903225806,1.2903225806451613,0.2,716.5483,0.0,0.32258
8479336,Carl Grundstrom,PHI,R,31,0.25806451612903225,0.06451612903225806,1.2903225806451613,0.2,716.5483,0.0,0.32258
8476931,Jake McCabe,TOR,D,59,0.05084745762711865,0.2711864406779661,0.9491525423728814,0.05357,1339.2711,0.0,0.32203
8480835,Jack Drury,COL,C,59,0.13559322033898305,0.1864406779661017,1.1694915254237288,0.11594,891.661,0.0,0.32203
8481598,Philip Broberg,STL,D,59,0.05084745762711865,0.2711864406779661,1.2881355932203389,0.03947,1382.3728,0.0,0.32203
8473604,Jonathan Toews,WPG,C,59,0.11864406779661017,0.2033898305084746,1.3559322033898304,0.0875,898.0847,0.05084745762711865,0.32203
8484829,Justin Hryckowian,DAL,C,59,0.13559322033898305,0.1864406779661017,0.9322033898305084,0.14545,742.2203,0.01694915254237288,0.32203
8475848,Brendan Gallagher,MTL,R,59,0.1016949152542373,0.22033898305084745,1.6271186440677967,0.0625,768.6779,0.03389830508474576,0.32203
8478450,Parker Wotherspoon,PIT,D,59,0.05084745762711865,0.2711864406779661,0.8983050847457628,0.0566,1222.3728,0.0,0.32203
8475191,Reilly Smith,VGK,R,56,0.17857142857142858,0.14285714285714285,1.2321428571428572,0.14492,832.25,0.017857142857142856,0.32142
8482125,Alexander Holtz,VGK,R,28,0.10714285714285714,0.21428571428571427,1.0714285714285714,0.1,688.8571,0.0,0.32142
8482660,Kent Johnson,CBJ,C,56,0.10714285714285714,0.21428571428571427,1.5714285714285714,0.06818,816.875,0.017857142857142856,0.32142
8476897,Oskar Sundqvist,STL,C,44,0.09090909090909091,0.22727272727272727,0.7727272727272727,0.11764,791.659,0.0,0.31818
8483490,Pavel Mintyukov,ANA,D,54,0.12962962962962962,0.18518518518518517,0.9814814814814815,0.13207,1088.9814,0.0,0.31481
8478133,Jake Evans,MTL,C,45,0.17777777777777778,0.13333333333333333,1.1111111111111112,0.16,910.8888,0.0,0.31111
8481754,Nikita Nesterenko,ANA,C,29,0.034482758620689655,0.27586206896551724,1.0689655172413792,0.03225,735.4137,0.0,0.31034
8480842,Filip Hallander,PIT,C,13,0.07692307692307693,0.23076923076923078,1.6923076923076923,0.04545,788.5384,0.0,0.30769
8477149,Scott Sabourin,TBL,R,13,0.07692307692307693,0.23076923076923078,0.5384615384615384,0.14285,462.2307,0.0,0.30769
8473422,Nick Foligno,CHI,L,36,0.08333333333333333,0.2222222222222222,0.8055555555555556,0.10344,769.5277,0.0,0.30555
8482671,Owen Power,BUF,D,59,0.06779661016949153,0.23728813559322035,1.5932203389830508,0.04255,1300.5254,0.0,0.30508
8478851,Alexandre Carrier,MTL,D,59,0.1016949152542373,0.2033898305084746,0.847457627118644,0.12,1167.4237,0.0,0.30508
8476889,Radek Faksa,DAL,C,56,0.03571428571428571,0.26785714285714285,0.5892857142857143,0.0606,701.375,0.0,0.30357
8479981,Jonah Gadjovich,FLA,L,10,0.0,0.3,0.8,0.0,476.6,0.0,0.3
8484164,Dalibor Dvorsky,STL,R,50,0.18,0.12,1.34,0.13432,873.44,0.1,0.3
8481600,Tobias Bjornfot,FLA,D,10,0.2,0.1,0.8,0.25,679.7,0.0,0.3
8475764,Cam Fowler,STL,D,60,0.016666666666666666,0.2833333333333333,1.2666666666666666,0.01315,1275.9,0.0,0.3
8476457,Adam Larsson,SEA,D,60,0.08333333333333333,0.21666666666666667,1.0666666666666667,0.07812,1301.85,0.0,0.3
8477220,Nate Schmidt,UTA,D,60,0.06666666666666667,0.23333333333333334,1.0333333333333334,0.06451,1199.5,0.0,0.3
8475343,Nic Dowd,WSH,C,54,0.07407407407407407,0.2222222222222222,0.8888888888888888,0.08333,933.8518,0.0,0.29629
8484223,Axel Sandin-Pellikka,DET,D,61,0.09836065573770492,0.19672131147540983,0.9672131147540983,0.10169,986.8852,0.01639344262295082,0.29508
8483771,Sandis Vilmanis,FLA,L,17,0.17647058823529413,0.11764705882352941,0.7647058823529411,0.23076,611.4117,0.0,0.29411
8481719,Max Crozier,TBL,D,34,0.029411764705882353,0.2647058823529412,1.2941176470588236,0.02272,959.8235,0.0,0.29411
8477507,Nikita Zadorov,BOS,D,58,0.017241379310344827,0.27586206896551724,1.1551724137931034,0.01492,1288.9827,0.0,0.2931
8476873,Mark Jankowski,CAR,L,48,0.10416666666666667,0.1875,0.8541666666666666,0.12195,661.0,0.0,0.29166
8482858,Ryker Evans,SEA,D,45,0.13333333333333333,0.15555555555555556,0.7333333333333333,0.18181,1039.6222,0.0,0.28888
8476374,Sean Kuraly,BOS,C,59,0.0847457627118644,0.2033898305084746,1.3898305084745763,0.06097,825.661,0.0,0.28813
8480355,Mark Kastelic,BOS,C,59,0.15254237288135594,0.13559322033898305,1.2542372881355932,0.12162,790.5762,0.0,0.28813
8476331,Dylan DeMelo,WPG,D,59,0.05084745762711865,0.23728813559322035,0.9322033898305084,0.05454,1297.6779,0.0,0.28813
8481732,Andre Lee,LAK,L,7,0.14285714285714285,0.14285714285714285,0.7142857142857143,0.2,617.0,0.0,0.28571
8482470,Ilya Solovyov,"COL,PIT",D,21,0.047619047619047616,0.23809523809523808,0.7619047619047619,0.0625,726.2857,0.0,0.28571
8482166,Shakir Mukhamadullin,SJS,D,28,0.14285714285714285,0.14285714285714285,0.8571428571428571,0.16666,979.9642,0.0,0.28571
8476441,Joel Edmundson,LAK,D,60,0.03333333333333333,0.25,1.2666666666666666,0.02631,1106.3,0.0,0.28333
8476869,Brady Skjei,NSH,D,60,0.016666666666666666,0.26666666666666666,1.45,0.01149,1343.8333,0.0,0.28333
8477450,Jason Dickinson,CHI,C,46,0.13043478260869565,0.15217391304347827,1.108695652173913,0.11764,942.7608,0.0,0.2826
8477573,Nathan Walker,STL,L,39,0.10256410256410256,0.1794871794871795,0.8974358974358975,0.11428,727.7435,0.0,0.28205
8478057,Dakota Joshua,TOR,C,39,0.1794871794871795,0.10256410256410256,0.8717948717948718,0.20588,735.2564,0.0,0.28205
8478472,Mathieu Joseph,STL,R,39,0.05128205128205128,0.23076923076923078,0.7435897435897436,0.06896,760.9487,0.0,0.28205
8483690,Noah Laba,NYR,C,57,0.10526315789473684,0.17543859649122806,0.9649122807017544,0.10909,801.0175,0.03508771929824561,0.2807
8484304,Uvis Balinskis,FLA,D,50,0.1,0.18,1.22,0.08196,980.26,0.06,0.28
8474563,Drew Doughty,LAK,D,50,0.06,0.22,1.42,0.04225,1367.7,0.0,0.28
8479398,Samuel Girard,"COL,PIT",D,43,0.06976744186046512,0.20930232558139536,0.7674418604651163,0.0909,1066.4186,0.0,0.27906
8476872,Scott Laughton,TOR,C,43,0.18604651162790697,0.09302325581395349,1.2325581395348837,0.15094,819.7674,0.0,0.27906
8481043,Cole Koepke,WPG,L,43,0.11627906976744186,0.16279069767441862,1.1162790697674418,0.10416,602.6046,0.0,0.27906
8478508,Yakov Trenin,MIN,C,61,0.08196721311475409,0.19672131147540983,1.1147540983606556,0.07352,801.8688,0.0,0.27868
8474716,Jared Spurgeon,MIN,D,61,0.09836065573770492,0.18032786885245902,1.1639344262295082,0.0845,1196.3278,0.03278688524590164,0.27868
8476393,Nick Cousins,OTT,C,58,0.13793103448275862,0.13793103448275862,0.9482758620689655,0.14545,657.0689,0.0,0.27586
8476878,Zemgus Girgensons,TBL,C,51,0.13725490196078433,0.13725490196078433,1.3137254901960784,0.10447,912.9019,0.0,0.2745
8476856,Mathew Dumba,PIT,D,11,0.09090909090909091,0.18181818181818182,0.6363636363636364,0.14285,896.1818,0.0,0.27272
8478233,Andrew Mangiapane,EDM,L,52,0.1346153846153846,0.1346153846153846,0.9807692307692307,0.13725,755.9038,0.0,0.26923
8475324,Nick Jensen,OTT,D,56,0.07142857142857142,0.19642857142857142,0.5892857142857143,0.12121,1015.125,0.0,0.26785
8482751,Ryan Winterton,SEA,C,56,0.05357142857142857,0.21428571428571427,1.1071428571428572,0.04838,701.1071,0.0,0.26785
8477952,Robert Fabbri,STL,C,15,0.06666666666666667,0.2,1.1333333333333333,0.05882,755.6666,0.0,0.26666
8482482,Adam Wilsby,NSH,D,45,0.022222222222222223,0.24444444444444444,1.0444444444444445,0.02127,996.9111,0.0,0.26666
8482691,Aatu Räty,VAN,C,45,0.06666666666666667,0.2,0.9777777777777777,0.06818,728.6,0.0,0.26666
8474013,Ian Cole,UTA,D,60,0.03333333333333333,0.23333333333333334,0.75,0.04444,1097.9166,0.0,0.26666
8480336,Sean Walker,CAR,D,60,0.06666666666666667,0.2,2.1166666666666667,0.03149,1324.25,0.0,0.26666
8477478,William Carrier,CAR,L,49,0.12244897959183673,0.14285714285714285,1.183673469387755,0.10344,666.0816,0.0,0.2653
8478904,Steven Lorentz,TOR,C,53,0.07547169811320754,0.18867924528301888,0.9433962264150944,0.08,706.0,0.0,0.26415
8476479,Phillip Danault,"LAK,MTL",C,53,0.05660377358490566,0.20754716981132076,1.3773584905660377,0.04109,967.1698,0.0,0.26415
8478970,Jalen Chatfield,CAR,D,53,0.018867924528301886,0.24528301886792453,1.3396226415094339,0.01408,1202.7169,0.0,0.26415
8482117,Lukas Reichel,"CHI,VAN",L,19,0.10526315789473684,0.15789473684210525,0.7894736842105263,0.13333,735.2105,0.0,0.26315
8481806,Louis Crevier,CHI,D,57,0.07017543859649122,0.19298245614035087,1.4912280701754386,0.04705,989.0175,0.0,0.26315
8479390,Taylor Raddysh,NYR,R,57,0.15789473684210525,0.10526315789473684,0.7543859649122807,0.2093,712.6666,0.0,0.26315
8479390,Taylor Raddysh,NYR,R,57,0.15789473684210525,0.10526315789473684,0.7543859649122807,0.2093,712.6666,0.0,0.26315
8480848,Ty Dellandrea,SJS,C,42,0.047619047619047616,0.21428571428571427,1.0476190476190477,0.04545,864.2142,0.0,0.2619
8477499,Rasmus Ristolainen,PHI,D,23,0.043478260869565216,0.21739130434782608,1.6956521739130435,0.02564,1233.4782,0.0,0.26086
8484149,Gavin Brindley,COL,C,46,0.13043478260869565,0.13043478260869565,1.1521739130434783,0.1132,592.1521,0.0,0.26086
8483733,Nikita Grebenkin,PHI,R,46,0.08695652173913043,0.17391304347826086,0.6304347826086957,0.13793,675.9565,0.0,0.26086
8478136,Jake Middleton,MIN,D,54,0.018518518518518517,0.24074074074074073,0.7962962962962963,0.02325,1075.4444,0.0,0.25925
8477947,Sonny Milano,WSH,L,31,0.12903225806451613,0.12903225806451613,1.096774193548387,0.11764,533.0,0.0,0.25806
8480035,Henri Jokiharju,BOS,D,35,0.0,0.2571428571428571,0.9142857142857143,0.0,1075.4571,0.0,0.25714
8477380,Jonny Brodzinski,NYR,C,39,0.10256410256410256,0.15384615384615385,0.9487179487179487,0.1081,669.0512,0.0,0.25641
8480049,Dylan Samberg,WPG,D,43,0.0,0.2558139534883721,1.3488372093023255,0.0,1283.9534,0.0,0.25581
8480043,Timothy Liljegren,SJS,D,43,0.023255813953488372,0.23255813953488372,0.813953488372093,0.02857,1207.5116,0.0,0.25581
8482126,Emil Andrae,PHI,D,43,0.023255813953488372,0.23255813953488372,0.6046511627906976,0.03846,997.6511,0.0,0.25581
8478891,Mason Appleton,DET,C,51,0.09803921568627451,0.1568627450980392,1.0,0.09803,820.4313,0.0,0.2549
8478911,Matt Roy,WSH,D,59,0.01694915254237288,0.23728813559322035,1.2542372881355932,0.01351,1241.7118,0.0,0.25423
8481568,Alex Vlasic,CHI,D,59,0.03389830508474576,0.22033898305084745,1.0338983050847457,0.03278,1266.7288,0.0,0.25423
8483471,Brad Lambert,WPG,C,4,0.25,0.0,0.75,0.33333,541.5,0.0,0.25
8476458,Ryan Strome,ANA,C,32,0.09375,0.15625,1.09375,0.08571,724.5312,0.03125,0.25
8479368,Max Jones,EDM,L,8,0.125,0.125,1.5,0.08333,454.25,0.0,0.25
8483466,Kevin Korchinski,CHI,D,4,0.0,0.25,0.75,0.0,702.0,0.0,0.25
8484428,Charles Alexis Legault,CAR,D,8,0.125,0.125,1.25,0.1,796.125,0.0,0.25
8485511,Quinn Hutson,EDM,R,4,0.25,0.0,0.75,0.33333,479.75,0.0,0.25
8484428,Charles Alexis Legault,CAR,D,8,0.125,0.125,1.25,0.1,796.125,0.0,0.25
8480829,Jesperi Kotkaniemi,CAR,C,36,0.05555555555555555,0.19444444444444445,1.0555555555555556,0.05263,659.2222,0.0,0.25
8484160,Nate Danielson,DET,C,28,0.07142857142857142,0.17857142857142858,1.1071428571428572,0.06451,663.1785,0.0,0.25
8477979,Nicolas Aube-Kubel,MIN,R,4,0.0,0.25,1.0,0.0,728.0,0.0,0.25
8480078,Filip Chytil,VAN,C,12,0.25,0.0,2.0,0.125,900.3333,0.0,0.25
8479992,Michael Rasmussen,DET,C,56,0.10714285714285714,0.14285714285714285,1.0892857142857142,0.09836,766.9107,0.0,0.25
8484388,Daniil But,UTA,L,28,0.10714285714285714,0.14285714285714285,1.5357142857142858,0.06976,755.3214,0.03571428571428571,0.25
8484203,Bradly Nadeau,CAR,L,8,0.25,0.0,1.0,0.25,711.0,0.125,0.25
8484800,Berkly Catton,SEA,C,44,0.11363636363636363,0.13636363636363635,1.0681818181818181,0.10638,744.0681,0.022727272727272728,0.25
8477320,Anton Blidh,NYR,L,4,0.0,0.25,1.0,0.0,462.25,0.0,0.25
8483487,Rutger McGroarty,PIT,R,20,0.1,0.15,1.7,0.05882,708.9,0.0,0.25
8483497,Jani Nyman,SEA,R,24,0.16666666666666666,0.08333333333333333,1.2916666666666667,0.12903,642.2916,0.041666666666666664,0.25
8480990,Declan Chisholm,WSH,D,24,0.041666666666666664,0.20833333333333334,0.8333333333333334,0.05,828.125,0.0,0.25
8480007,Jonas Rondbjerg,VGK,R,4,0.0,0.25,1.5,0.0,724.75,0.0,0.25
8483039,Tristen Nielsen,COL,C,4,0.0,0.25,0.75,0.0,378.25,0.0,0.25
8475231,Casey Cizikas,NYI,C,60,0.11666666666666667,0.13333333333333333,0.8333333333333334,0.14,699.2333,0.0,0.25
8482641,Matt Kiersted,MIN,D,4,0.0,0.25,1.0,0.0,822.0,0.0,0.25
8478434,Keegan Kolesar,VGK,R,60,0.08333333333333333,0.16666666666666666,0.8833333333333333,0.09433,701.9833,0.0,0.25
8483464,Marco Kasper,DET,C,60,0.1,0.15,1.6166666666666667,0.06185,827.8833,0.016666666666666666,0.25
8479362,Riley Tufte,BOS,L,4,0.25,0.0,1.0,0.25,700.25,0.25,0.25
8477527,Ross Johnston,ANA,L,57,0.05263157894736842,0.19298245614035087,0.543859649122807,0.09677,582.3508,0.0,0.24561
8482062,Cole Smith,NSH,R,41,0.14634146341463414,0.0975609756097561,1.2439024390243902,0.11764,867.1463,0.0,0.2439
8482911,Joel Nystrom,CAR,D,37,0.02702702702702703,0.21621621621621623,1.162162162162162,0.02325,910.081,0.0,0.24324
8476422,Mike Reilly,CAR,D,29,0.034482758620689655,0.20689655172413793,1.5517241379310345,0.02222,946.3103,0.0,0.24137
8479983,Mario Ferraro,SJS,D,58,0.06896551724137931,0.1724137931034483,1.1551724137931034,0.0597,1250.2241,0.0,0.24137
8480860,Kevin Bahl,CGY,D,58,0.05172413793103448,0.1896551724137931,0.7758620689655172,0.06666,1318.6034,0.0,0.24137
8476892,Colton Parayko,STL,D,58,0.017241379310344827,0.22413793103448276,1.2241379310344827,0.01408,1343.7413,0.0,0.24137
8481563,Drew Helleson,ANA,D,50,0.04,0.2,0.7,0.05714,1043.72,0.0,0.24
8484136,Max Sasson,VAN,C,50,0.2,0.04,0.96,0.20833,687.74,0.0,0.24
8476867,Brendan Gaunce,CBJ,C,25,0.08,0.16,1.16,0.06896,714.16,0.0,0.24
8475462,Radko Gudas,ANA,D,46,0.021739130434782608,0.21739130434782608,1.1521739130434783,0.01886,1003.5652,0.0,0.23913
8479980,Nicolas Hague,NSH,D,46,0.043478260869565216,0.1956521739130435,0.8478260869565217,0.05128,1164.1304,0.0,0.23913
8479022,Rodrigo Abols,PHI,C,42,0.07142857142857142,0.16666666666666666,1.0238095238095237,0.06976,630.0476,0.0,0.23809
8481477,Nico Sturm,MIN,C,38,0.07894736842105263,0.15789473684210525,0.7894736842105263,0.1,663.5,0.0,0.23684
8474679,Gustav Nyquist,WPG,R,38,0.0,0.23684210526315788,1.236842105263158,0.0,775.6842,0.0,0.23684
8481006,Tyler Tucker,STL,D,55,0.05454545454545454,0.18181818181818182,1.1090909090909091,0.04918,853.4727,0.0,0.23636
8479442,Troy Stecher,"EDM,TOR",D,47,0.06382978723404255,0.1702127659574468,1.0851063829787233,0.05882,1160.0,0.0,0.23404
8481641,Joel Kiviranta,COL,L,30,0.06666666666666667,0.16666666666666666,0.8333333333333334,0.08,595.2,0.0,0.23333
8476292,Ondrej Palat,"NJD,NYI",L,60,0.08333333333333333,0.15,1.1333333333333333,0.07352,792.2833,0.016666666666666666,0.23333
8483476,Jonathan Lekkerimäki,VAN,R,13,0.15384615384615385,0.07692307692307693,0.7692307692307693,0.2,700.6923,0.0,0.23076
8481609,Vladislav Kolyachonok,"DAL,BOS",D,13,0.07692307692307693,0.15384615384615385,0.9230769230769231,0.08333,752.4615,0.0,0.23076
8475220,Marcus Foligno,MIN,L,48,0.125,0.10416666666666667,1.1458333333333333,0.10909,777.125,0.041666666666666664,0.22916
8476480,Vladislav Namestnikov,WPG,C,57,0.12280701754385964,0.10526315789473684,1.2280701754385965,0.1,831.7719,0.03508771929824561,0.22807
8485493,David Tomasek,EDM,R,22,0.13636363636363635,0.09090909090909091,1.3636363636363635,0.1,645.5,0.0,0.22727
8482178,Ian Moore,ANA,D,44,0.06818181818181818,0.1590909090909091,0.9772727272727273,0.06976,852.5454,0.0,0.22727
8481532,Alex Turcotte,LAK,C,53,0.05660377358490566,0.16981132075471697,1.150943396226415,0.04918,659.8301,0.0,0.22641
8477839,Conor Sheary,NYR,L,40,0.025,0.2,1.425,0.01754,867.675,0.0,0.225
8481593,Jayden Struble,MTL,D,40,0.0,0.225,0.3,0.0,839.3,0.0,0.225
8482072,Jack Ahcan,COL,D,9,0.0,0.2222222222222222,0.5555555555555556,0.0,686.6666,0.0,0.22222
8484180,Samuel Honzek,CGY,L,18,0.1111111111111111,0.1111111111111111,1.2222222222222223,0.0909,740.5,0.0,0.22222
8482072,Jack Ahcan,COL,D,9,0.0,0.2222222222222222,0.5555555555555556,0.0,686.6666,0.0,0.22222
8483406,Taylor Ward,LAK,R,18,0.1111111111111111,0.1111111111111111,1.3333333333333333,0.08333,668.2222,0.0,0.22222
8483513,Reid Schaefer,NSH,L,27,0.14814814814814814,0.07407407407407407,0.8888888888888888,0.16666,613.4074,0.0,0.22222
8482165,Yan Kuznetsov,CGY,D,45,0.08888888888888889,0.13333333333333333,1.1333333333333333,0.07843,1218.4222,0.0,0.22222
8481525,Matthew Robertson,NYR,D,50,0.08,0.14,1.04,0.07692,1034.22,0.0,0.22
8476871,Tanner Pearson,WPG,L,50,0.14,0.08,0.92,0.15217,651.36,0.0,0.22
8474641,Adam Henrique,EDM,C,46,0.043478260869565216,0.17391304347826086,1.434782608695652,0.0303,829.1304,0.0,0.21739
8481527,Kaedan Korczak,VGK,D,60,0.05,0.16666666666666666,0.85,0.05882,1008.1333,0.0,0.21666
8476473,Connor Murphy,CHI,D,60,0.06666666666666667,0.15,0.9166666666666666,0.07272,994.25,0.0,0.21666
8475208,Brian Dumoulin,LAK,D,60,0.016666666666666666,0.2,0.8833333333333333,0.01886,1107.4833,0.0,0.21666
8480834,Ty Emberson,EDM,D,56,0.03571428571428571,0.17857142857142858,0.6071428571428571,0.05882,960.8214,0.0,0.21428
8479369,Andrew Peeke,BOS,D,56,0.07142857142857142,0.14285714285714285,1.0535714285714286,0.06779,1177.125,0.0,0.21428
8481704,Juuso Parssinen,NYR,C,14,0.14285714285714285,0.07142857142857142,0.8571428571428571,0.16666,535.7857,0.0,0.21428
8476994,Vincent Hinostroza,MIN,C,47,0.06382978723404255,0.14893617021276595,0.9787234042553191,0.06521,620.851,0.0,0.21276
8483499,Liam Ohgren,"MIN,VAN",L,47,0.10638297872340426,0.10638297872340426,1.297872340425532,0.08196,706.0851,0.0,0.21276
8480878,Nils Lundkvist,DAL,D,33,0.09090909090909091,0.12121212121212122,0.9393939393939394,0.09677,988.6969,0.0,0.21212
8482176,Wyatt Kaiser,CHI,D,57,0.08771929824561403,0.12280701754385964,1.0175438596491229,0.0862,1149.9473,0.0,0.21052
8482087,Kaiden Guhle,MTL,D,19,0.05263157894736842,0.15789473684210525,1.0526315789473684,0.05,1153.3684,0.0,0.21052
8475181,Nick Leddy,SJS,D,19,0.0,0.21052631578947367,0.3157894736842105,0.0,1050.2631,0.0,0.21052
8478454,Noah Juulsen,PHI,D,43,0.023255813953488372,0.18604651162790697,0.46511627906976744,0.05,838.0232,0.0,0.2093
8484806,Sam Dickinson,SJS,D,48,0.020833333333333332,0.1875,1.0,0.02083,954.1875,0.0,0.20833
8480058,Pierre-Olivier Joseph,VAN,D,24,0.041666666666666664,0.16666666666666666,0.75,0.05555,798.2916,0.0,0.20833
8475763,Kevin Hayes,PIT,R,24,0.125,0.08333333333333333,1.6666666666666667,0.075,747.625,0.0,0.20833
8482666,Scott Morrow,NYR,D,29,0.0,0.20689655172413793,0.8275862068965517,0.0,940.1379,0.0,0.20689
8483609,Adam Klapka,CGY,R,58,0.08620689655172414,0.1206896551724138,1.0517241379310345,0.08196,638.7413,0.0,0.20689
8481219,Jonathan Aspirot,BOS,D,39,0.05128205128205128,0.15384615384615385,0.5897435897435898,0.08695,1002.0769,0.0,0.20512
8482095,Tyler Kleven,OTT,D,54,0.018518518518518517,0.18518518518518517,1.2222222222222223,0.01515,996.4074,0.0,0.2037
8478831,Kevin Stenlund,UTA,C,59,0.06779661016949153,0.13559322033898305,0.864406779661017,0.07843,883.5593,0.0,0.20338
8477446,Michael McCarron,NSH,C,59,0.0847457627118644,0.11864406779661017,1.4576271186440677,0.05813,869.5254,0.0,0.20338
8482947,Zakhar Bardakov,COL,C,45,0.022222222222222223,0.17777777777777778,0.5555555555555556,0.04,427.2444,0.0,0.2
8482451,Mikael Pyyhtia,CBJ,L,5,0.2,0.0,1.2,0.16666,615.6,0.0,0.2
8476891,Matt Grzelcyk,CHI,D,60,0.0,0.2,1.0333333333333334,0.0,1029.4833,0.0,0.2
8477969,Marcus Pettersson,VAN,D,60,0.016666666666666666,0.18333333333333332,0.8666666666666667,0.01923,1274.4,0.0,0.2
8475455,Brenden Dillon,NJD,D,60,0.05,0.15,0.6833333333333333,0.07317,1082.9833,0.0,0.2
8480145,Neal Pionk,WPG,D,40,0.05,0.15,1.9,0.02631,1367.4,0.025,0.2
8484529,Connor Clattenburg,EDM,C,5,0.2,0.0,0.6,0.33333,432.4,0.0,0.2
8476952,Dominic Toninato,CHI,C,5,0.0,0.2,1.2,0.0,551.8,0.0,0.2
8483472,Maveric Lamoureux,UTA,D,5,0.0,0.2,0.8,0.0,879.2,0.0,0.2
8479339,Patrik Laine,MTL,L,5,0.0,0.2,1.2,0.0,756.4,0.0,0.2
8484403,Florian Xhekaj,MTL,L,5,0.0,0.2,0.8,0.0,575.8,0.0,0.2
8479644,Matt Luff,STL,R,5,0.2,0.0,1.0,0.2,548.0,0.0,0.2
8474189,Lars Eller,OTT,C,45,0.044444444444444446,0.15555555555555556,0.9111111111111111,0.04878,710.9333,0.0,0.2
8475279,Ben Chiarot,DET,D,61,0.08196721311475409,0.11475409836065574,1.2622950819672132,0.06493,1267.9016,0.0,0.19672
8478468,Jeremy Lauzon,VGK,D,46,0.0,0.1956521739130435,1.0217391304347827,0.0,1060.6304,0.0,0.19565
8477488,Brett Pesce,NJD,D,36,0.027777777777777776,0.16666666666666666,1.1944444444444444,0.02325,1215.3611,0.0,0.19444
8481032,Paul Cotter,NJD,L,57,0.10526315789473684,0.08771929824561403,0.8596491228070176,0.12244,682.8421,0.0,0.19298
8479944,Zach Aston-Reese,CBJ,L,26,0.038461538461538464,0.15384615384615385,0.6538461538461539,0.05882,576.6923,0.0,0.1923
8477998,Warren Foegele,LAK,L,47,0.14893617021276595,0.0425531914893617,1.6595744680851063,0.08974,885.1276,0.0,0.19148
8481789,Tye Kartye,"SEA,NYR",L,42,0.07142857142857142,0.11904761904761904,0.7380952380952381,0.09677,648.5714,0.0,0.19047
8480950,Ilya Lyubushkin,DAL,D,42,0.023809523809523808,0.16666666666666666,0.6666666666666666,0.03571,968.738,0.0,0.19047
8476438,Brandon Saad,VGK,L,42,0.07142857142857142,0.11904761904761904,1.6428571428571428,0.04347,833.8571,0.0,0.19047
8480727,Zach Whitecloud,"VGK,CGY",D,58,0.034482758620689655,0.15517241379310345,0.8275862068965517,0.04166,1177.9827,0.0,0.18965
8482172,Landon Slaggert,CHI,L,32,0.09375,0.09375,0.90625,0.10344,654.5,0.0,0.1875
8485512,Tim Washe,ANA,C,16,0.0625,0.125,0.8125,0.07692,702.0625,0.0,0.1875
8477406,Mattias Janmark,EDM,C,43,0.023255813953488372,0.16279069767441862,0.5581395348837209,0.04166,711.4651,0.0,0.18604
8482408,Jeff Malott,LAK,L,43,0.06976744186046512,0.11627906976744186,0.9534883720930233,0.07317,548.0697,0.0,0.18604
8482758,Ville Koivunen,PIT,R,27,0.07407407407407407,0.1111111111111111,1.037037037037037,0.07142,761.074,0.037037037037037035,0.18518
8477454,Adam Erne,DAL,L,27,0.14814814814814814,0.037037037037037035,0.8518518518518519,0.17391,568.2962,0.0,0.18518
8475714,Calle Jarnkrok,TOR,C,38,0.15789473684210525,0.02631578947368421,0.868421052631579,0.18181,683.0789,0.0,0.18421
8476474,Stefan Noesen,NJD,R,38,0.07894736842105263,0.10526315789473684,1.368421052631579,0.05769,705.2631,0.02631578947368421,0.18421
8482768,Fedor Svechkov,NSH,C,49,0.04081632653061224,0.14285714285714285,1.1224489795918366,0.03636,722.551,0.0,0.18367
8476278,Colin Blackwell,DAL,C,49,0.061224489795918366,0.12244897959183673,0.8367346938775511,0.07317,695.1836,0.0,0.18367
8482073,Braden Schneider,NYR,D,60,0.03333333333333333,0.15,1.3166666666666667,0.02531,1220.1833,0.0,0.18333
8477369,Carson Soucy,"NYR,NYI",D,55,0.09090909090909091,0.09090909090909091,0.8363636363636363,0.10869,1009.0545,0.0,0.18181
8481655,Cole Schwindt,FLA,R,22,0.13636363636363635,0.045454545454545456,0.5454545454545454,0.25,530.6818,0.0,0.18181
8479982,Conor Timmins,BUF,D,33,0.0,0.18181818181818182,1.0,0.0,1154.1818,0.0,0.18181
8476925,Colton Sissons,VGK,C,44,0.09090909090909091,0.09090909090909091,1.0454545454545454,0.08695,711.3181,0.0,0.18181
8476917,Adam Pelech,NYI,D,61,0.04918032786885246,0.13114754098360656,1.3934426229508197,0.03529,1254.8688,0.0,0.18032
8475760,Nick Bjugstad,"STL,NJD",C,39,0.15384615384615385,0.02564102564102564,1.5128205128205128,0.10169,694.8461,0.0,0.17948
8478416,Erik Cernak,TBL,D,39,0.02564102564102564,0.15384615384615385,0.8717948717948718,0.02941,1096.5128,0.0,0.17948
8483395,Arshdeep Bains,VAN,L,28,0.03571428571428571,0.14285714285714285,0.6428571428571429,0.05555,552.3571,0.0,0.17857
8483455,Isaac Howard,EDM,L,28,0.07142857142857142,0.10714285714285714,1.1785714285714286,0.0606,619.4642,0.0,0.17857
8474567,Zach Bogosian,MIN,D,28,0.03571428571428571,0.14285714285714285,0.7857142857142857,0.04545,898.8928,0.0,0.17857
8478046,Danton Heinen,"PIT,CBJ",L,28,0.10714285714285714,0.07142857142857142,1.0714285714285714,0.1,665.7857,0.0,0.17857
8480806,Isac Lundeström,CBJ,C,45,0.06666666666666667,0.1111111111111111,0.8222222222222222,0.08108,733.9777,0.0,0.17777
8475790,Erik Gudbranson,CBJ,D,17,0.058823529411764705,0.11764705882352941,0.7647058823529411,0.07692,1091.7058,0.0,0.17647
8478424,Jansen Harkins,ANA,C,34,0.08823529411764706,0.08823529411764706,0.7352941176470589,0.12,612.147,0.0,0.17647
8481491,Noah Philp,"EDM,CAR",C,17,0.11764705882352941,0.058823529411764705,0.8235294117647058,0.14285,596.5882,0.0,0.17647
8475755,Alexander Petrovic,DAL,D,51,0.0392156862745098,0.13725490196078433,1.0980392156862746,0.03571,930.6274,0.0,0.17647
8482929,Emil Lilleberg,TBL,D,34,0.058823529411764705,0.11764705882352941,0.7941176470588235,0.07407,1025.8235,0.0,0.17647
8479066,Ryan Lomberg,CGY,L,51,0.0784313725490196,0.09803921568627451,0.9411764705882353,0.08333,536.6862,0.0,0.17647
8482148,Hendrix Lapierre,WSH,C,57,0.03508771929824561,0.14035087719298245,0.8070175438596491,0.04347,508.2105,0.0,0.17543
8478841,Colton White,NJD,D,23,0.0,0.17391304347826086,0.6086956521739131,0.0,735.3478,0.0,0.17391
8477365,Connor Clifton,PIT,D,29,0.06896551724137931,0.10344827586206896,0.7241379310344828,0.09523,991.7931,0.0,0.17241
8483425,Lian Bichsel,DAL,D,29,0.10344827586206896,0.06896551724137931,0.41379310344827586,0.25,947.4137,0.0,0.17241
8482094,Daemon Hunt,MIN,D,29,0.0,0.1724137931034483,0.5172413793103449,0.0,717.4827,0.0,0.17241
8476624,Barclay Goodrow,SJS,C,58,0.08620689655172414,0.08620689655172414,0.896551724137931,0.09615,684.2586,0.0,0.17241
8476467,Jamie Oleksiak,SEA,D,58,0.05172413793103448,0.1206896551724138,0.896551724137931,0.05769,1028.0689,0.0,0.17241
8479370,Tyson Jost,NSH,C,47,0.06382978723404255,0.10638297872340426,1.1914893617021276,0.05357,678.4255,0.0,0.17021
8478840,Will Borgen,NYR,D,53,0.07547169811320754,0.09433962264150944,1.0188679245283019,0.07407,1109.3396,0.0,0.16981
8482703,Colton Dach,CHI,C,53,0.05660377358490566,0.11320754716981132,0.9811320754716981,0.05769,700.7547,0.018867924528301886,0.16981
8479371,Dante Fabbro,CBJ,D,53,0.07547169811320754,0.09433962264150944,1.0377358490566038,0.07272,960.6792,0.0,0.16981
8476429,Scott Mayfield,NYI,D,59,0.03389830508474576,0.13559322033898305,0.9661016949152542,0.03508,1040.1864,0.0,0.16949
8476429,Scott Mayfield,NYI,D,59,0.03389830508474576,0.13559322033898305,0.9661016949152542,0.03508,1040.1864,0.0,0.16949
8481056,Spencer Stastney,"NSH,EDM",D,60,0.03333333333333333,0.13333333333333333,0.9166666666666666,0.03636,929.9333,0.0,0.16666
8483447,Conor Geekie,TBL,C,6,0.0,0.16666666666666666,0.8333333333333334,0.0,601.5,0.0,0.16666
8475842,Sam Carrick,NYR,C,60,0.06666666666666667,0.1,0.9333333333333333,0.07142,624.5,0.0,0.16666
8481133,Cole Reinhardt,VGK,L,42,0.07142857142857142,0.09523809523809523,0.7619047619047619,0.09375,588.3333,0.0,0.16666
8477845,Trevor van Riemsdyk,WSH,D,48,0.041666666666666664,0.125,0.5833333333333334,0.07142,931.8125,0.0,0.16666
8481726,Adam Edstrom,NYR,C,24,0.08333333333333333,0.08333333333333333,0.875,0.09523,574.0,0.0,0.16666
8480144,David Kampf,VAN,C,37,0.05405405405405406,0.10810810810810811,0.972972972972973,0.05555,903.4324,0.0,0.16216
8478476,Kyle Capobianco,DAL,D,31,0.06451612903225806,0.0967741935483871,0.5483870967741935,0.11764,730.9032,0.0,0.16129
8482874,Jacob Melanson,SEA,R,25,0.04,0.12,0.92,0.04347,581.2,0.0,0.16
8483678,Elias Pettersson,VAN,D,50,0.04,0.12,0.6,0.06666,881.26,0.0,0.16
8480840,Oskar Bäck,DAL,C,50,0.08,0.08,0.52,0.15384,733.8,0.0,0.16
8482090,Jack Finley,"TBL,STL",C,25,0.08,0.08,0.52,0.15384,520.16,0.0,0.16
8480281,Alexey Toropchenko,STL,R,44,0.06818181818181818,0.09090909090909091,1.0,0.06818,727.7272,0.0,0.15909
8480246,Nick Perbix,NSH,D,57,0.05263157894736842,0.10526315789473684,0.9824561403508771,0.05357,1161.228,0.0,0.15789
8479324,Ryan Lindgren,SEA,D,57,0.03508771929824561,0.12280701754385964,0.6491228070175439,0.05405,1109.5087,0.0,0.15789
8478366,Frank Vatrano,ANA,R,38,0.07894736842105263,0.07894736842105263,1.7894736842105263,0.04411,740.6578,0.0,0.15789
8482726,Samuel Helenius,LAK,C,32,0.09375,0.0625,0.6875,0.13636,488.3437,0.0,0.15625
8474568,Luke Schenn,WPG,D,45,0.022222222222222223,0.13333333333333333,0.7111111111111111,0.03125,822.9777,0.0,0.15555
8479998,Mikey Anderson,LAK,D,58,0.034482758620689655,0.1206896551724138,0.7758620689655172,0.04444,1206.0,0.0,0.15517
8480192,Johnathan Kovacevic,NJD,D,13,0.0,0.15384615384615385,1.0,0.0,1003.0,0.0,0.15384
8480003,Jesper Boqvist,FLA,C,52,0.057692307692307696,0.09615384615384616,0.8076923076923077,0.07142,647.3461,0.0,0.15384
8479359,Beck Malenstyn,BUF,L,59,0.0847457627118644,0.06779661016949153,0.8983050847457628,0.09433,671.4915,0.0,0.15254
8478413,Jordan Greenway,BUF,L,33,0.030303030303030304,0.12121212121212122,0.8787878787878788,0.03448,743.7272,0.0,0.15151
8480084,Nick DeSimone,UTA,D,33,0.06060606060606061,0.09090909090909091,0.9393939393939394,0.06451,850.4848,0.0,0.15151
8482111,Justin Barron,NSH,D,33,0.0,0.15151515151515152,0.6363636363636364,0.0,827.3636,0.0,0.15151
8476967,Brett Kulak,"EDM,PIT,COL",D,60,0.016666666666666666,0.13333333333333333,1.1166666666666667,0.01492,1126.9,0.0,0.15
8478859,Niko Mikkola,FLA,D,60,0.016666666666666666,0.13333333333333333,0.95,0.01754,1226.9166,0.0,0.15
8476958,Jaccob Slavin,CAR,D,20,0.0,0.15,1.45,0.0,1232.05,0.0,0.15
8480001,Urho Vaakanainen,NYR,D,27,0.0,0.14814814814814814,0.7407407407407407,0.0,833.2222,0.0,0.14814
8479414,Nathan Bastian,DAL,R,27,0.14814814814814814,0.0,0.7407407407407407,0.2,516.7037,0.0,0.14814
8475188,Brayden McNabb,VGK,D,41,0.04878048780487805,0.0975609756097561,0.9512195121951219,0.05128,1244.1463,0.0,0.14634
8479372,Josh Mahura,SEA,D,21,0.047619047619047616,0.09523809523809523,0.6190476190476191,0.07692,924.0952,0.0,0.14285
8481556,John Beecher,"BOS,CGY",C,28,0.03571428571428571,0.10714285714285714,0.8928571428571429,0.04,595.2857,0.0,0.14285
8482206,Ethan Cardwell,SJS,R,7,0.14285714285714285,0.0,0.8571428571428571,0.16666,715.8571,0.0,0.14285
8478452,Caleb Jones,PIT,D,7,0.0,0.14285714285714285,0.7142857142857143,0.0,1030.2857,0.0,0.14285
8482859,Zack Ostapchuk,SJS,C,35,0.08571428571428572,0.05714285714285714,0.6857142857142857,0.125,587.1714,0.0,0.14285
8483930,Ivan Ivan,COL,C,7,0.0,0.14285714285714285,0.5714285714285714,0.0,464.5714,0.0,0.14285
8480196,Jacob Bryson,BUF,D,35,0.05714285714285714,0.08571428571428572,0.34285714285714286,0.16666,602.1142,0.0,0.14285
8474574,Tyler Myers,VAN,D,57,0.017543859649122806,0.12280701754385964,1.2456140350877194,0.01408,1212.8421,0.0,0.14035
8484305,Zach Metsa,BUF,D,29,0.06896551724137931,0.06896551724137931,0.5517241379310345,0.125,579.6206,0.0,0.13793
8473507,Jeff Petry,FLA,D,58,0.0,0.13793103448275862,0.7758620689655172,0.0,891.3275,0.0,0.13793
8479705,Jeffrey Viel,"BOS,ANA",L,22,0.09090909090909091,0.045454545454545456,1.5,0.0606,697.1818,0.0,0.13636
8477508,Curtis Lazar,EDM,C,37,0.08108108108108109,0.05405405405405406,0.6486486486486487,0.125,539.2702,0.0,0.13513
8484321,Nikolas Matinpalo,OTT,D,30,0.0,0.13333333333333333,0.6333333333333333,0.0,913.3333,0.0,0.13333
8476879,Cody Ceci,LAK,D,60,0.016666666666666666,0.11666666666666667,0.75,0.02222,1065.25,0.0,0.13333
8474090,Brendan Smith,CBJ,D,15,0.0,0.13333333333333333,0.6666666666666666,0.0,664.6666,0.0,0.13333
8482623,Josh Dunne,BUF,C,30,0.03333333333333333,0.1,0.8666666666666667,0.03846,572.8666,0.0,0.13333
8476372,Nick Seeler,PHI,D,60,0.03333333333333333,0.1,1.2333333333333334,0.02702,1101.35,0.0,0.13333
8481237,Kyle MacLean,NYI,C,45,0.044444444444444446,0.08888888888888889,0.7555555555555555,0.05882,639.8444,0.0,0.13333
8482103,Ozzy Wiesblatt,NSH,C,30,0.03333333333333333,0.1,0.8,0.04166,619.6666,0.0,0.13333
8478443,Brandon Carlo,TOR,D,38,0.0,0.13157894736842105,1.1578947368421053,0.0,1167.0789,0.0,0.13157
8481607,Albert Johansson,DET,D,61,0.03278688524590164,0.09836065573770492,0.7540983606557377,0.04347,981.2459,0.0,0.13114
8479576,Vincent Desharnais,SJS,D,31,0.03225806451612903,0.0967741935483871,0.7096774193548387,0.04545,1011.3548,0.0,0.12903
8481065,Angus Crookshank,NJD,C,8,0.125,0.0,0.5,0.25,516.375,0.0,0.125
8483553,Marc Gatcomb,NYI,C,32,0.03125,0.09375,1.09375,0.02857,619.0312,0.0,0.125
8479393,Noah Gregor,FLA,L,24,0.041666666666666664,0.08333333333333333,0.8333333333333334,0.05,484.6666,0.0,0.125
8481599,Victor Soderstrom,BOS,D,8,0.0,0.125,1.0,0.0,820.625,0.0,0.125
8482516,Matthew Kessel,STL,D,24,0.08333333333333333,0.041666666666666664,0.5833333333333334,0.14285,729.2083,0.0,0.125
8477810,Joel Hanley,CGY,D,56,0.0,0.125,0.5714285714285714,0.0,862.3928,0.0,0.125
8479402,Jake Bean,CGY,D,16,0.0625,0.0625,1.0,0.0625,957.25,0.0,0.125
8482861,Vincent Iorio,"SJS,NYR",D,24,0.0,0.125,0.5,0.0,967.25,0.0,0.125
8478399,Jonas Siegenthaler,NJD,D,60,0.0,0.11666666666666667,0.7333333333333333,0.0,1182.9,0.0,0.11666
8481167,Brayden Pachal,CGY,D,27,0.0,0.1111111111111111,0.7037037037037037,0.0,783.1851,0.0,0.11111
8483531,Brian Halonen,NJD,L,9,0.1111111111111111,0.0,0.4444444444444444,0.25,450.1111,0.0,0.11111
8481577,Philip Tomasino,PIT,R,9,0.0,0.1111111111111111,1.0,0.0,730.3333,0.0,0.11111
8484150,Hunter Brzustewicz,CGY,D,18,0.05555555555555555,0.05555555555555555,0.9444444444444444,0.05882,839.2222,0.0,0.11111
8484262,Travis Mitchell,NYI,D,9,0.1111111111111111,0.0,0.4444444444444444,0.25,692.2222,0.0,0.11111
8479985,Cale Fleury,SEA,D,18,0.05555555555555555,0.05555555555555555,1.2222222222222223,0.04545,1033.0,0.0,0.11111
8477463,Steven Santini,TBL,D,9,0.0,0.1111111111111111,0.3333333333333333,0.0,693.5555,0.0,0.11111
8482118,Sam Colangelo,ANA,R,9,0.1111111111111111,0.0,0.7777777777777778,0.14285,610.6666,0.0,0.11111
8484839,Harrison Brunicke,PIT,D,9,0.1111111111111111,0.0,0.8888888888888888,0.125,942.8888,0.0,0.11111
8484794,Michael Brandsegg-Nygård,DET,R,9,0.0,0.1111111111111111,1.5555555555555556,0.0,747.0,0.0,0.11111
8478043,Sam Lafferty,CHI,C,19,0.05263157894736842,0.05263157894736842,0.3157894736842105,0.16666,533.7368,0.0,0.10526
8482896,Tyson Kozak,BUF,C,38,0.05263157894736842,0.05263157894736842,0.6842105263157895,0.07692,685.2368,0.0,0.10526
8478043,Sam Lafferty,CHI,C,19,0.05263157894736842,0.05263157894736842,0.3157894736842105,0.16666,533.7368,0.0,0.10526
8480831,Alec Regula,EDM,D,29,0.0,0.10344827586206896,0.6206896551724138,0.0,868.1379,0.0,0.10344
8479533,Joona Koppanen,PIT,L,10,0.0,0.1,0.6,0.0,748.0,0.0,0.1
8483728,Jared Davidson,MTL,C,10,0.0,0.1,0.9,0.0,523.0,0.0,0.1
8479520,Brandon Duhaime,WSH,R,62,0.06451612903225806,0.03225806451612903,0.7258064516129032,0.08888,660.5322,0.0,0.09677
8481535,Nils Hoglander,VAN,L,21,0.0,0.09523809523809523,0.9523809523809523,0.0,683.0952,0.0,0.09523
8477070,Liam O'Brien,UTA,C,32,0.0625,0.03125,0.8125,0.07692,540.9062,0.0,0.09375
8477541,Dakota Mermis,TOR,D,11,0.09090909090909091,0.0,0.45454545454545453,0.2,781.6363,0.0,0.0909
8479316,Luke Kunin,FLA,C,44,0.045454545454545456,0.045454545454545456,0.75,0.0606,515.7272,0.0,0.0909
8482131,Donovan Sebrango,"OTT,FLA",D,22,0.0,0.09090909090909091,0.6363636363636364,0.0,756.7727,0.0,0.0909
8484135,Parker Ford,WPG,C,11,0.0,0.09090909090909091,0.6363636363636364,0.0,589.0909,0.0,0.0909
8482733,Logan Mailloux,STL,D,45,0.044444444444444446,0.044444444444444446,0.9777777777777777,0.04545,859.2,0.0,0.08888
8480879,Jacob Bernard-Docker,DET,D,45,0.0,0.08888888888888889,0.7111111111111111,0.0,917.7555,0.0,0.08888
8483398,Declan Carlile,TBL,D,35,0.02857142857142857,0.05714285714285714,0.8285714285714286,0.03448,861.7714,0.0,0.08571
8477021,Alexander Kerfoot,UTA,C,12,0.08333333333333333,0.0,1.0,0.08333,650.9166,0.0,0.08333
8477996,Juho Lammikko,NJD,C,24,0.0,0.08333333333333333,0.625,0.0,592.5,0.0,0.08333
8481178,Egor Zamula,"PHI,CBJ",D,24,0.0,0.08333333333333333,0.5833333333333334,0.0,851.0416,0.0,0.08333
8480813,Joseph Veleno,MTL,C,49,0.04081632653061224,0.04081632653061224,0.9183673469387755,0.04444,734.4897,0.0,0.08163
8481725,Elmer Soderblom,DET,L,39,0.05128205128205128,0.02564102564102564,1.0769230769230769,0.04761,640.5641,0.0,0.07692
8480259,Ben Jones,MIN,C,26,0.038461538461538464,0.038461538461538464,0.9615384615384616,0.04,516.4615,0.0,0.07692
8480259,Ben Jones,MIN,C,26,0.038461538461538464,0.038461538461538464,0.9615384615384616,0.04,516.4615,0.0,0.07692
8483432,Luca Del Bel Belluz,CBJ,C,13,0.0,0.07692307692307693,0.8461538461538461,0.0,526.4615,0.0,0.07692
8476822,Luke Glendening,NJD,C,52,0.0,0.07692307692307693,0.5769230769230769,0.0,594.0769,0.0,0.07692
8479026,Philippe Myers,TOR,D,28,0.0,0.07142857142857142,1.1071428571428572,0.0,828.9642,0.0,0.07142
8480876,Curtis Douglas,TBL,C,29,0.0,0.06896551724137931,0.5862068965517241,0.0,358.2413,0.0,0.06896
8479365,Trent Frederic,EDM,C,58,0.05172413793103448,0.017241379310344827,0.9827586206896551,0.05263,654.8448,0.0,0.06896
8476525,Colin Miller,WPG,D,15,0.0,0.06666666666666667,1.0666666666666667,0.0,825.4666,0.0,0.06666
8481014,Alexander Romanov,NYI,D,15,0.0,0.06666666666666667,1.1333333333333333,0.0,1166.7333,0.0,0.06666
8484768,Zayne Parekh,CGY,D,15,0.0,0.06666666666666667,0.8,0.0,895.6,0.0,0.06666
8483424,Owen Beck,MTL,C,15,0.06666666666666667,0.0,0.7333333333333333,0.0909,551.3333,0.0,0.06666
8479395,Dennis Cholowski,NJD,D,15,0.0,0.06666666666666667,0.6666666666666666,0.0,867.7333,0.0,0.06666
8471817,Ryan Reaves,SJS,R,47,0.06382978723404255,0.0,0.48936170212765956,0.13043,478.2765,0.0,0.06382
8475752,Tyler Pitlick,MIN,C,32,0.0625,0.0,0.8125,0.07692,466.375,0.0,0.0625
8481161,Jake Christiansen,CBJ,D,32,0.0,0.0625,0.6875,0.0,611.5625,0.0,0.0625
8483510,Elias Salomonsson,WPG,D,16,0.0625,0.0,1.375,0.04545,1040.0625,0.0,0.0625
8477073,Kurtis MacDermid,OTT,L,16,0.0,0.0625,0.125,0.0,241.0625,0.0,0.0625
8475752,Tyler Pitlick,MIN,C,32,0.0625,0.0,0.8125,0.07692,466.375,0.0,0.0625
8481161,Jake Christiansen,CBJ,D,32,0.0,0.0625,0.6875,0.0,611.5625,0.0,0.0625
8482747,Brennan Othmann,NYR,L,17,0.058823529411764705,0.0,0.7647058823529411,0.07692,592.647,0.0,0.05882
8481122,Simon Benoit,TOR,D,53,0.0,0.05660377358490566,0.6792452830188679,0.0,1035.1886,0.0,0.0566
8477435,Ryan Graves,PIT,D,19,0.05263157894736842,0.0,1.0,0.05263,928.7368,0.0,0.05263
8480871,Adam Boqvist,NYI,D,20,0.0,0.05,0.35,0.0,750.4,0.0,0.05
8476874,Olli Määttä,UTA,D,21,0.0,0.047619047619047616,0.47619047619047616,0.0,726.6666,0.0,0.04761
8479293,Brandon Tanev,UTA,L,45,0.0,0.044444444444444446,0.7111111111111111,0.0,563.9777,0.0,0.04444
8475235,Nicolas Deslauriers,PHI,L,23,0.0,0.043478260869565216,0.5652173913043478,0.0,492.0434,0.0,0.04347
8484386,Dmitri Simashev,UTA,D,24,0.0,0.041666666666666664,0.9583333333333334,0.0,928.375,0.0,0.04166
8477903,Garnet Hathaway,PHI,R,51,0.0196078431372549,0.0196078431372549,0.45098039215686275,0.04347,609.8431,0.0,0.03921
8482460,Matt Rempe,NYR,C,26,0.038461538461538464,0.0,0.5769230769230769,0.06666,516.4615,0.0,0.03846
8480891,Michael Kesselring,BUF,D,27,0.0,0.037037037037037035,1.2592592592592593,0.0,830.6666,0.0,0.03703
8483465,Joakim Kemell,NSH,R,2,0.0,0.0,0.5,0.0,664.0,0.0,0.0
8482192,Isaak Phillips,WPG,D,2,0.0,0.0,1.5,0.0,491.5,0.0,0.0
8477034,Jaycob Megna,VGK,D,4,0.0,0.0,0.25,0.0,637.25,0.0,0.0
8482132,Brett Berard,NYR,L,13,0.0,0.0,0.7692307692307693,0.0,632.5384,0.0,0.0
8482953,Taylor Makar,COL,L,12,0.0,0.0,0.5833333333333334,0.0,372.5833,0.0,0.0
8479941,Justin Danforth,BUF,R,4,0.0,0.0,0.5,0.0,702.25,0.0,0.0
8484938,Arttu Hyry,DAL,R,3,0.0,0.0,2.3333333333333335,0.0,667.0,0.0,0.0
8481517,Brett Leason,WSH,R,6,0.0,0.0,0.16666666666666666,0.0,514.8333,0.0,0.0
8480828,Michael Callahan,BOS,D,5,0.0,0.0,0.6,0.0,779.4,0.0,0.0
8481564,Ryan Johnson,BUF,D,3,0.0,0.0,0.0,0.0,540.0,0.0,0.0
8479388,Riley Stillman,EDM,D,4,0.0,0.0,0.25,0.0,722.0,0.0,0.0
8483433,Jack Devine,FLA,R,6,0.0,0.0,1.0,0.0,506.3333,0.0,0.0
8474149,Evgenii Dadonov,NJD,L,17,0.0,0.0,0.9411764705882353,0.0,666.2941,0.0,0.0
8479772,Zack MacEwen,NJD,R,3,0.0,0.0,1.3333333333333333,0.0,380.0,0.0,0.0
8482877,Jaroslav Chmelar,NYR,R,6,0.0,0.0,0.5,0.0,471.3333,0.0,0.0
8478173,Hayden Hodgson,OTT,R,9,0.0,0.0,0.3333333333333333,0.0,381.6666,0.0,0.0
8483429,Seamus Casey,NJD,D,2,0.0,0.0,2.0,0.0,1080.5,0.0,0.0
8477401,John Hayden,SEA,C,3,0.0,0.0,0.6666666666666666,0.0,604.6666,0.0,0.0
8482624,Daniil Miromanov,CGY,D,1,0.0,0.0,0.0,0.0,1069.0,0.0,0.0
8482652,Walker Duehr,WPG,R,1,0.0,0.0,1.0,0.0,500.0,0.0,0.0
8482749,Joshua Roy,MTL,R,3,0.0,0.0,0.6666666666666666,0.0,587.3333,0.0,0.0
8484255,Jason Polin,COL,R,2,0.0,0.0,0.0,0.0,358.5,0.0,0.0
8483756,Jared Wright,LAK,R,1,0.0,0.0,0.0,0.0,582.0,0.0,0.0
8477419,Mason Geertsen,BUF,L,5,0.0,0.0,0.2,0.0,247.2,0.0,0.0
8480021,Jack Studnicka,FLA,C,18,0.0,0.0,0.8888888888888888,0.0,424.2777,0.0,0.0
8483841,Xavier Parent,NJD,C,5,0.0,0.0,0.4,0.0,514.4,0.0,0.0
8478211,Dryden Hunt,CGY,L,3,0.0,0.0,1.3333333333333333,0.0,536.0,0.0,0.0
8482807,Ethan Del Mastro,CHI,D,2,0.0,0.0,1.5,0.0,981.0,0.0,0.0
8481567,Henry Thrun,TOR,D,4,0.0,0.0,1.0,0.0,891.75,0.0,0.0
8481591,Samuel Poulin,PIT,R,2,0.0,0.0,0.5,0.0,829.0,0.0,0.0
8483463,Aleksanteri Kaskimaki,STL,C,5,0.0,0.0,1.2,0.0,623.6,0.0,0.0
8481592,Jakob Pelletier,TBL,L,2,0.0,0.0,0.0,0.0,542.5,0.0,0.0
8482941,Shane Lachance,NJD,L,1,0.0,0.0,0.0,0.0,445.0,0.0,0.0
8484901,Jacob Quillan,TOR,C,4,0.0,0.0,0.25,0.0,458.5,0.0,0.0
8483768,Victor Mancini,VAN,D,10,0.0,0.0,0.6,0.0,818.4,0.0,0.0
8475179,Dmitry Kulikov,FLA,D,3,0.0,0.0,0.6666666666666666,0.0,840.0,0.0,0.0
8479383,Boris Katchouk,TBL,L,3,0.0,0.0,0.0,0.0,731.3333,0.0,0.0
8477971,Andreas Englund,NSH,D,3,0.0,0.0,0.6666666666666666,0.0,529.0,0.0,0.0
8482070,Mitchell Chaffee,TBL,R,7,0.0,0.0,1.1428571428571428,0.0,569.4285,0.0,0.0
8480874,Adam Ginning,PHI,D,5,0.0,0.0,0.4,0.0,920.4,0.0,0.0
8484214,Luca Pinelli,CBJ,C,3,0.0,0.0,2.0,0.0,826.0,0.0,0.0
8476979,Erik Gustafsson,DET,D,2,0.0,0.0,1.5,0.0,1124.5,0.0,0.0
8483766,David Spacek,MIN,D,2,0.0,0.0,0.0,0.0,645.0,0.0,0.0
8476391,T.J. Tynan,COL,C,1,0.0,0.0,1.0,0.0,493.0,0.0,0.0
8478967,Lane Pederson,PHI,C,5,0.0,0.0,0.0,0.0,531.8,0.0,0.0
8475461,Andrew Agozzino,UTA,L,2,0.0,0.0,0.0,0.0,368.0,0.0,0.0
8484933,Mikulas Hovorka,FLA,D,1,0.0,0.0,0.0,0.0,687.0,0.0,0.0
8475762,Derek Forbort,VAN,D,2,0.0,0.0,0.5,0.0,836.0,0.0,0.0
8482673,Xavier Bourgault,OTT,R,2,0.0,0.0,1.5,0.0,357.5,0.0,0.0
8482496,Nils Aman,VAN,C,2,0.0,0.0,0.5,0.0,519.5,0.0,0.0
8485251,Kai Uchacz,VGK,C,3,0.0,0.0,0.6666666666666666,0.0,731.0,0.0,0.0
8479421,Jacob Moverare,LAK,D,15,0.0,0.0,0.4666666666666667,0.0,526.8,0.0,0.0
8479942,Dominik Shine,DET,R,2,0.0,0.0,1.5,0.0,543.0,0.0,0.0
8483686,Adam Engstrom,MTL,D,11,0.0,0.0,0.6363636363636364,0.0,752.3636,0.0,0.0
8483841,Xavier Parent,NJD,C,5,0.0,0.0,0.4,0.0,514.4,0.0,0.0
8483465,Joakim Kemell,NSH,R,2,0.0,0.0,0.5,0.0,664.0,0.0,0.0
8475461,Andrew Agozzino,UTA,L,2,0.0,0.0,0.0,0.0,368.0,0.0,0.0
8484779,Jett Luchanko,PHI,C,4,0.0,0.0,0.25,0.0,538.0,0.0,0.0
8482877,Jaroslav Chmelar,NYR,R,6,0.0,0.0,0.5,0.0,471.3333,0.0,0.0
8482479,Trevor Kuntar,BUF,C,1,0.0,0.0,0.0,0.0,312.0,0.0,0.0
8478967,Lane Pederson,PHI,C,5,0.0,0.0,0.0,0.0,531.8,0.0,0.0
8482781,Carson Lambos,MIN,D,1,0.0,0.0,1.0,0.0,616.0,0.0,0.0
8481715,Hunter Skinner,STL,D,1,0.0,0.0,0.0,0.0,645.0,0.0,0.0
8478173,Hayden Hodgson,OTT,R,9,0.0,0.0,0.3333333333333333,0.0,381.6666,0.0,0.0
8485251,Kai Uchacz,VGK,C,3,0.0,0.0,0.6666666666666666,0.0,731.0,0.0,0.0
8482070,Mitchell Chaffee,TBL,R,7,0.0,0.0,1.1428571428571428,0.0,569.4285,0.0,0.0
8477971,Andreas Englund,NSH,D,3,0.0,0.0,0.6666666666666666,0.0,529.0,0.0,0.0
8476988,Matthew Benning,TOR,D,1,0.0,0.0,0.0,0.0,746.0,0.0,0.0
8484821,Sam Morton,CGY,C,3,0.0,0.0,1.0,0.0,560.0,0.0,0.0
8481028,Martin Pospisil,CGY,C,9,0.0,0.0,1.2222222222222223,0.0,617.0,0.0,0.0
8479942,Dominik Shine,DET,R,2,0.0,0.0,1.5,0.0,543.0,0.0,0.0
8483546,Marshall Rifai,TOR,D,1,0.0,0.0,1.0,0.0,580.0,0.0,0.0
8483686,Adam Engstrom,MTL,D,11,0.0,0.0,0.6363636363636364,0.0,752.3636,0.0,0.0
8475795,Dylan McIlrath,WSH,D,11,0.0,0.0,0.36363636363636365,0.0,551.3636,0.0,0.0
8482209,Rory Kerins,CGY,C,2,0.0,0.0,0.5,0.0,951.0,0.0,0.0
8484287,Cole McWard,NYI,D,3,0.0,0.0,0.3333333333333333,0.0,824.0,0.0,0.0
8485385,Braeden Cootes,VAN,C,3,0.0,0.0,0.0,0.0,646.6666,0.0,0.0
8483567,Georgii Merkulov,BOS,C,1,0.0,0.0,0.0,0.0,635.0,0.0,0.0
8481572,Ville Heinola,WPG,D,2,0.0,0.0,2.0,0.0,775.5,0.0,0.0
8482479,Trevor Kuntar,BUF,C,1,0.0,0.0,0.0,0.0,312.0,0.0,0.0
8482742,Zachary L'Heureux,NSH,L,3,0.0,0.0,0.0,0.0,619.6666,0.0,0.0
8479639,Dylan Coghlan,VGK,D,3,0.0,0.0,0.6666666666666666,0.0,903.3333,0.0,0.0
8475413,Justin Dowling,NYR,C,2,0.0,0.0,0.5,0.0,431.5,0.0,0.0
8484779,Jett Luchanko,PHI,C,4,0.0,0.0,0.25,0.0,538.0,0.0,0.0
8483526,Danil Zhilkin,WPG,C,4,0.0,0.0,0.5,0.0,494.25,0.0,0.0
8481547,Simon Lundmark,TBL,D,1,0.0,0.0,1.0,0.0,1005.0,0.0,0.0
8481594,Nathan Légaré,NJD,R,1,0.0,0.0,0.0,0.0,495.0,0.0,0.0
8482167,Bogdan Trineyev,WSH,R,2,0.0,0.0,0.5,0.0,631.5,0.0,0.0
8481848,Jacob Gaucher,PHI,C,3,0.0,0.0,1.0,0.0,526.0,0.0,0.0
8477938,Haydn Fleury,WPG,D,18,0.0,0.0,0.6111111111111112,0.0,831.7777,0.0,0.0
8478502,Dennis Gilbert,OTT,D,1,0.0,0.0,0.0,0.0,830.0,0.0,0.0
