player_id,player_name,season,team,attempts,completions,passing_yards,passing_tds,interceptions,completion_pct,yards_per_att,td_int_ratio,sack_rate,qb_score,qb_pct
00-0003292,Kerry Collins,2010,IND,278,160,1823.0,14,8.0,0.5755395662750376,6.557553933246209,1.75,0.04467353936538303,0.2241,65.9
00-0004161,Jake Delhomme,2010,HOU,149,93,872.0,2,7.0,0.6241610696365029,5.852348954011081,0.2857142857142857,0.03870967716961499,-0.3168,29.5
00-0005106,Brett Favre,2010,MIN,358,217,2509.0,11,19.0,0.6061452497035049,7.0083798686916765,0.5789473684210527,0.057894736689750696,-0.0431,50.0
00-0007091,Matt Hasselbeck,2010,IND,444,266,2998.0,12,17.0,0.5990990977497768,6.752252237044477,0.7058823529411765,0.061310782111393694,-0.1337,45.5
00-0009311,Jon Kitna,2010,DAL,318,209,2365.0,16,12.0,0.6572327023357463,7.4371068948518655,1.3333333333333333,0.06194690247213303,-0.0129,52.3
00-0010346,Peyton Manning,2010,DEN,679,450,4700.0,33,17.0,0.6627393215570849,6.9219440251517765,1.9411764705882353,0.02302158270068837,0.7066,90.9
00-0011022,Donovan McNabb,2010,MIN,472,275,3377.0,14,15.0,0.5826271174096883,7.154661001790973,0.9333333333333333,0.07269155192005589,-0.1938,38.6
00-0019596,Tom Brady,2010,TB,492,324,3900.0,36,4.0,0.6585365840273647,7.926829252181242,9.0,0.048355899326197486,1.5046,100.0
00-0020245,Michael Vick,2010,PIT,372,233,3018.0,21,6.0,0.6263440843377848,8.112903203997572,3.5,0.08599508578379586,0.5501,79.5
00-0020531,Drew Brees,2010,NO,658,448,4620.0,33,22.0,0.6808510627950591,7.021276585074048,1.5,0.038011695850860096,0.3894,75.0
00-0020679,Shaun Hill,2010,MIN,416,257,2686.0,16,12.0,0.6177884600533932,6.456730753709782,1.3333333333333333,0.03926096988623333,-0.116,47.7
00-0021231,David Garrard,2010,JAX,366,236,2734.0,23,15.0,0.6448087414076263,7.4699453347815705,1.5333333333333334,0.08040200984823616,0.1404,59.1
00-0021429,Carson Palmer,2010,ARI,586,362,3970.0,26,20.0,0.617747439218861,6.774744015742757,1.3,0.04248366006130121,0.1497,61.4
00-0021678,Tony Romo,2010,DAL,213,148,1605.0,11,7.0,0.6948356774890344,7.535211232229055,1.5714285714285714,0.03181818167355372,0.57,81.8
00-0022055,Seneca Wallace,2010,GB,101,64,694.0,4,2.0,0.633663360062739,6.871287060680326,2.0,0.056074765831076956,0.0651,56.8
00-0022121,Rex Grossman,2010,WAS,133,74,884.0,7,4.0,0.5563909732602182,6.646616491378824,1.75,0.06338028124380084,-0.5287,13.6
00-0022787,Matt Schaub,2010,ATL,574,365,4370.0,24,12.0,0.6358885006343405,7.613240404854982,2.0,0.05280528044091538,0.2991,70.5
00-0022803,Eli Manning,2010,NYG,539,339,4002.0,31,25.0,0.628942484918474,7.42486083965703,1.24,0.028828828776884995,0.6457,84.1
00-0022924,Ben Roethlisberger,2010,PIT,389,240,3200.0,17,5.0,0.6169665793908314,8.22622105854442,3.4,0.07600950100710333,0.6616,86.4
00-0022942,Philip Rivers,2010,IND,541,357,4710.0,30,13.0,0.6598890930501126,8.70609979906451,2.3076923076923075,0.06563039712326356,0.7464,93.2
00-0023436,Alex Smith,2010,WAS,342,204,2370.0,14,10.0,0.596491226326049,6.929824541140864,1.4,0.0681198908225616,-0.3089,31.8
00-0023459,Aaron Rodgers,2010,PIT,475,312,3922.0,28,11.0,0.6568421038803324,8.256842087880333,2.5454545454545454,0.06126482201331063,0.8396,95.5
00-0023460,Jason Campbell,2010,CLE,329,194,2387.0,13,8.0,0.5896656517031439,7.255319126883529,1.625,0.09116022074265133,-0.254,34.1
00-0023541,Kyle Orton,2010,BUF,498,293,3652.0,20,9.0,0.588353412473186,7.333333318607765,2.2222222222222223,0.06390977431595907,0.2279,68.2
00-0023645,Derek Anderson,2010,BUF,327,169,2065.0,7,10.0,0.5168195702849554,6.3149846901682425,0.7,0.07102272707095816,-0.4619,15.9
00-0023662,Matt Cassel,2010,TEN,450,262,3116.0,27,7.0,0.582222220928395,6.92444442905679,3.857142857142857,0.054621848624744014,0.1985,63.6
00-0023682,Ryan Fitzpatrick,2010,WAS,441,255,2992.0,23,15.0,0.5782312912058247,6.784580483481677,1.5333333333333334,0.05161290311481096,0.0508,54.5
00-0024218,Vince Young,2010,PHI,156,93,1255.0,10,3.0,0.5961538423323471,8.044871743302105,3.3333333333333335,0.07692307646791079,0.8666,97.7
00-0024226,Jay Cutler,2010,MIA,432,261,3274.0,23,16.0,0.6041666652681327,7.5787036861604085,1.4375,0.10743801630694624,-0.2064,36.4
00-0024408,Bruce Gradkowski,2010,OAK,158,83,1059.0,5,7.0,0.5253164523714149,6.702531603148534,0.7142857142857143,0.05952380916950114,-0.4201,18.2
00-0025423,Kevin Kolb,2010,ARI,189,115,1197.0,7,7.0,0.6084656052462137,6.333333299823633,1.0,0.0689655169016477,-0.3261,25.0
00-0025430,Drew Stanton,2010,ARI,119,69,780.0,4,3.0,0.579831927900572,6.55462179365864,1.3333333333333333,0.047999999616,-0.3542,20.5
00-0025479,Trent Edwards,2010,JAX,101,55,521.0,2,5.0,0.5445544500539163,5.158415790510735,0.4,0.09821428483737246,-1.6952,2.3
00-0025561,Troy Smith,2010,SF,145,73,1176.0,5,4.0,0.5034482723900119,8.110344771652795,1.25,0.11042944717527947,-0.3448,22.7
00-0025708,Matt Moore,2010,KC,143,79,857.0,5,10.0,0.5524475485842829,5.993006951097853,0.5,0.0833333327991453,-0.757,9.1
00-0026143,Matt Ryan,2010,IND,571,357,3705.0,28,9.0,0.6252189130906849,6.488616450983159,3.111111111111111,0.03872053865535263,0.3923,77.3
00-0026158,Joe Flacco,2010,CIN,489,306,3622.0,25,10.0,0.6257668698859573,7.406952950088031,2.5,0.07561436658674033,0.3164,72.7
00-0026197,Chad Henne,2010,KC,491,302,3298.0,15,18.0,0.6150712818430321,6.716904263305694,0.8333333333333334,0.05758157378583191,-0.1421,40.9
00-0026898,Mark Sanchez,2010,WAS,507,278,3291.0,17,13.0,0.5483234703188886,6.491124247552023,1.3076923076923077,0.05056179765812398,-0.1363,43.2
00-0026993,Josh Freeman,2010,IND,474,291,3451.0,25,6.0,0.6139240493377129,7.2805907019396825,4.166666666666667,0.05577689231916954,0.6713,88.6
00-0027659,Jimmy Clausen,2010,BAL,299,157,1558.0,3,9.0,0.5250836102840013,5.210702323710025,0.3333333333333333,0.09939759006205545,-1.6401,4.5
00-0027688,Colt McCoy,2010,ARI,222,135,1576.0,6,9.0,0.6081081053688824,7.099099067121175,0.6666666666666666,0.09387755063723449,-0.3205,27.3
00-0027754,John Skelton,2010,ARI,126,60,662.0,3,2.0,0.4761904724111867,5.2539682122700935,1.5,0.0666666661728395,-0.9199,6.8
00-0027854,Sam Bradford,2010,ARI,590,354,3512.0,18,15.0,0.5999999989830509,5.952542362792301,1.2,0.05448717939986029,-0.5835,11.4
00-0007091,Matt Hasselbeck,2011,IND,518,319,3571.0,18,14.0,0.6158301146412546,6.893822380513856,1.2857142857142858,0.03538175039966154,0.1269,63.6
00-0011022,Donovan McNabb,2011,MIN,156,94,1026.0,4,2.0,0.6025640987015122,6.576923034763314,2.0,0.09302325527312061,-0.347,27.3
00-0019596,Tom Brady,2011,TB,611,401,5235.0,39,12.0,0.6563011445887051,8.567921426239081,3.25,0.04976671842960075,0.9202,95.5
00-0020245,Michael Vick,2011,PIT,423,253,3303.0,18,14.0,0.5981087456309486,7.808510619838036,1.2857142857142858,0.0515695066108307,0.3426,70.5
00-0020531,Drew Brees,2011,NO,660,471,5535.0,46,14.0,0.7136363625550964,8.386363623657024,3.2857142857142856,0.03508771924694778,1.1588,97.7
00-0021429,Carson Palmer,2011,ARI,328,199,2753.0,13,16.0,0.6067073152234533,8.393292657337522,0.8125,0.04927536217601344,0.6577,90.9
00-0021678,Tony Romo,2011,DAL,522,346,4184.0,31,10.0,0.6628352477723463,8.015325655143055,3.1,0.06451612891663776,0.6016,86.4
00-0022055,Seneca Wallace,2011,GB,107,55,567.0,2,2.0,0.5140186867848721,5.2990653710367726,1.0,0.05309734466285536,-0.8983,6.8
00-0022121,Rex Grossman,2011,WAS,458,265,3151.0,16,20.0,0.5786026188240118,6.879912648733815,0.8,0.0517598342613668,-0.0525,50.0
00-0022787,Matt Schaub,2011,ATL,292,178,2479.0,15,6.0,0.6095890390082567,8.489725998322855,2.5,0.051948051779389444,0.61,88.6
00-0022803,Eli Manning,2011,NYG,589,359,4933.0,29,16.0,0.609507639033094,8.375212209889284,1.8125,0.04538087512904234,0.7661,93.2
00-0022924,Ben Roethlisberger,2011,PIT,513,324,4077.0,21,14.0,0.6315789461372731,7.9473684055606855,1.5,0.07233273042977806,0.4209,75.0
00-0022942,Philip Rivers,2011,IND,582,366,4624.0,27,20.0,0.6288659783009176,7.945017168479352,1.35,0.04901960776303986,0.4998,79.5
00-0023436,Alex Smith,2011,WAS,445,273,3144.0,17,5.0,0.6134831446888019,7.065168523449059,3.4,0.08997954991824222,0.014,56.8
00-0023459,Aaron Rodgers,2011,PIT,501,342,4636.0,45,6.0,0.6826347291763778,9.25349299550201,7.5,0.06703910602041135,1.9208,100.0
00-0023460,Jason Campbell,2011,CLE,165,100,1170.0,6,4.0,0.6060606023875115,7.090909047933884,1.5,0.029411764532871972,0.5913,84.1
00-0023541,Kyle Orton,2011,BUF,252,150,1758.0,9,9.0,0.5952380928760393,6.976190448507181,1.0,0.038167938785618555,-0.0318,52.3
00-0023578,Dan Orlovsky,2011,IND,193,122,1201.0,6,4.0,0.6321243490563505,6.2227978952186636,1.5,0.06763284991481715,-0.2284,36.4
00-0023662,Matt Cassel,2011,TEN,269,160,1713.0,10,9.0,0.5947955368223214,6.368029716103979,1.1111111111111112,0.0756013743106482,-0.2232,38.6
00-0023682,Ryan Fitzpatrick,2011,WAS,569,353,3832.0,24,23.0,0.620386642143433,6.734622132276587,1.0434782608695652,0.0372250422381979,-0.0133,54.5
00-0024218,Vince Young,2011,PHI,114,66,866.0,4,9.0,0.578947363342567,7.5964911614342885,0.4444444444444444,0.06557376995431337,0.355,72.7
00-0024226,Jay Cutler,2011,MIA,314,182,2319.0,13,7.0,0.5796178325489878,7.385350294951114,1.8571428571428572,0.06824925795771733,0.0622,61.4
00-0024279,Tarvaris Jackson,2011,SEA,450,271,3091.0,14,13.0,0.6022222208839506,6.868888873624692,1.0769230769230769,0.08536585348502876,-0.2102,40.9
00-0024812,Tyler Palko,2011,KC,134,80,796.0,2,7.0,0.5970149209177991,5.940298463132101,0.2857142857142857,0.07586206844233057,-0.7866,9.1
00-0025423,Kevin Kolb,2011,ARI,253,146,1955.0,9,8.0,0.5770750965333,7.7272726967301475,1.125,0.10600706676322591,-0.4153,22.7
00-0025427,John Beck,2011,WAS,132,80,858.0,2,4.0,0.6060606014692379,6.4999999507575765,0.5,0.10810810737764792,-0.6413,13.6
00-0025708,Matt Moore,2011,KC,347,210,2497.0,16,9.0,0.6051873181406705,7.195965397129783,1.7777777777777777,0.09399477782246794,0.1366,65.9
00-0025970,Caleb Hanie,2011,CHI,102,51,613.0,3,9.0,0.4999999950980393,6.009803862648982,0.3333333333333333,0.1570247920907042,-1.4775,2.3
00-0026143,Matt Ryan,2011,IND,566,347,4177.0,29,12.0,0.6130742038638265,7.379858644205197,2.4166666666666665,0.04391891884473156,0.5308,81.8
00-0026158,Joe Flacco,2011,CIN,542,312,3610.0,20,12.0,0.5756457553954876,6.660516592877276,1.6666666666666667,0.054101221546071165,0.0524,59.1
00-0026197,Chad Henne,2011,KC,112,64,868.0,4,4.0,0.5714285663265307,7.749999930803572,1.0,0.08943089358186265,-0.1264,45.5
00-0026498,Matthew Stafford,2011,LA,673,428,5100.0,41,16.0,0.6359583943002104,7.578008904044563,2.5625,0.05344585083903537,0.4603,77.3
00-0026898,Mark Sanchez,2011,WAS,543,308,3474.0,26,18.0,0.5672191518099094,6.397790043466316,1.4444444444444444,0.06701030916321253,-0.3936,25.0
00-0026993,Josh Freeman,2011,IND,551,346,3592.0,16,22.0,0.6279491821634317,6.519056249511695,0.7272727272727273,0.04999999991379311,-0.2384,34.1
00-0027134,Curtis Painter,2011,IND,243,132,1541.0,6,9.0,0.5432098743077783,6.34156375991126,0.6666666666666666,0.06177606153754416,-0.5436,20.5
00-0027688,Colt McCoy,2011,ARI,463,265,2733.0,14,11.0,0.5723542104268807,5.902807762628925,1.2727272727272727,0.06464646451586573,-0.6294,15.9
00-0027754,John Skelton,2011,ARI,275,151,1913.0,11,14.0,0.5490909070942149,6.9563636110677685,0.7857142857142857,0.07718120779469394,-0.2671,31.8
00-0027854,Sam Bradford,2011,ARI,357,191,2164.0,6,6.0,0.5350140041036022,6.061624632880603,1.0,0.09160305320202786,-0.6775,11.4
00-0027876,Tim Tebow,2011,DEN,271,126,1729.0,12,6.0,0.46494464773083155,6.3800737771952996,2.0,0.10855263122186634,-0.2029,43.2
00-0027939,Cam Newton,2011,CAR,517,310,4051.0,21,17.0,0.5996131516448489,7.835589926817041,1.2352941176470589,0.0634057969865837,0.3121,68.2
00-0027948,Blaine Gabbert,2011,KC,413,210,2214.0,12,11.0,0.5084745750400131,5.360774805421853,1.0909090909090908,0.08830022055562865,-1.1516,4.5
00-0027950,Christian Ponder,2011,MIN,291,158,1853.0,13,13.0,0.5429553245946552,6.367697572619596,1.0,0.09345794363408741,-0.5887,18.2
00-0027973,Andy Dalton,2011,CAR,516,300,3398.0,20,13.0,0.5813953477104742,6.5852713050673035,1.5384615384615385,0.044444444362139915,-0.0531,47.7
00-0028090,T.J. Yates,2011,HOU,134,82,949.0,3,3.0,0.6119402939407441,7.082089499387392,1.0,0.10067114026395207,-0.3424,29.5
00-0007091,Matt Hasselbeck,2012,IND,221,138,1367.0,7,5.0,0.6244343863147765,6.18552033400217,1.4,0.05957446783159801,-0.3233,35.9
00-0010346,Peyton Manning,2012,DEN,583,400,4659.0,37,11.0,0.6861063453068502,7.991423656961538,3.3636363636363638,0.03476821186296654,1.1554,100.0
00-0019596,Tom Brady,2012,TB,637,401,4827.0,35,8.0,0.6295133428108111,7.577707994383504,4.375,0.04066265054117071,0.9974,97.4
00-0020245,Michael Vick,2012,PIT,351,204,2362.0,12,10.0,0.5811965795407504,6.729344710172807,1.2,0.07387862777340731,-0.2967,38.5
00-0020531,Drew Brees,2012,NO,670,422,5177.0,43,19.0,0.629850745328581,7.726865660109156,2.263157894736842,0.037356321785407584,0.5754,79.5
00-0021429,Carson Palmer,2012,ARI,565,345,4018.0,22,14.0,0.6106194679458062,7.111504412192027,1.5714285714285714,0.04399323173605206,0.1832,59.0
00-0021678,Tony Romo,2012,DAL,648,425,4903.0,28,19.0,0.6558641965187281,7.56635801301488,1.4736842105263157,0.05263157887042167,0.5096,76.9
00-0022787,Matt Schaub,2012,ATL,544,350,4008.0,22,12.0,0.6433823517584883,7.36764704528006,1.8333333333333333,0.04728546401526188,0.3286,66.7
00-0022803,Eli Manning,2012,NYG,536,321,3948.0,26,15.0,0.5988805958976108,7.36567162804912,1.7333333333333334,0.03423423417255093,0.6107,82.1
00-0022924,Ben Roethlisberger,2012,PIT,449,284,3265.0,26,8.0,0.6325167023774684,7.271714905853642,3.25,0.06263048003626205,0.4118,71.8
00-0022942,Philip Rivers,2012,IND,527,338,3606.0,26,15.0,0.6413662226919047,6.842504730849138,1.7333333333333334,0.08506944429675443,-0.3333,33.3
00-0023436,Alex Smith,2012,WAS,218,153,1737.0,13,5.0,0.7018348591658952,7.9678898717069275,2.6,0.09917355330920019,0.2735,64.1
00-0023459,Aaron Rodgers,2012,PIT,552,371,4295.0,39,8.0,0.6721014480577873,7.780797087353628,4.875,0.08457711428760015,0.7489,87.2
00-0023662,Matt Cassel,2012,TEN,277,161,1796.0,6,12.0,0.5812274347248108,6.483754489228323,0.5,0.06418918897233382,-0.5187,25.6
00-0023682,Ryan Fitzpatrick,2012,WAS,505,306,3400.0,24,16.0,0.6059405928595236,6.732673253994706,1.5,0.05607476625032754,-0.2134,41.0
00-0024226,Jay Cutler,2012,MIA,434,255,3033.0,19,14.0,0.5875576023328166,6.988479246570324,1.3571428571428572,0.08050847440570238,0.0811,53.8
00-0025409,Brady Quinn,2012,KC,197,112,1141.0,2,8.0,0.5685279158957974,5.791878143188436,0.25,0.0963302747874758,-1.1427,7.7
00-0025423,Kevin Kolb,2012,ARI,183,109,1169.0,8,3.0,0.5956284120457463,6.387978107169519,2.6666666666666665,0.12857142795918367,-0.8427,10.3
00-0026143,Matt Ryan,2012,IND,615,422,4719.0,32,14.0,0.6861788606728799,7.673170719230617,2.2857142857142856,0.043545878625900654,0.7521,89.7
00-0026158,Joe Flacco,2012,CIN,531,317,3817.0,22,10.0,0.5969868162015314,7.188323903600144,2.2,0.061837455721135234,0.4765,74.4
00-0026197,Chad Henne,2012,KC,308,166,2084.0,11,11.0,0.5389610372111655,6.766233744265475,1.0,0.08333333308531746,-0.5569,20.5
00-0026498,Matthew Stafford,2012,LA,727,435,4967.0,20,17.0,0.5983493801948426,6.832187060753525,1.1764705882352942,0.0383597883090479,0.1268,56.4
00-0026898,Mark Sanchez,2012,WAS,453,246,2883.0,13,18.0,0.5430463564171162,6.364238396546935,0.7222222222222222,0.06981519492851089,-0.5796,15.4
00-0026993,Josh Freeman,2012,IND,558,306,4065.0,27,17.0,0.548387095791421,7.284946223503681,1.588235294117647,0.044520547868971666,0.334,69.2
00-0027754,John Skelton,2012,ARI,201,109,1132.0,2,9.0,0.5422885545159774,5.631840768000792,0.2222222222222222,0.06944444412294239,-1.1738,5.1
00-0027854,Sam Bradford,2012,ARI,551,328,3702.0,21,13.0,0.5952813056346982,6.7186932727428434,1.6153846153846154,0.05972696235541474,-0.1768,46.2
00-0027939,Cam Newton,2012,CAR,485,280,3869.0,19,12.0,0.5773195864385163,7.977319571180784,1.5833333333333333,0.0690978885429983,0.2207,61.5
00-0027946,Jake Locker,2012,TEN,314,177,2176.0,10,11.0,0.5636942657207189,6.929936283662624,0.9090909090909091,0.07374631246682503,-0.1901,43.6
00-0027948,Blaine Gabbert,2012,KC,278,162,1662.0,9,6.0,0.5827338108534755,5.978417244681952,1.5,0.0733333330888889,-0.6483,12.8
00-0027950,Christian Ponder,2012,MIN,483,300,2935.0,18,12.0,0.6211180111364016,6.076604542284462,1.5,0.06213592220944481,-0.5633,17.9
00-0027973,Andy Dalton,2012,CAR,528,329,3669.0,27,16.0,0.6231060594259354,6.94886362320291,1.6875,0.08013937268268402,-0.096,48.7
00-0027974,Colin Kaepernick,2012,SF,218,136,1814.0,10,3.0,0.6238532081474624,8.321100879261005,3.3333333333333335,0.06837606808386296,0.9624,94.9
00-0029263,Russell Wilson,2012,NYG,393,252,3118.0,26,10.0,0.641221372414195,7.933842218997857,2.6,0.07746478855055214,0.7457,84.6
00-0029531,Ryan Lindley,2012,ARI,171,89,752.0,0,7.0,0.5204678332136384,4.3976607929961355,0.0,0.06557377013347666,-1.4398,2.6
00-0029567,Nick Foles,2012,IND,265,161,1699.0,6,5.0,0.60754716751869,6.411320730523318,1.2,0.07017543835026162,-0.3837,28.2
00-0029665,Robert Griffin,2012,BAL,393,258,3200.0,20,5.0,0.6564885479478663,8.142493617958031,4.0,0.07092198564793857,0.8407,92.3
00-0029668,Andrew Luck,2012,IND,627,339,4374.0,23,18.0,0.5406698555970177,6.976076543897805,1.2777777777777777,0.061377245417099935,0.033,51.3
00-0029677,Brandon Weeden,2012,HOU,517,297,3385.0,14,17.0,0.5744680839952262,6.5473887687671395,0.8235294117647058,0.051376146694722666,-0.5464,23.1
00-0029701,Ryan Tannehill,2012,TEN,484,282,3294.0,12,13.0,0.5826446268953623,6.805785109905402,0.9230769230769231,0.06743737944617076,-0.3419,30.8
00-0010346,Peyton Manning,2013,DEN,659,450,5477.0,55,10.0,0.6828528062475678,8.311077377373175,5.5,0.026587887700756443,1.1385,95.5
00-0019596,Tom Brady,2013,TB,628,380,4343.0,25,11.0,0.6050955404377459,6.915605084529291,2.272727272727273,0.059880239431317005,0.0295,59.1
00-0020245,Michael Vick,2013,PIT,141,77,1215.0,5,3.0,0.5460992869070973,8.617021215482119,1.6666666666666667,0.09615384553747536,0.327,81.8
00-0020531,Drew Brees,2013,NO,650,446,5162.0,39,12.0,0.6861538450982249,7.94153844932071,3.25,0.05385735072218726,0.6541,90.9
00-0021206,Josh McCown,2013,NYJ,224,149,1829.0,13,1.0,0.6651785684590242,8.165178534976882,13.0,0.04680851043911272,1.4191,97.7
00-0021429,Carson Palmer,2013,ARI,572,362,4274.0,24,22.0,0.6328671317607218,7.472027958964986,1.0909090909090908,0.06688417607359841,0.2859,79.5
00-0021678,Tony Romo,2013,DAL,535,342,3828.0,31,10.0,0.6392523352537339,7.1551401735417945,3.1,0.06140350866420437,0.1733,68.2
00-0022787,Matt Schaub,2013,ATL,358,219,2310.0,10,14.0,0.6117318418666708,6.452513948456665,0.7142857142857143,0.055408970830055485,-0.2688,34.1
00-0022803,Eli Manning,2013,NYG,551,317,3818.0,18,27.0,0.5753176033115833,6.929219588150237,0.6666666666666666,0.06610169480321747,-0.0487,50.0
00-0022924,Ben Roethlisberger,2013,PIT,584,375,4261.0,28,14.0,0.6421232865717067,7.296232864218779,2.0,0.06709265165001174,0.1866,70.5
00-0022942,Philip Rivers,2013,IND,544,378,4478.0,32,11.0,0.6948529398991674,8.231617631927174,2.909090909090909,0.05226480827131567,0.7068,93.2
00-0023436,Alex Smith,2013,WAS,508,308,3313.0,23,7.0,0.6062992114049228,6.521653530469186,3.2857142857142856,0.07129798890073494,-0.4783,18.2
00-0023459,Aaron Rodgers,2013,PIT,290,193,2536.0,17,6.0,0.6655172390844233,8.74482755605232,2.8333333333333335,0.06752411553850766,0.6472,88.6
00-0023460,Jason Campbell,2013,CLE,317,180,2015.0,11,8.0,0.5678233420573396,6.356466856919663,1.375,0.04804804790375962,-0.4117,22.7
00-0023662,Matt Cassel,2013,TEN,254,153,1807.0,11,9.0,0.6023622023529047,7.114173200337901,1.2222222222222223,0.05925925903978052,-0.0061,56.8
00-0023682,Ryan Fitzpatrick,2013,WAS,350,217,2454.0,14,12.0,0.6199999982285714,7.011428551395919,1.1666666666666667,0.056603773432334845,0.0947,63.6
00-0024226,Jay Cutler,2013,MIA,355,224,2621.0,19,12.0,0.6309859137155326,7.383098570751835,1.5833333333333333,0.050802138901598556,0.4424,86.4
00-0024264,Kellen Clemens,2013,STL,242,142,1673.0,8,7.0,0.5867768570794345,6.91322311192883,1.1428571428571428,0.07984790844164294,-0.2547,36.4
00-0026143,Matt Ryan,2013,IND,651,439,4515.0,26,17.0,0.6743471571822625,6.935483860314157,1.5294117647058822,0.06330935242689302,-0.1098,47.7
00-0026158,Joe Flacco,2013,CIN,614,362,3912.0,19,22.0,0.5895765462710479,6.371335494509226,0.8636363636363636,0.07250755276056262,-0.2059,40.9
00-0026197,Chad Henne,2013,KC,503,305,3241.0,13,14.0,0.6063618278203542,6.443339947428748,0.9285714285714286,0.0702402956187795,-0.6935,6.8
00-0026349,Matt Flynn,2013,GB,200,124,1392.0,8,5.0,0.6199999969000001,6.959999965200001,1.6,0.10714285666454082,-0.6769,9.1
00-0026498,Matthew Stafford,2013,LA,634,371,4650.0,29,19.0,0.5851735006543005,7.334384846475734,1.5263157894736843,0.03500761029679207,0.1957,72.7
00-0026993,Josh Freeman,2013,IND,147,63,761.0,2,4.0,0.4285714256559767,5.176870713082512,0.5,0.05161290289281998,-0.7116,4.5
00-0027253,Thaddeus Lewis,2013,BUF,157,93,1092.0,4,3.0,0.5923566841251167,6.9554139684368534,1.3333333333333333,0.10285714226938776,-0.3998,27.3
00-0027854,Sam Bradford,2013,ARI,262,159,1687.0,14,4.0,0.6068702266913351,6.43893127313385,3.5,0.054151624353243236,-0.2452,38.6
00-0027939,Cam Newton,2013,CAR,473,292,3379.0,24,13.0,0.6173361509147227,7.143763198427562,1.8461538461538463,0.08333333317183463,-0.0114,52.3
00-0027946,Jake Locker,2013,TEN,183,111,1256.0,8,4.0,0.6065573737346591,6.8633879406372245,2.0,0.08040200964622106,0.0827,61.4
00-0027950,Christian Ponder,2013,MIN,239,152,1648.0,7,9.0,0.6359832609373085,6.895397460688714,0.7777777777777778,0.10150375901690316,-0.3396,29.5
00-0027973,Andy Dalton,2013,CAR,586,363,4293.0,33,20.0,0.6194539238575871,7.3259385540513,1.65,0.04715447146804151,0.2842,77.3
00-0027974,Colin Kaepernick,2013,SF,416,243,3197.0,21,8.0,0.5841346139804456,7.6850961353723655,2.625,0.08571428552590267,0.1367,65.9
00-0028825,Terrelle Pryor,2013,OAK,272,156,1798.0,7,11.0,0.5735294096561419,6.610294093344507,0.6363636363636364,0.10231023068544479,-0.8528,2.3
00-0028986,Case Keenum,2013,HOU,253,137,1760.0,9,6.0,0.5415019741442609,6.956521711634301,1.5,0.06985294091965831,-0.285,31.8
00-0029263,Russell Wilson,2013,NYG,407,257,3357.0,26,9.0,0.6314496298981581,8.248157227891506,2.888888888888889,0.09756097539343464,0.3873,84.1
00-0029567,Nick Foles,2013,IND,317,203,2891.0,27,2.0,0.6403785468757774,9.119873788265382,13.5,0.08115942005461038,1.5702,100.0
00-0029604,Kirk Cousins,2013,ATL,155,81,854.0,4,7.0,0.5225806417898023,5.509677383808533,0.5714285714285714,0.0312499998046875,-0.61,13.6
00-0029665,Robert Griffin,2013,BAL,456,274,3203.0,16,12.0,0.600877191664743,7.024122791613766,1.3333333333333333,0.0769230767673622,-0.1499,45.5
00-0029668,Andrew Luck,2013,IND,570,343,3822.0,23,9.0,0.6017543849092029,6.705263146131117,2.5555555555555554,0.053156146091102745,-0.0073,54.5
00-0029677,Brandon Weeden,2013,HOU,267,141,1731.0,9,9.0,0.5280898856625847,6.483146043134284,1.0,0.0918367343815077,-0.6221,11.4
00-0029701,Ryan Tannehill,2013,TEN,588,355,3913.0,24,17.0,0.6037414955718682,6.654761893444283,1.411764705882353,0.08978328159476272,-0.1769,43.2
00-0030419,Matt McGloin,2013,OAK,211,118,1547.0,8,8.0,0.5592417035107028,7.331753519754723,1.0,0.027649769457835163,0.2012,75.0
00-0030520,Mike Glennon,2013,NYG,416,247,2608.0,19,9.0,0.5937499985727164,6.269230754160503,2.111111111111111,0.08771929805324716,-0.4022,25.0
00-0030526,EJ Manuel,2013,OAK,306,180,1972.0,11,9.0,0.5882352921953095,6.4444444233841685,1.2222222222222223,0.08383233507834631,-0.5206,15.9
00-0030565,Geno Smith,2013,LV,443,247,3046.0,12,21.0,0.5575620754908305,6.87584648560757,0.5714285714285714,0.08847736607309184,-0.4741,20.5
00-0010346,Peyton Manning,2014,DEN,597,395,4727.0,39,15.0,0.6616415399302487,7.917922934810849,2.6,0.027687296371844795,0.7621,92.9
00-0019596,Tom Brady,2014,TB,582,373,4109.0,33,9.0,0.6408934696891865,7.060137444913853,3.6666666666666665,0.03482587058901182,0.4649,88.1
00-0020245,Michael Vick,2014,PIT,121,64,604.0,3,2.0,0.5289256154634246,4.99173549593607,1.5,0.13571428474489797,-1.5991,2.4
00-0020531,Drew Brees,2014,NO,659,456,4952.0,33,17.0,0.6919575103308687,7.514415770084346,1.9411764705882353,0.04215116272943145,0.433,83.3
00-0020679,Shaun Hill,2014,MIN,229,145,1657.0,8,7.0,0.6331877701607521,7.235807828664595,1.1428571428571428,0.07287449363208708,-0.2364,33.3
00-0021206,Josh McCown,2014,NYJ,327,184,2206.0,11,14.0,0.562691129777703,6.746177349400069,0.7857142857142857,0.09917355344580288,-0.5648,9.5
00-0021429,Carson Palmer,2014,ARI,224,141,1626.0,11,3.0,0.6294642829041773,7.258928539022641,3.6666666666666665,0.03862660927628065,0.6406,90.5
00-0021678,Tony Romo,2014,DAL,435,304,3705.0,34,9.0,0.6988505731060907,8.51724135973048,3.7777777777777777,0.06249999986530173,1.138,97.6
00-0022803,Eli Manning,2014,NYG,601,379,4410.0,30,14.0,0.6306156395497244,7.337770370486239,2.142857142857143,0.04451510326786152,0.2119,69.0
00-0022924,Ben Roethlisberger,2014,PIT,608,408,4952.0,32,9.0,0.6710526304752424,8.144736828709314,3.5555555555555554,0.05148205920205607,0.8609,95.2
00-0022942,Philip Rivers,2014,IND,570,379,4286.0,31,18.0,0.6649122795352416,7.519298232422284,1.7222222222222223,0.059405940496029805,0.2976,78.6
00-0023436,Alex Smith,2014,WAS,464,303,3265.0,18,6.0,0.6530172399719456,7.036637915869315,3.0,0.088408644227095,-0.3938,21.4
00-0023459,Aaron Rodgers,2014,PIT,520,341,4381.0,38,5.0,0.6557692295081361,8.424999983798077,7.6,0.05109489041771005,1.4367,100.0
00-0023541,Kyle Orton,2014,BUF,447,287,3018.0,18,10.0,0.6420581641117267,6.751677837244569,1.8,0.06874999985677084,-0.3417,23.8
00-0023682,Ryan Fitzpatrick,2014,WAS,312,197,2483.0,17,8.0,0.6314102543865056,7.958333307825855,2.125,0.0630630628736845,0.2957,76.2
00-0024226,Jay Cutler,2014,MIA,561,370,3812.0,28,18.0,0.6595365407138386,6.795008900543656,1.5555555555555556,0.0634390650026059,-0.2066,38.1
00-0024296,Charlie Whitehurst,2014,TEN,185,105,1326.0,7,2.0,0.5675675644996347,7.16756752882396,3.5,0.08866995030211847,-0.0277,50.0
00-0025430,Drew Stanton,2014,ARI,240,132,1711.0,7,5.0,0.5499999977083333,7.129166636961806,1.4,0.04382470102061872,0.1818,64.3
00-0026143,Matt Ryan,2014,IND,628,415,4694.0,28,14.0,0.6608280244254331,7.4745222810915255,2.0,0.04704097109705467,0.2557,73.8
00-0026158,Joe Flacco,2014,CIN,554,344,3986.0,27,12.0,0.6209386270380169,7.194945835388184,2.25,0.03315881320565652,0.2454,71.4
00-0026498,Matthew Stafford,2014,LA,602,363,4257.0,22,12.0,0.6029900322209468,7.071428559682013,1.8333333333333333,0.06955177732681332,-0.2665,31.0
00-0026625,Brian Hoyer,2014,LV,438,242,3326.0,12,13.0,0.5525114142636726,7.59360728859907,0.9230769230769231,0.05194805183561028,0.0563,54.8
00-0026898,Mark Sanchez,2014,WAS,309,198,2418.0,14,11.0,0.6407766969554152,7.825242693122192,1.2727272727272727,0.06927710822506895,0.0969,59.5
00-0027688,Colt McCoy,2014,ARI,128,91,1057.0,4,3.0,0.7109374944458008,8.25781243548584,1.3333333333333333,0.1172413785017836,-0.0133,52.4
00-0027939,Cam Newton,2014,CAR,448,262,3127.0,18,12.0,0.5848214272660236,6.979910698705557,1.5,0.0781893002506393,-0.1513,42.9
00-0027946,Jake Locker,2014,TEN,146,86,993.0,5,7.0,0.5890410918558829,6.8013698164289735,0.7142857142857143,0.087499999453125,-0.4234,19.0
00-0027973,Andy Dalton,2014,CAR,481,309,3398.0,19,17.0,0.6424116410760673,7.06444904976206,1.1176470588235294,0.04183266923937715,-0.0367,47.6
00-0027974,Colin Kaepernick,2014,SF,478,289,3369.0,19,10.0,0.6046025091953923,7.048117140066701,1.9,0.09811320736205055,-0.1568,40.5
00-0028957,Austin Davis,2014,CLE,284,180,2001.0,12,9.0,0.6338028146697084,7.045774623078258,1.3333333333333333,0.0926517568924864,-0.2855,28.6
00-0029263,Russell Wilson,2014,NYG,452,285,3475.0,20,7.0,0.6305309720563474,7.688053080336166,2.857142857142857,0.08502024274287401,0.1201,61.9
00-0029567,Nick Foles,2014,IND,311,186,2163.0,13,10.0,0.5980707376267822,6.9549839004662894,1.3,0.028124999912109375,0.1939,66.7
00-0029604,Kirk Cousins,2014,ATL,204,126,1710.0,10,9.0,0.6176470557958478,8.382352900086506,1.1111111111111112,0.03773584887860449,0.4165,81.0
00-0029665,Robert Griffin,2014,BAL,214,147,1694.0,4,6.0,0.68691588464058,7.91588781347716,0.6666666666666666,0.13360323832549295,-0.4972,14.3
00-0029668,Andrew Luck,2014,IND,616,380,4761.0,40,16.0,0.6168831158816832,7.728896091349195,2.5,0.04199066867497563,0.4523,85.7
00-0029701,Ryan Tannehill,2014,TEN,590,392,4045.0,27,12.0,0.6644067785349038,6.8559321917696066,2.25,0.07232704391143546,-0.0632,45.2
00-0030520,Mike Glennon,2014,NYG,203,117,1417.0,10,6.0,0.5763546769637701,6.980295532116771,1.6666666666666667,0.07305936039698922,0.0574,57.1
00-0030526,EJ Manuel,2014,OAK,131,76,838.0,5,3.0,0.5801526673270789,6.396946516053844,1.6666666666666667,0.04379562011828014,-0.5092,11.9
00-0030565,Geno Smith,2014,LV,367,219,2525.0,13,13.0,0.5967302436056396,6.880108973078722,1.0,0.07088607576990867,-0.459,16.7
00-0031237,Teddy Bridgewater,2014,MIA,402,259,2919.0,15,12.0,0.644278605362491,7.261194011788074,1.25,0.08843537394912614,-0.2883,26.2
00-0031266,Zach Mettenberger,2014,TEN,179,107,1412.0,8,7.0,0.5977653597890203,7.8882681123560445,1.1428571428571428,0.09137055791182458,-0.226,35.7
00-0031280,Derek Carr,2014,NO,599,348,3270.0,21,12.0,0.5809682794975488,5.459098488382139,1.75,0.03852327441649555,-0.6499,7.1
00-0031407,Blake Bortles,2014,JAX,475,280,2908.0,11,17.0,0.5894736829695291,6.122105250269252,0.6470588235294118,0.10377358470986116,-1.221,4.8
00-0007091,Matt Hasselbeck,2015,IND,256,156,1690.0,9,5.0,0.6093749976196289,6.601562474212646,1.8,0.05882352919550173,-0.4557,22.7
00-0010346,Peyton Manning,2015,DEN,331,198,2249.0,9,17.0,0.5981873093710354,6.794561913007366,0.5294117647058824,0.0461095099535749,-0.173,36.4
00-0019596,Tom Brady,2015,TB,624,402,4770.0,36,7.0,0.6442307681983481,7.6442307569803996,5.142857142857143,0.057401812602112065,0.7197,90.9
00-0020531,Drew Brees,2015,NO,627,428,4870.0,32,11.0,0.6826156288953499,7.767145123178397,2.909090909090909,0.047112461934479544,0.6558,84.1
00-0021206,Josh McCown,2015,NYJ,292,186,2109.0,12,4.0,0.6369862991884031,7.222602714991087,3.0,0.07301587278407659,-0.0056,54.5
00-0021429,Carson Palmer,2015,ARI,537,342,4671.0,35,11.0,0.6368715071939078,8.698324006148372,3.1818181818181817,0.044483985685971554,1.3174,100.0
00-0021678,Tony Romo,2015,DAL,121,83,884.0,5,7.0,0.6859504075541288,7.305785063588553,0.7142857142857143,0.04724409411618823,0.0104,59.1
00-0022803,Eli Manning,2015,NYG,618,387,4432.0,35,14.0,0.6262135912197191,7.171521023994303,2.5,0.04186046505137912,0.123,63.6
00-0022924,Ben Roethlisberger,2015,PIT,469,319,3938.0,21,16.0,0.6801705742427067,8.396588468237551,1.3125,0.04089979541738283,1.0394,95.5
00-0022942,Philip Rivers,2015,IND,661,437,4792.0,29,13.0,0.6611195148848419,7.249621774206321,2.230769230769231,0.05706134086011221,0.0497,61.4
00-0023436,Alex Smith,2015,WAS,470,307,3486.0,20,7.0,0.653191487971933,7.417021260814848,2.857142857142857,0.08737864060703177,-0.234,27.3
00-0023459,Aaron Rodgers,2015,PIT,572,347,3821.0,31,8.0,0.6066433555827914,6.680069918391486,3.875,0.074433656837486,-0.1151,45.5
00-0023662,Matt Cassel,2015,TEN,204,119,1276.0,5,7.0,0.5833333304738563,6.2549019301230295,0.7142857142857143,0.06422018319165054,-0.8313,6.8
00-0023682,Ryan Fitzpatrick,2015,WAS,562,335,3905.0,31,15.0,0.5960854081920188,6.948398564148757,2.066666666666667,0.03270223746522851,0.2365,77.3
00-0024226,Jay Cutler,2015,MIA,483,311,3659.0,21,11.0,0.643892338211403,7.575569342493646,1.9090909090909092,0.05664062488937378,0.2267,72.7
00-0026143,Matt Ryan,2015,IND,614,407,4591.0,21,16.0,0.6628664484318136,7.477198684890556,1.3125,0.046583850859341844,0.1721,68.2
00-0026158,Joe Flacco,2015,CIN,413,266,2791.0,14,12.0,0.6440677950506833,6.757869233031793,1.1666666666666667,0.037296037209100144,-0.1299,43.2
00-0026498,Matthew Stafford,2015,LA,592,398,4262.0,32,13.0,0.67229729616166,7.199324312163304,2.4615384615384617,0.06918238982832958,-0.1341,40.9
00-0026625,Brian Hoyer,2015,LV,369,224,2606.0,19,7.0,0.6070460688155933,7.062330604167125,2.7142857142857144,0.06345177648870108,0.1684,65.9
00-0027659,Jimmy Clausen,2015,BAL,125,72,739.0,2,4.0,0.5759999953920001,5.911999952704001,0.5,0.05303030262855832,-0.7422,9.1
00-0027854,Sam Bradford,2015,ARI,532,346,3725.0,19,14.0,0.6503759386271128,7.001879686086692,1.3571428571428572,0.049999999910714285,-0.2008,34.1
00-0027939,Cam Newton,2015,CAR,495,296,3837.0,35,10.0,0.5979797967717579,7.751515135855525,3.5,0.06249999988162879,0.6338,81.8
00-0027948,Blaine Gabbert,2015,KC,282,178,2031.0,10,7.0,0.6312056715205473,7.202127634035008,1.4285714285714286,0.08143322449044553,-0.5175,18.2
00-0027973,Andy Dalton,2015,CAR,386,255,3250.0,25,7.0,0.6606217599465758,8.419689097358319,3.5714285714285716,0.049261083622509645,1.0415,97.7
00-0027974,Colin Kaepernick,2015,SF,244,144,1615.0,6,5.0,0.5901639320075249,6.618852431889949,1.2,0.10294117609212804,-1.0696,2.3
00-0028012,Ryan Mallett,2015,BAL,244,136,1336.0,5,6.0,0.5573770468959958,5.47540981362537,0.8333333333333334,0.023999999904,-0.6522,15.9
00-0028118,Tyrod Taylor,2015,NYJ,380,242,3035.0,20,6.0,0.6368421035872577,7.986842084245152,3.3333333333333335,0.0865384613304364,0.6561,86.4
00-0028986,Case Keenum,2015,HOU,125,76,828.0,4,1.0,0.607999995136,6.623999947008,4.0,0.031007751697614327,0.3498,79.5
00-0029234,Kellen Moore,2015,DAL,104,61,779.0,4,6.0,0.5865384558986687,7.490384543361687,0.6666666666666666,0.04587155921218753,-0.1608,38.6
00-0029263,Russell Wilson,2015,NYG,483,329,4024.0,34,8.0,0.6811594188795871,8.3312629227096,4.25,0.08522727256585744,0.7832,93.2
00-0029567,Nick Foles,2015,IND,337,190,2052.0,7,10.0,0.563798217911578,6.089020753445042,0.7,0.039886039772404444,-0.7191,11.4
00-0029604,Kirk Cousins,2015,ATL,543,379,4166.0,29,11.0,0.6979742160258302,7.672191514415854,2.6363636363636362,0.045694200271187695,0.7098,88.6
00-0029668,Andrew Luck,2015,IND,293,162,1881.0,15,12.0,0.5529010220037508,6.41979519993244,1.25,0.048701298543177604,-0.3694,25.0
00-0029677,Brandon Weeden,2015,HOU,140,97,1043.0,5,2.0,0.6928571379081633,7.449999946785715,2.5,0.06666666622222223,0.2307,75.0
00-0029682,Brock Osweiler,2015,MIA,275,170,1967.0,10,6.0,0.6181818159338843,7.1527272467173555,1.6666666666666667,0.07718120779469394,-0.204,31.8
00-0029701,Ryan Tannehill,2015,TEN,586,363,4208.0,24,12.0,0.6194539238575871,7.180887359759578,2.0,0.07131537231170305,-0.0735,50.0
00-0031237,Teddy Bridgewater,2015,MIA,447,292,3231.0,14,9.0,0.6532438464133248,7.228187903292644,1.5555555555555556,0.08961303444070665,-0.4591,20.5
00-0031266,Zach Mettenberger,2015,TEN,166,101,935.0,4,7.0,0.6084337312744956,5.632530086551023,0.5714285714285714,0.0726256979182922,-1.0502,4.5
00-0031280,Derek Carr,2015,NO,573,350,3987.0,32,13.0,0.6108202432620938,6.958115171102766,2.4615384615384617,0.051324503226283937,-0.0439,52.3
00-0031288,A.J. McCarron,2015,HOU,119,79,854.0,6,2.0,0.6638655406397854,7.176470527928819,3.0,0.09160305273585456,0.0024,56.8
00-0031407,Blake Bortles,2015,JAX,606,355,4428.0,35,18.0,0.585808579891405,7.306930681011665,1.9444444444444444,0.07762557065810416,-0.2121,29.5
00-0031409,Johnny Manziel,2015,CLE,223,129,1500.0,7,5.0,0.5784753337288102,6.726457368939653,1.4,0.0785123963697835,-0.7085,13.6
00-0031503,Jameis Winston,2015,NYG,535,312,4042.0,22,15.0,0.5831775690034064,7.555140172794131,1.4666666666666666,0.04804270454084928,0.2251,70.5
00-0032268,Marcus Mariota,2015,WAS,370,230,2818.0,19,10.0,0.6216216199415632,7.616216195631848,1.9,0.0931372546736832,-0.09,47.7
00-0019596,Tom Brady,2016,TB,432,291,3554.0,28,2.0,0.6736111095518261,8.226851832808213,14.0,0.03355704690479408,1.5579,100.0
00-0020531,Drew Brees,2016,NO,673,471,5208.0,37,15.0,0.6998514105499979,7.738484386718448,2.466666666666667,0.03857142851632653,0.4298,76.9
00-0021206,Josh McCown,2016,NYJ,165,90,1100.0,6,6.0,0.5454545421487603,6.666666626262627,1.0,0.098360655200215,-0.5393,12.8
00-0021429,Carson Palmer,2016,ARI,597,364,4233.0,26,14.0,0.6097152418597734,7.090452249429728,1.8571428571428572,0.06279434841005598,0.0929,61.5
00-0022803,Eli Manning,2016,NYG,598,377,4027.0,26,16.0,0.6304347815544569,6.734113701113523,1.625,0.033925686536469005,-0.0201,48.7
00-0022924,Ben Roethlisberger,2016,PIT,509,328,3819.0,29,13.0,0.6444007845886036,7.502946940072796,2.230769230769231,0.032319391573537276,0.4683,79.5
00-0022942,Philip Rivers,2016,IND,578,349,4386.0,33,21.0,0.603806227329055,7.588235280989212,1.5714285714285714,0.05863192172861251,-0.0045,51.3
00-0023436,Alex Smith,2016,WAS,489,328,3502.0,15,8.0,0.6707566448450785,7.161554177583734,1.875,0.05415860724534118,-0.0991,43.6
00-0023459,Aaron Rodgers,2016,PIT,610,401,4428.0,40,7.0,0.6573770481026606,7.2590163815425965,5.714285714285714,0.05426356580734331,0.5738,87.2
00-0023682,Ryan Fitzpatrick,2016,WAS,403,228,2710.0,12,17.0,0.5657568224174768,6.724565740137554,0.7058823529411765,0.04502369657577323,-0.2345,35.9
00-0024226,Jay Cutler,2016,MIA,137,81,1059.0,4,5.0,0.591240871596782,7.729926950876446,0.8,0.11038960967279475,-0.3309,28.2
00-0026143,Matt Ryan,2016,IND,534,373,4944.0,38,7.0,0.6985018713511201,9.258426948954257,5.428571428571429,0.06479859883572925,1.1667,97.4
00-0026158,Joe Flacco,2016,CIN,672,436,4317.0,20,15.0,0.6488095228440335,6.4241071332974595,1.3333333333333333,0.04680851057190282,-0.2421,33.3
00-0026498,Matthew Stafford,2016,LA,594,388,4327.0,24,10.0,0.6531986520989922,7.284511772248297,2.4,0.058637083900733626,0.0064,53.8
00-0026625,Brian Hoyer,2016,LV,200,134,1445.0,6,0.0,0.66999999665,7.224999963875001,6.0,0.019607843041138023,0.7479,92.3
00-0027854,Sam Bradford,2016,ARI,552,395,3877.0,20,5.0,0.7155797088485875,7.023550711913858,4.0,0.06281833605633559,0.0895,59.0
00-0027939,Cam Newton,2016,CAR,510,270,3509.0,19,14.0,0.5294117636678201,6.88039214337178,1.3571428571428572,0.06593406581330757,-0.2058,38.5
00-0027948,Blaine Gabbert,2016,KC,160,91,925.0,5,6.0,0.5687499964453125,5.781249963867188,0.8333333333333334,0.06432748500393284,-0.7278,10.3
00-0027973,Andy Dalton,2016,CAR,563,364,4206.0,18,8.0,0.6465364109297754,7.470692704314933,2.25,0.06788079458960133,0.0218,56.4
00-0027974,Colin Kaepernick,2016,SF,331,196,2241.0,16,4.0,0.5921450133167825,6.7703927287903545,4.0,0.09809264278448872,-0.4555,17.9
00-0028118,Tyrod Taylor,2016,NYJ,436,269,3023.0,17,6.0,0.6169724756491457,6.933486222629619,2.8333333333333335,0.08786610860279057,-0.044,46.2
00-0028986,Case Keenum,2016,HOU,322,196,2201.0,9,11.0,0.6086956502835539,6.835403705480113,0.8181818181818182,0.06666666647342995,-0.455,20.5
00-0029263,Russell Wilson,2016,NYG,546,353,4219.0,21,11.0,0.6465201453360437,7.727106212954018,1.9090909090909092,0.06984667790486085,0.2058,69.2
00-0029604,Kirk Cousins,2016,ATL,606,406,4917.0,25,12.0,0.6699669955941139,8.113861372749403,2.0833333333333335,0.03656597768431482,0.6998,89.7
00-0029665,Robert Griffin,2016,BAL,147,87,886.0,2,3.0,0.5918367306677773,6.027210843352307,0.6666666666666666,0.13017751402261826,-1.0502,5.1
00-0029668,Andrew Luck,2016,IND,545,346,4240.0,31,13.0,0.6348623841562158,7.779816499486575,2.3846153846153846,0.06996587018777155,0.119,64.1
00-0029682,Brock Osweiler,2016,MIA,510,301,2957.0,15,16.0,0.5901960772741254,5.79803920431757,0.9375,0.05027932951530851,-0.4796,15.4
00-0029701,Ryan Tannehill,2016,TEN,389,261,2995.0,19,12.0,0.6709511550875291,7.699228771981417,1.5833333333333333,0.06937799026464596,0.1248,66.7
00-0030533,Matt Barkley,2016,BUF,216,129,1611.0,8,14.0,0.5972222194573046,7.458333298804012,0.5714285714285714,0.027027026905283663,0.5331,84.6
00-0031280,Derek Carr,2016,NO,560,357,3937.0,28,6.0,0.6374999988616071,7.030357130302933,4.666666666666667,0.02777777772955247,0.3648,74.4
00-0031407,Blake Bortles,2016,JAX,625,368,3905.0,23,16.0,0.58879999905792,6.2479999900032,1.4375,0.05159332313870513,-0.412,25.6
00-0031503,Jameis Winston,2016,NYG,567,345,4090.0,28,18.0,0.6084656073924769,7.213403867348494,1.5555555555555556,0.05813953478714363,0.2838,71.8
00-0031568,Bryce Petty,2016,NYJ,133,75,809.0,3,7.0,0.5639097701961672,6.082706721182657,0.42857142857142855,0.08904109528054044,-0.8289,7.7
00-0032156,Trevor Siemian,2016,NYJ,486,289,3401.0,18,10.0,0.5946502045377567,6.997942372432218,1.8,0.059961315164484885,-0.1895,41.0
00-0032268,Marcus Mariota,2016,WAS,451,276,3426.0,26,9.0,0.6119733911042718,7.59645231131607,2.888888888888889,0.048523206648685216,0.472,82.1
00-0032950,Carson Wentz,2016,MIN,607,379,3782.0,16,14.0,0.6243822065496174,6.230642493853966,1.1428571428571428,0.051562499919433596,-0.4428,23.1
00-0033077,Dak Prescott,2016,DAL,459,311,3667.0,23,4.0,0.6775599113778651,7.989106736407175,5.75,0.05165289245526262,0.7726,94.9
00-0033104,Cody Kessler,2016,JAX,195,128,1380.0,6,2.0,0.65641025304405,7.076923040631164,3.0,0.09722222177211934,-0.309,30.8
00-0033106,Jared Goff,2016,DET,205,112,1089.0,5,7.0,0.5463414607495538,5.312195096038073,0.7142857142857143,0.11255411206686532,-1.6598,2.6
00-0019596,Tom Brady,2017,TB,581,385,4577.0,32,8.0,0.6626506012691039,7.877796888334257,4.0,0.05681818172594451,1.0323,100.0
00-0020531,Drew Brees,2017,NO,536,386,4334.0,23,8.0,0.7201492523877813,8.085820880436902,2.875,0.03597122295688629,0.8144,90.9
00-0021206,Josh McCown,2017,NYJ,397,267,2926.0,18,9.0,0.6725440789104683,7.3702770595207125,2.0,0.08944954107924417,0.0063,54.5
00-0021429,Carson Palmer,2017,ARI,267,164,1978.0,9,7.0,0.6142322074373325,7.408239672628316,1.2857142857142858,0.07612456721064163,0.0929,59.1
00-0022803,Eli Manning,2017,NYG,571,352,3468.0,19,13.0,0.6164623456804512,6.073555155738082,1.4615384615384615,0.05306799327849421,-0.337,34.1
00-0022924,Ben Roethlisberger,2017,PIT,562,361,4259.0,28,14.0,0.6423487533054293,7.578291801462115,2.0,0.03602058312860963,0.6848,79.5
00-0022942,Philip Rivers,2017,IND,575,360,4515.0,28,10.0,0.6260869554328923,7.852173899387524,2.8,0.030354131483382576,0.7524,88.6
00-0023436,Alex Smith,2017,WAS,505,341,4042.0,26,5.0,0.6752475234153514,8.003960380190177,5.2,0.06481481469478738,0.973,97.7
00-0023459,Aaron Rodgers,2017,PIT,238,154,1675.0,16,6.0,0.6470588208106772,7.037815096479768,2.6666666666666665,0.08461538428994084,-0.1557,45.5
00-0023682,Ryan Fitzpatrick,2017,WAS,163,96,1103.0,7,3.0,0.5889570516014905,6.766871124129625,2.3333333333333335,0.04117647034602076,0.3083,68.2
00-0024226,Jay Cutler,2017,MIA,429,266,2666.0,19,14.0,0.62004661860129,6.214452199966312,1.3571428571428572,0.044543429744892137,-0.0498,47.7
00-0025430,Drew Stanton,2017,ARI,159,79,894.0,6,5.0,0.49685534278707333,5.622641474071437,1.2,0.042168674444767025,-0.2342,38.6
00-0025708,Matt Moore,2017,KC,127,78,861.0,4,5.0,0.6141732235104471,6.779527505673012,0.8,0.0863309346307127,-0.4601,29.5
00-0026143,Matt Ryan,2017,IND,529,342,4095.0,20,12.0,0.6465028343166298,7.741020779317541,1.6666666666666667,0.043399638257866836,0.6133,75.0
00-0026158,Joe Flacco,2017,CIN,549,352,3141.0,18,13.0,0.6411657547519749,5.721311464988504,1.3846153846153846,0.04687499991861979,-0.3792,31.8
00-0026498,Matthew Stafford,2017,LA,565,371,4446.0,29,10.0,0.6566371669794032,7.869026534745085,2.9,0.07679738549542911,0.4097,70.5
00-0026625,Brian Hoyer,2017,LV,211,123,1287.0,4,4.0,0.5829383858628513,6.099526037443004,1.0,0.07048458118729259,-0.6141,18.2
00-0027939,Cam Newton,2017,CAR,492,291,3302.0,22,16.0,0.5914634134319849,6.711382100180118,1.375,0.06641366211306705,-0.2294,40.9
00-0027948,Blaine Gabbert,2017,KC,171,95,1086.0,6,6.0,0.5555555523066927,6.350877155842824,1.0,0.11855670041981083,-0.9011,6.8
00-0027973,Andy Dalton,2017,CAR,496,297,3320.0,25,12.0,0.5987903213734066,6.693548373601717,2.0833333333333335,0.0728971961254258,-0.187,43.2
00-0028118,Tyrod Taylor,2017,NYJ,420,263,2799.0,14,4.0,0.6261904746995465,6.664285698418367,3.5,0.09871244614010205,-0.0104,52.3
00-0028986,Case Keenum,2017,HOU,481,325,3547.0,22,7.0,0.6756756742709445,7.374220358889355,3.142857142857143,0.04373757446573047,0.6545,77.3
00-0029263,Russell Wilson,2017,NYG,553,339,3983.0,34,11.0,0.6130198903923691,7.202531632545151,3.090909090909091,0.0721476508856583,0.4755,72.7
00-0029567,Nick Foles,2017,IND,101,57,537.0,5,2.0,0.564356430055877,5.31683163052642,2.5,0.0471698108757565,-0.3333,36.4
00-0029604,Kirk Cousins,2017,ATL,540,347,4093.0,27,13.0,0.6425925914026063,7.579629615593278,2.076923076923077,0.0705679861091773,0.1333,63.6
00-0029682,Brock Osweiler,2017,MIA,172,96,1088.0,5,5.0,0.5581395316387237,6.325581358572202,1.0,0.05494505464315904,-0.5515,22.7
00-0030520,Mike Glennon,2017,NYG,140,93,833.0,4,5.0,0.6642857095408163,5.9499999575,0.8,0.05405405368882396,-0.5051,27.3
00-0031064,Tom Savage,2017,HOU,223,125,1412.0,5,6.0,0.5605381140783045,6.331838536628527,0.8333333333333334,0.08606557341776404,-0.6658,15.9
00-0031280,Derek Carr,2017,NO,515,323,3496.0,22,13.0,0.6271844648015835,6.788349501381846,1.6923076923076923,0.03738317750021836,0.2451,65.9
00-0031345,Jimmy Garoppolo,2017,LA,178,120,1560.0,7,5.0,0.674157299583386,8.764044894584018,1.4,0.043010752456931436,0.9094,93.2
00-0031407,Blake Bortles,2017,JAX,523,315,3687.0,21,13.0,0.602294453915307,7.049713179637259,1.6153846153846154,0.043875685477375345,0.0328,56.8
00-0031503,Jameis Winston,2017,NYG,442,282,3504.0,19,11.0,0.6380090483302963,7.927601792019001,1.7272727272727273,0.06947368406426593,0.6946,81.8
00-0031568,Bryce Petty,2017,NYJ,112,55,544.0,1,3.0,0.4910714241868623,4.857142813775511,0.3333333333333333,0.06666666611111112,-1.3515,2.3
00-0031589,Brett Hundley,2017,GB,316,192,1836.0,9,12.0,0.607594934786092,5.8101265638920045,0.75,0.08405797077084647,-0.8141,9.1
00-0032156,Trevor Siemian,2017,NYJ,349,206,2285.0,12,14.0,0.5902578779648772,6.547277918202642,0.8571428571428571,0.08638743432882871,-0.5052,25.0
00-0032268,Marcus Mariota,2017,WAS,453,281,3232.0,13,15.0,0.6203090494032912,7.1346578208947955,0.8666666666666667,0.0562499998828125,0.0951,61.4
00-0032950,Carson Wentz,2017,MIN,440,265,3296.0,33,7.0,0.6022727259039257,7.490909073884297,4.714285714285714,0.05982905970121996,0.9247,95.5
00-0033077,Dak Prescott,2017,DAL,490,308,3324.0,22,13.0,0.6285714272886297,6.783673455543523,1.6923076923076923,0.061302681874899075,-0.0213,50.0
00-0033106,Jared Goff,2017,DET,477,296,3804.0,28,7.0,0.620545072074329,7.974842750576849,4.0,0.04980079671354423,0.7113,84.1
00-0033119,Jacoby Brissett,2017,ARI,469,276,3098.0,13,7.0,0.5884861394701788,6.6055436959370075,1.8571428571428572,0.09980806122877532,-0.6873,13.6
00-0033537,Deshaun Watson,2017,CLE,204,126,1699.0,19,8.0,0.6176470557958478,8.328431331723376,2.375,0.08520179333990227,0.7299,86.4
00-0033869,Mitchell Trubisky,2017,BUF,330,196,2193.0,7,7.0,0.5939393921395776,6.645454525316804,1.0,0.08587257593941115,-0.6118,20.5
00-0033899,DeShone Kizer,2017,GB,476,255,2894.0,11,22.0,0.5357142845888355,6.079831920000353,0.5,0.07392996094566155,-0.7402,11.4
00-0033936,C.J. Beathard,2017,JAX,224,123,1430.0,4,6.0,0.5491071404057717,6.38392854292889,0.6666666666666666,0.07818930008975597,-0.9486,4.5
00-0019596,Tom Brady,2018,TB,570,375,4355.0,29,11.0,0.657894735687904,7.640350863788858,2.6363636363636362,0.03553299486373436,0.388,78.0
00-0020531,Drew Brees,2018,NO,489,364,3992.0,32,5.0,0.7443762765963675,8.163599165309613,6.4,0.033596837878267116,1.1237,100.0
00-0021206,Josh McCown,2018,NYJ,110,60,539.0,1,4.0,0.5454545404958678,4.899999955454546,0.25,0.05982905931770035,-1.2172,4.9
00-0022803,Eli Manning,2018,NYG,576,380,4299.0,21,11.0,0.6597222210768712,7.463541653709129,1.9090909090909092,0.07544141239897044,-0.1251,43.9
00-0022924,Ben Roethlisberger,2018,PIT,675,452,5129.0,34,16.0,0.6696296286375857,7.5985185072614545,2.125,0.03433476389937802,0.3711,73.2
00-0022942,Philip Rivers,2018,IND,508,347,4308.0,32,12.0,0.6830708647971045,8.480314943936389,2.6666666666666665,0.05925925914951989,0.4776,82.9
00-0023436,Alex Smith,2018,WAS,328,205,2180.0,10,5.0,0.6249999980945122,6.646341443151398,2.0,0.06285714267755102,-0.2056,39.0
00-0023459,Aaron Rodgers,2018,PIT,597,372,4442.0,25,2.0,0.6231155768457025,7.440536000937126,12.5,0.07585139307143747,1.0266,95.1
00-0023682,Ryan Fitzpatrick,2018,WAS,246,164,2366.0,17,12.0,0.6666666639566395,9.61788613976469,1.4166666666666667,0.053846153639053256,1.0586,97.6
00-0026143,Matt Ryan,2018,IND,608,422,4924.0,35,7.0,0.6940789462268439,8.098684197206111,5.0,0.06461538451597633,0.7769,90.2
00-0026158,Joe Flacco,2018,CIN,379,232,2465.0,12,6.0,0.6121372015510892,6.5039577664803225,2.0,0.04050632901137638,-0.0305,51.2
00-0026498,Matthew Stafford,2018,LA,555,367,3777.0,21,11.0,0.6612612600697996,6.805405393143413,1.9090909090909092,0.06722689064331615,-0.2788,31.7
00-0027939,Cam Newton,2018,CAR,471,320,3395.0,24,13.0,0.6794055187273769,7.208067925248264,1.8461538461538463,0.057999999884,0.0016,56.1
00-0027948,Blaine Gabbert,2018,KC,101,61,626.0,4,4.0,0.6039603900597982,6.198019740613666,1.0,0.0471698108757565,-0.5666,17.1
00-0027973,Andy Dalton,2018,CAR,365,226,2566.0,21,11.0,0.6191780804954026,7.030136967040721,1.9090909090909092,0.054404144936776824,-0.0908,48.8
00-0028986,Case Keenum,2018,HOU,586,365,3890.0,18,15.0,0.6228668931350394,6.638225244644667,1.2,0.054838709588969824,-0.3501,26.8
00-0029263,Russell Wilson,2018,NYG,427,280,3448.0,35,7.0,0.6557377033823473,8.074941433079763,5.0,0.10669456044624569,0.3599,70.7
00-0029567,Nick Foles,2018,IND,195,141,1413.0,7,4.0,0.7230769193688363,7.246153808994083,1.75,0.04411764684256055,0.2181,63.4
00-0029604,Kirk Cousins,2018,ATL,606,425,4298.0,30,10.0,0.7013201308559074,7.092409229220447,3.0,0.06191950454811222,0.1677,58.5
00-0029668,Andrew Luck,2018,IND,639,430,4593.0,39,15.0,0.6729264465212419,7.187793415981544,2.6,0.027397260232272055,0.3367,68.3
00-0029682,Brock Osweiler,2018,MIA,178,113,1247.0,6,4.0,0.6348314571076884,7.005617938170686,1.5,0.0871794867324129,-0.3392,29.3
00-0029701,Ryan Tannehill,2018,TEN,274,176,1979.0,17,9.0,0.6423357640790666,7.222627710866322,1.8888888888888888,0.11326860804767441,-0.3995,19.5
00-0031280,Derek Carr,2018,NO,553,381,4049.0,19,10.0,0.6889692573436361,7.321880637754284,1.9,0.08443708595291874,-0.1983,41.5
00-0031407,Blake Bortles,2018,JAX,403,243,2718.0,13,11.0,0.6029776659975741,6.744416856713606,1.1818181818181819,0.07142857126398947,-0.5966,14.6
00-0031503,Jameis Winston,2018,NYG,378,244,2992.0,19,14.0,0.6455026437949666,7.915343894403852,1.3571428571428572,0.06666666650205762,0.578,87.8
00-0032268,Marcus Mariota,2018,WAS,331,228,2528.0,11,8.0,0.6888217501848286,7.637462212575643,1.375,0.11260053589115138,-0.2569,34.1
00-0032436,Jeff Driskel,2018,CLE,176,105,1003.0,6,2.0,0.596590905701188,5.69886360398373,3.0,0.08333333289930556,-0.6408,12.2
00-0032950,Carson Wentz,2018,MIN,401,279,3074.0,21,7.0,0.6957605967686769,7.665835392354525,3.0,0.07175925909314987,0.2912,65.9
00-0033077,Dak Prescott,2018,DAL,526,356,3885.0,22,8.0,0.6768060823634865,7.385931544893666,2.75,0.09621993110615132,-0.1085,46.3
00-0033104,Cody Kessler,2018,JAX,131,85,709.0,2,2.0,0.6488549568789698,5.412213699143407,1.0,0.14379084873339315,-1.3583,2.4
00-0033106,Jared Goff,2018,DET,561,364,4688.0,32,12.0,0.6488413535671277,8.356506223963446,2.6666666666666665,0.055555555462027686,0.5028,85.4
00-0033319,Nick Mullens,2018,MIN,274,176,2277.0,13,10.0,0.6423357640790666,8.310218947772924,1.3,0.05841924378550088,-0.0187,53.7
00-0033537,Deshaun Watson,2018,CLE,505,345,4165.0,26,9.0,0.6831683154788746,8.247524736143516,2.888888888888889,0.10934744248792339,0.2059,61.0
00-0033869,Mitchell Trubisky,2018,BUF,434,289,3223.0,24,12.0,0.6658986159771921,7.4262672639947755,2.0,0.052401746610476536,0.3727,75.6
00-0033873,Patrick Mahomes,2018,KC,580,383,5097.0,50,12.0,0.6603448264476813,8.787931019331154,4.166666666666667,0.042904290358243745,0.9655,92.7
00-0033936,C.J. Beathard,2018,JAX,169,102,1252.0,8,7.0,0.6035502922866847,7.408283979832639,1.1428571428571428,0.09625668397723698,-0.7541,9.8
00-0034343,Josh Rosen,2018,MIA,393,217,2278.0,11,14.0,0.552162848467779,5.796437644283873,0.7857142857142857,0.10273972579283168,-1.0903,7.3
00-0034796,Lamar Jackson,2018,BAL,170,99,1201.0,6,3.0,0.582352937750865,7.064705840795848,2.0,0.08602150491386287,-0.3644,24.4
00-0034855,Baker Mayfield,2018,TB,486,310,3725.0,27,14.0,0.6378600809920575,7.664609037727142,1.9285714285714286,0.048923678964924305,0.4001,80.5
00-0034857,Josh Allen,2018,BUF,319,168,2044.0,10,12.0,0.5266457663741512,6.407523490885507,0.8333333333333334,0.08069164241875608,-0.3821,22.0
00-0034869,Sam Darnold,2018,SEA,414,239,2865.0,17,15.0,0.5772946845959066,6.920289838356788,1.1333333333333333,0.06756756741538836,-0.2503,36.6
00-0019596,Tom Brady,2019,TB,613,373,4057.0,24,8.0,0.6084828701329806,6.618270788550945,3.0,0.04218749993408203,-0.1054,50.0
00-0020531,Drew Brees,2019,NO,378,281,2979.0,27,4.0,0.7433862414196131,7.880952360103301,6.75,0.030769230690335304,1.1545,100.0
00-0022803,Eli Manning,2019,NYG,147,91,1042.0,6,5.0,0.6190476148364108,7.088435325929011,1.2,0.03289473662569252,0.0462,57.1
00-0022942,Philip Rivers,2019,IND,591,390,4615.0,23,20.0,0.6598984760407809,7.808798633149241,1.15,0.054399999912960004,0.3067,71.4
00-0023459,Aaron Rodgers,2019,PIT,569,353,4002.0,26,4.0,0.620386642143433,7.033391903280506,6.5,0.05950413213305102,0.5689,81.0
00-0023682,Ryan Fitzpatrick,2019,WAS,502,311,3529.0,20,13.0,0.6195219111164902,7.029880464083903,1.5384615384615385,0.07380073787121635,-0.0959,52.4
00-0026143,Matt Ryan,2019,IND,616,408,4466.0,26,14.0,0.6623376612624389,7.2499999882305195,1.8571428571428572,0.07228915651763682,0.0556,59.5
00-0026158,Joe Flacco,2019,CIN,262,171,1822.0,6,5.0,0.6526717532340773,6.9541984467397,1.2,0.09027777746431327,-0.5639,16.7
00-0026498,Matthew Stafford,2019,LA,291,187,2499.0,19,5.0,0.6426116816405096,8.58762883646863,3.8,0.05825242699594684,1.1094,95.2
00-0027973,Andy Dalton,2019,CAR,528,314,3494.0,16,14.0,0.5946969685706497,6.617424229891242,1.1428571428571428,0.06548672554781111,-0.4659,21.4
00-0028986,Case Keenum,2019,HOU,247,160,1707.0,11,5.0,0.6477732767296629,6.910931146109591,2.2,0.05725190817842783,-0.1909,42.9
00-0029263,Russell Wilson,2019,NYG,516,341,4110.0,31,5.0,0.6608527118975722,7.965116263633496,6.2,0.08510638282782557,0.8502,85.7
00-0029567,Nick Foles,2019,IND,117,77,736.0,3,2.0,0.6581196524947038,6.290598236832494,1.5,0.063999999488,-0.1145,47.6
00-0029604,Kirk Cousins,2019,ATL,444,307,3603.0,26,6.0,0.6914414398841409,8.114864846588143,4.333333333333333,0.05932203377262281,0.6853,83.3
00-0029701,Ryan Tannehill,2019,TEN,286,201,2742.0,22,6.0,0.7027972003398699,9.587412553890166,3.6666666666666665,0.09779179779876404,1.0782,92.9
00-0031237,Teddy Bridgewater,2019,MIA,196,133,1384.0,9,2.0,0.6785714251093294,7.061224453769263,4.5,0.05769230741494083,0.1204,64.3
00-0031280,Derek Carr,2019,NO,513,361,4054.0,21,8.0,0.7037037023319616,7.902534097655879,2.625,0.05350553495663186,0.3252,73.8
00-0031345,Jimmy Garoppolo,2019,LA,476,329,3978.0,27,13.0,0.6911764691361839,8.357142839585835,2.076923076923077,0.0703124998626709,0.1692,69.0
00-0031503,Jameis Winston,2019,NYG,626,380,5109.0,33,30.0,0.6070287530239157,8.161341839997856,1.1,0.06983655264511657,0.3618,78.6
00-0032268,Marcus Mariota,2019,WAS,160,95,1203.0,7,2.0,0.5937499962890626,7.518749953007813,3.5,0.13513513440467495,-0.7586,11.9
00-0032436,Jeff Driskel,2019,CLE,105,62,685.0,4,4.0,0.5904761848526078,6.523809461678005,1.0,0.09482758538941737,-0.7644,9.5
00-0032950,Carson Wentz,2019,MIN,607,388,4039.0,27,7.0,0.6392092246471017,6.654036232859907,3.857142857142857,0.05745341605985495,0.1302,66.7
00-0033077,Dak Prescott,2019,DAL,596,388,4902.0,30,11.0,0.6510067103171029,8.224832200965047,2.727272727272727,0.037156704301847004,0.8612,88.1
00-0033106,Jared Goff,2019,DET,626,394,4638.0,22,16.0,0.6293929702405863,7.408945675065582,1.375,0.03395061723155769,0.1003,61.9
00-0033119,Jacoby Brissett,2019,ARI,447,272,2942.0,18,6.0,0.6085011172069327,6.581655466260279,3.0,0.05696202519628265,-0.1549,45.2
00-0033537,Deshaun Watson,2019,CLE,495,333,3852.0,26,12.0,0.6727272713682277,7.781818166097337,2.1666666666666665,0.08163265290977244,0.335,76.2
00-0033869,Mitchell Trubisky,2019,BUF,516,326,3138.0,17,10.0,0.6317829445120485,6.08139533705156,1.7,0.06859205763792048,-0.403,23.8
00-0033873,Patrick Mahomes,2019,KC,484,319,4031.0,26,5.0,0.659090907729151,8.328512379486545,5.2,0.0339321356608141,1.1276,97.6
00-0034343,Josh Rosen,2019,MIA,109,58,567.0,1,5.0,0.5321100868613754,5.201834814662066,0.2,0.127999998976,-1.6942,2.4
00-0034577,Kyle Allen,2019,HOU,489,303,3322.0,17,16.0,0.6196319005733499,6.793456018827288,1.0625,0.08598130825050222,-0.4707,19.0
00-0034771,Mason Rudolph,2019,PIT,283,176,1765.0,13,9.0,0.6219081250109254,6.236749094569792,1.4444444444444444,0.050335570300887346,-0.2713,33.3
00-0034796,Lamar Jackson,2019,BAL,401,265,3127.0,36,6.0,0.6608478786512522,7.798004968084776,6.0,0.05424528289093094,0.937,90.5
00-0034855,Baker Mayfield,2019,TB,535,318,3883.0,23,21.0,0.5943925222534719,7.257943911667395,1.0952380952380953,0.06956521727032136,-0.2793,31.0
00-0034857,Josh Allen,2019,BUF,461,271,3089.0,20,9.0,0.5878524933018384,6.700650744684054,2.2222222222222223,0.0761523044566086,-0.2148,35.7
00-0034869,Sam Darnold,2019,SEA,441,273,3024.0,19,13.0,0.6190476176438829,6.85714284159378,1.4615384615384615,0.0696202530176788,-0.2076,38.1
00-0035040,David Blough,2019,ARI,174,94,984.0,4,6.0,0.5402298819527018,5.655172381292113,0.6666666666666666,0.07446808471027615,-1.0003,4.8
00-0035228,Kyler Murray,2019,ARI,539,346,3752.0,20,12.0,0.6419294978813924,6.961038948124232,1.6666666666666667,0.08177172047398344,-0.3504,28.6
00-0035232,Dwayne Haskins,2019,WAS,203,119,1365.0,7,7.0,0.5862068936640055,6.7241378979106505,1.0,0.1249999994612069,-0.8814,7.1
00-0035289,Gardner Minshew,2019,KC,470,285,3271.0,21,6.0,0.6063829774332277,6.959574453277501,3.5,0.0656063616985957,-0.1946,40.5
00-0035577,Devlin Hodges,2019,PIT,160,100,1063.0,5,8.0,0.62499999609375,6.643749958476563,0.625,0.0857142852244898,-0.6897,14.3
00-0035704,Drew Lock,2019,NYG,156,100,1020.0,7,3.0,0.6410256369165024,6.538461496548324,2.3333333333333335,0.03105590042822422,-0.0928,54.8
00-0035710,Daniel Jones,2019,IND,459,284,3027.0,24,12.0,0.6187363820942563,6.594771227462372,2.0,0.07645875236125,-0.3582,26.2
00-0019596,Tom Brady,2020,TB,610,401,4633.0,40,12.0,0.6573770481026606,7.59508195476216,3.3333333333333335,0.033280507078794756,0.7723,90.9
00-0020531,Drew Brees,2020,NO,390,275,2942.0,24,6.0,0.7051282033201841,7.543589724247206,4.0,0.032258064436084206,0.4657,81.8
00-0022924,Ben Roethlisberger,2020,PIT,608,399,3803.0,33,10.0,0.6562499989206414,6.254934200238595,3.3,0.020933977422006478,0.1236,56.8
00-0022942,Philip Rivers,2020,IND,543,369,4169.0,24,11.0,0.6795580097982357,7.677716376284132,2.1818181818181817,0.03380782912133838,0.3791,79.5
00-0023436,Alex Smith,2020,WAS,252,168,1582.0,6,8.0,0.666666664021164,6.277777752865961,0.75,0.08029197050988332,-1.0875,2.3
00-0023459,Aaron Rodgers,2020,PIT,526,372,4299.0,48,5.0,0.7072243332562275,8.173003786743338,9.6,0.03663003656294865,1.5924,100.0
00-0023682,Ryan Fitzpatrick,2020,WAS,267,183,2091.0,13,8.0,0.6853932558599504,7.83146064482599,1.625,0.04982206387963679,0.3429,75.0
00-0026143,Matt Ryan,2020,IND,626,407,4581.0,26,11.0,0.6501597433703519,7.317891362111995,2.3636363636363638,0.06146926527515852,0.1627,59.1
00-0026158,Joe Flacco,2020,CIN,134,74,864.0,6,3.0,0.5522388018489641,6.447761145912231,2.0,0.049645389718827024,-0.0124,47.7
00-0026498,Matthew Stafford,2020,LA,528,339,4084.0,26,10.0,0.6420454533294594,7.73484847019915,2.6,0.06713780906866111,0.2412,65.9
00-0027939,Cam Newton,2020,CAR,368,242,2657.0,8,10.0,0.6576086938651937,7.220108676032313,0.8,0.07769423539425004,-0.5205,18.2
00-0027973,Andy Dalton,2020,CAR,333,216,2170.0,14,8.0,0.6486486467007548,6.516516496947398,1.75,0.0672268905679919,-0.509,20.5
00-0029263,Russell Wilson,2020,NYG,558,384,4212.0,40,13.0,0.6881720417774695,7.5483870832466184,3.076923076923077,0.07768595028481662,0.3282,72.7
00-0029567,Nick Foles,2020,IND,312,202,1852.0,10,8.0,0.6474358953607824,5.935897416872124,1.25,0.05454545438016529,-0.3649,29.5
00-0029604,Kirk Cousins,2020,ATL,516,349,4265.0,35,13.0,0.6763565878365182,8.265503859950574,2.6923076923076925,0.07027027014365717,0.3589,77.3
00-0029701,Ryan Tannehill,2020,TEN,481,315,3819.0,34,7.0,0.6548856535241463,7.939708923202268,4.857142857142857,0.0475247523811391,0.7394,88.6
00-0030520,Mike Glennon,2020,NYG,179,111,1072.0,7,5.0,0.6201117283792641,5.988826782185325,1.4,0.04787234017089181,-0.4031,27.3
00-0031237,Teddy Bridgewater,2020,MIA,492,340,3733.0,15,11.0,0.6910569091645185,7.587398358562199,1.3636363636363635,0.05927342244880799,0.048,52.3
00-0031280,Derek Carr,2020,NO,517,348,4103.0,27,9.0,0.673114118620669,7.936170197415532,3.0,0.047882136191745604,0.5512,84.1
00-0031345,Jimmy Garoppolo,2020,LA,140,94,1096.0,7,5.0,0.6714285666326532,7.8285713726530615,1.4,0.07284768163677033,-0.2823,34.1
00-0032434,Brandon Allen,2020,SF,142,90,925.0,5,4.0,0.6338028124380084,6.514084461168419,1.25,0.04697986545651097,-0.4781,22.7
00-0032950,Carson Wentz,2020,MIN,437,251,2620.0,16,15.0,0.5743707080678015,5.995423327241594,1.0666666666666667,0.10266940430663367,-1.029,9.1
00-0033077,Dak Prescott,2020,DAL,222,151,1856.0,9,4.0,0.6801801771163055,8.36036032270108,2.25,0.04310344809007134,0.6248,86.4
00-0033106,Jared Goff,2020,DET,552,370,3952.0,20,13.0,0.6702898538581705,7.1594202768851085,1.5384615384615385,0.039999999930434786,-0.0679,45.5
00-0033319,Nick Mullens,2020,MIN,326,211,2437.0,12,12.0,0.6472392618182845,7.475460099768528,1.0,0.05507246360848561,-0.344,31.8
00-0033357,Taysom Hill,2020,NO,121,88,928.0,4,2.0,0.7272727212622089,7.6694214242196574,2.0,0.10370370293552812,-0.1788,38.6
00-0033537,Deshaun Watson,2020,CLE,544,382,4823.0,33,7.0,0.7022058810621216,8.86580880723197,4.714285714285714,0.08263069126031924,0.9249,95.5
00-0033869,Mitchell Trubisky,2020,BUF,297,199,2055.0,16,8.0,0.6700336677776644,6.9191918958949765,2.0,0.05714285696145125,0.0133,50.0
00-0033873,Patrick Mahomes,2020,KC,588,390,4740.0,38,6.0,0.6632653049944468,8.061224476086354,6.333333333333333,0.03606557371136791,1.0943,97.7
00-0033936,C.J. Beathard,2020,JAX,104,66,787.0,6,0.0,0.6346153785133137,7.56730761954512,6.0,0.07964601699428303,0.3172,70.5
00-0034796,Lamar Jackson,2020,BAL,376,242,2757.0,26,9.0,0.6436170195648484,7.33244678900945,2.888888888888889,0.07160493809480262,0.114,54.5
00-0034855,Baker Mayfield,2020,TB,486,305,3563.0,26,8.0,0.6275720151696049,7.33127570507968,3.25,0.05078124990081787,0.2689,68.2
00-0034857,Josh Allen,2020,BUF,572,396,4544.0,37,10.0,0.6923076910973642,7.9440559301677345,3.7,0.0434782607968591,0.8448,93.2
00-0034869,Sam Darnold,2020,SEA,364,217,2208.0,9,11.0,0.5961538445160609,6.065934049269412,0.8181818181818182,0.08771929802576617,-1.0216,11.4
00-0035228,Kyler Murray,2020,ARI,558,375,3971.0,26,12.0,0.67204300954831,7.116487442443571,2.1666666666666665,0.04615384607495069,0.2,63.6
00-0035232,Dwayne Haskins,2020,WAS,241,148,1439.0,5,7.0,0.6141078812692619,5.970954332070729,0.7142857142857143,0.07662835219682623,-1.0503,6.8
00-0035289,Gardner Minshew,2020,KC,327,216,2259.0,16,5.0,0.6605504566955643,6.908256859607778,3.2,0.07627118622522264,-0.092,43.2
00-0035704,Drew Lock,2020,NYG,443,254,2933.0,16,15.0,0.5733634298569674,6.62076747941136,1.0666666666666667,0.041125541036524806,-0.2507,36.4
00-0035710,Daniel Jones,2020,IND,448,280,2943.0,11,10.0,0.6249999986049107,6.569196413908044,1.1,0.09127789028138358,-0.7807,13.6
00-0036212,Tua Tagovailoa,2020,MIA,290,186,1814.0,11,5.0,0.6413793081331748,6.255172392223543,2.2,0.06451612882414152,-0.4062,25.0
00-0036312,Jake Luton,2020,JAX,110,60,624.0,2,6.0,0.5454545404958678,5.672727221157025,0.3333333333333333,0.05982905931770035,-1.0676,4.5
00-0036355,Justin Herbert,2020,LAC,595,396,4336.0,31,10.0,0.6655462173688299,7.28739494573547,3.1,0.05103668253423177,0.1795,61.4
00-0036389,Jalen Hurts,2020,PHI,148,77,1061.0,6,4.0,0.5202702667549306,7.168918870480278,1.5,0.08074534111338298,-0.6431,15.9
00-0036442,Joe Burrow,2020,CIN,404,264,2688.0,13,5.0,0.653465344917165,6.65346533006568,2.6,0.07339449524450804,-0.0975,40.9
00-0019596,Tom Brady,2021,TB,719,485,5316.0,43,12.0,0.6745479823719778,7.393602215029761,3.5833333333333335,0.02968960859691011,0.8832,97.6
00-0022924,Ben Roethlisberger,2021,PIT,605,390,3740.0,22,10.0,0.6446280981080528,6.181818171600301,2.2,0.05909797813515089,-0.3464,28.6
00-0023459,Aaron Rodgers,2021,PIT,531,366,4115.0,37,4.0,0.689265535425112,7.749529175612939,9.25,0.05347593573355448,1.403,100.0
00-0026143,Matt Ryan,2021,IND,560,375,3968.0,20,12.0,0.6696428559470663,7.085714273061225,1.6666666666666667,0.06666666655555556,-0.0555,50.0
00-0026498,Matthew Stafford,2021,LA,601,404,4886.0,41,17.0,0.6722129772508936,8.1297836803165,2.411764705882353,0.04754358154113537,0.813,90.5
00-0027939,Cam Newton,2021,CAR,126,69,684.0,4,5.0,0.5476190432728647,5.428571385487529,0.8,0.07352941122404845,-1.2567,2.4
00-0027973,Andy Dalton,2021,CAR,236,149,1515.0,8,9.0,0.6313559295281529,6.419491498222493,0.8888888888888888,0.0708661414532829,-0.5821,19.0
00-0028118,Tyrod Taylor,2021,NYJ,150,91,966.0,5,5.0,0.6066666626222222,6.439999957066667,1.0,0.07975460073770184,-0.6765,14.3
00-0029263,Russell Wilson,2021,NYG,400,259,3113.0,25,6.0,0.64749999838125,7.78249998054375,4.166666666666667,0.0762124709556294,0.8526,95.2
00-0029604,Kirk Cousins,2021,ATL,561,372,4221.0,33,7.0,0.6631016030960756,7.524064157711115,4.714285714285714,0.047538200258848556,0.8318,92.9
00-0029701,Ryan Tannehill,2021,TEN,531,357,3734.0,22,14.0,0.6723163829146585,7.032015052670404,1.5714285714285714,0.08131487875205039,-0.1529,45.2
00-0030520,Mike Glennon,2021,NYG,167,90,790.0,4,10.0,0.538922152461544,4.730538893829109,0.4,0.051136363345816116,-1.2189,7.1
00-0031237,Teddy Bridgewater,2021,MIA,426,285,3052.0,18,7.0,0.6690140829365867,7.164319232008641,2.5714285714285716,0.06783369788220198,0.2661,61.9
00-0031280,Derek Carr,2021,NO,626,428,4804.0,23,14.0,0.6837060691953577,7.674121393491819,1.6428571428571428,0.060060059969879794,0.4466,78.6
00-0031345,Jimmy Garoppolo,2021,LA,441,301,3810.0,20,12.0,0.6825396809919735,8.639455762722323,1.6666666666666667,0.06170212752829335,0.5196,81.0
00-0031503,Jameis Winston,2021,NYG,161,95,1170.0,14,3.0,0.5900621081362603,7.267080700204468,4.666666666666667,0.06395348800027043,0.2861,66.7
00-0031800,Taylor Heinicke,2021,ATL,494,321,3419.0,20,15.0,0.6497975695348227,6.921052617568719,1.3333333333333333,0.0714285712943072,-0.1645,42.9
00-0032156,Trevor Siemian,2021,NYJ,188,108,1154.0,11,3.0,0.5744680820507017,6.138297839689905,3.6666666666666665,0.04568527895591229,-0.285,31.0
00-0032950,Carson Wentz,2021,MIN,516,322,3563.0,27,7.0,0.6240310065425756,6.9050387463080645,3.857142857142857,0.05839416047738292,0.1554,59.5
00-0033077,Dak Prescott,2021,DAL,596,410,4449.0,37,10.0,0.687919461933021,7.464765088146367,3.7,0.04792332260715124,0.7156,88.1
00-0033106,Jared Goff,2021,DET,494,332,3245.0,19,8.0,0.6720647759674803,6.568825897633956,2.375,0.0661625707633978,-0.2565,35.7
00-0033119,Jacoby Brissett,2021,ARI,225,141,1283.0,5,4.0,0.6266666638814815,5.7022221968790126,1.25,0.07786885213988176,-0.6693,16.7
00-0033357,Taysom Hill,2021,NO,134,78,978.0,4,5.0,0.5820895478948541,7.298507408220094,0.8,0.06293706249694361,-0.4255,26.2
00-0033873,Patrick Mahomes,2021,KC,658,436,4839.0,37,13.0,0.6626139807559058,7.354103332288597,2.8461538461538463,0.040816326471113225,0.4398,76.2
00-0034401,Mike White,2021,NYJ,132,88,953.0,5,8.0,0.6666666616161616,7.219696915002296,0.625,0.02941176448961938,-0.057,47.6
00-0034796,Lamar Jackson,2021,BAL,382,246,2882.0,16,13.0,0.643979055905814,7.54450259805104,1.2307692307692308,0.09047619026077097,0.1174,57.1
00-0034855,Baker Mayfield,2021,TB,418,253,3010.0,17,13.0,0.6052631564467389,7.2009569205718735,1.3076923076923077,0.09327548786708137,-0.2838,33.3
00-0034857,Josh Allen,2021,BUF,646,409,4407.0,36,15.0,0.6331269340044475,6.821981413588264,2.4,0.03869047613290108,0.3355,69.0
00-0034869,Sam Darnold,2021,SEA,406,243,2527.0,9,13.0,0.5985221660134922,6.224137915704094,0.6923076923076923,0.0793650791851132,-0.8383,9.5
00-0035228,Kyler Murray,2021,ARI,481,333,3787.0,24,10.0,0.6923076908683832,7.873180856812514,2.4,0.060546874881744386,0.5845,83.3
00-0035704,Drew Lock,2021,NYG,111,67,787.0,2,2.0,0.6036035981657334,7.090090026215405,1.0,0.074999999375,0.1167,54.8
00-0035710,Daniel Jones,2021,IND,361,232,2428.0,10,7.0,0.6426592779981738,6.725761754222266,1.4285714285714286,0.05744125311373041,-0.1647,40.5
00-0035993,Tyler Huntley,2021,BAL,188,122,1081.0,3,4.0,0.6489361667609779,5.749999969414894,0.75,0.08737864035253087,-0.7344,11.9
00-0036212,Tua Tagovailoa,2021,MIA,388,263,2653.0,16,10.0,0.6778350497993942,6.837628848356626,1.6,0.04901960772299116,0.0771,52.4
00-0036355,Justin Herbert,2021,LAC,672,443,5014.0,38,15.0,0.6592261894951992,7.461309512706385,2.533333333333333,0.04409672824452812,0.4203,73.8
00-0036389,Jalen Hurts,2021,PHI,432,265,3144.0,16,9.0,0.6134259245059586,7.27777776093107,1.7777777777777777,0.05676855882801625,0.2695,64.3
00-0036442,Joe Burrow,2021,CIN,520,366,4611.0,34,14.0,0.7038461524926035,8.867307675255178,2.4285714285714284,0.08931698758438356,0.6253,85.7
00-0036898,Davis Mills,2021,HOU,394,263,2664.0,16,10.0,0.6675126886611353,6.761421302635987,1.6,0.07294117629896193,-0.1882,38.1
00-0036945,Justin Fields,2021,NYJ,270,159,1870.0,7,10.0,0.5888888867078189,6.925925900274349,0.7,0.1176470584390619,-0.5195,21.4
00-0036971,Trevor Lawrence,2021,JAX,602,359,3641.0,12,17.0,0.5963455139595589,6.048172747428285,0.7058823529411765,0.050473186040263116,-0.4364,23.8
00-0036972,Mac Jones,2021,SF,521,352,3801.0,22,13.0,0.6756237990870945,7.295585398664904,1.6923076923076923,0.05100182140072528,0.3846,71.4
00-0037013,Zach Wilson,2021,NYJ,383,213,2334.0,9,11.0,0.5561357687829354,6.0939947621566715,0.8181818181818182,0.10304449624579744,-1.2315,4.8
00-0019596,Tom Brady,2022,TB,733,490,4694.0,25,9.0,0.6684856743949718,6.403819909408158,2.7777777777777777,0.02913907280908732,0.3832,74.5
00-0023459,Aaron Rodgers,2022,PIT,542,350,3695.0,26,12.0,0.645756456373143,6.817343160853611,2.1666666666666665,0.05574912882273671,0.2094,59.6
00-0026143,Matt Ryan,2022,IND,461,309,3057.0,14,13.0,0.6702819942076312,6.631236428131809,1.0769230769230769,0.0761523044566086,-0.4665,23.4
00-0026158,Joe Flacco,2022,CIN,191,110,1051.0,5,3.0,0.5759162273512239,5.5026177722376035,1.6666666666666667,0.049751243533575906,-0.5626,17.0
00-0026498,Matthew Stafford,2022,LA,303,206,2087.0,10,8.0,0.6798679845548912,6.887788756145912,1.25,0.08734939732726085,-0.2865,36.2
00-0027688,Colt McCoy,2022,ARI,132,90,780.0,1,3.0,0.6818181766528926,5.909090864325069,0.3333333333333333,0.08965517179548158,-0.8575,10.6
00-0027973,Andy Dalton,2022,CAR,378,252,2871.0,18,9.0,0.6666666649029982,7.595238075144873,2.0,0.062034739300161935,0.4231,78.7
00-0029263,Russell Wilson,2022,NYG,483,292,3524.0,16,11.0,0.6045548641727643,7.296066237482265,1.4545454545454546,0.10223048308135597,-0.2959,34.0
00-0029604,Kirk Cousins,2022,ATL,643,424,4547.0,29,14.0,0.65940901919221,7.071539646856081,2.0714285714285716,0.06676342515709227,0.1472,53.2
00-0029701,Ryan Tannehill,2022,TEN,325,212,2536.0,14,6.0,0.6523076903005918,7.803076899067456,2.3333333333333335,0.09217877069223807,0.1847,55.3
00-0030565,Geno Smith,2022,LV,572,399,4282.0,30,11.0,0.6975524463329503,7.486013972926549,2.727272727272727,0.074433656837486,0.5423,83.0
00-0031280,Derek Carr,2022,NO,502,305,3522.0,24,14.0,0.6075697199052396,7.015936241004111,1.7142857142857142,0.05103969744604972,0.2135,61.7
00-0031345,Jimmy Garoppolo,2022,LA,308,207,2437.0,16,4.0,0.6720779198958509,7.912337636648254,4.0,0.05521472375701005,0.8324,95.7
00-0031503,Jameis Winston,2022,NYG,115,73,858.0,4,5.0,0.6347826031758035,7.460869500340265,0.8,0.08730158660871756,0.3815,72.3
00-0031800,Taylor Heinicke,2022,ATL,259,161,1859.0,12,6.0,0.6216216192215381,7.177606149893412,2.0,0.0683453234951607,0.0808,51.1
00-0032268,Marcus Mariota,2022,WAS,300,184,2219.0,15,9.0,0.6133333312888889,7.396666642011112,1.6666666666666667,0.08536585339827484,0.2397,66.0
00-0032950,Carson Wentz,2022,MIN,276,172,1755.0,11,9.0,0.6231884035391725,6.358695629135161,1.2222222222222223,0.08609271494671286,-0.5367,19.1
00-0033077,Dak Prescott,2022,DAL,394,261,2860.0,23,15.0,0.6624365465420392,7.258883230307403,1.5333333333333334,0.04830917862727251,0.3884,76.6
00-0033106,Jared Goff,2022,DET,587,382,4438.0,29,7.0,0.6507666087721182,7.560476988823719,4.142857142857143,0.03770491797097555,0.8309,93.6
00-0033119,Jacoby Brissett,2022,ARI,369,236,2608.0,12,6.0,0.6395663939307143,7.067750658352979,2.0,0.06106870213468524,0.2949,70.2
00-0033275,Phillip Walker,2022,CLE,106,63,731.0,3,3.0,0.594339617034532,6.896226350035601,1.0,0.061946902106664585,-0.3649,27.7
00-0033537,Deshaun Watson,2022,CLE,170,99,1102.0,7,5.0,0.582352937750865,6.482352903044983,1.4,0.10526315734072023,-0.9765,6.4
00-0033662,Cooper Rush,2022,BAL,162,94,1051.0,5,3.0,0.5802469099984758,6.487654280940406,1.6666666666666667,0.041420118098105814,-0.2674,38.3
00-0033869,Mitchell Trubisky,2022,BUF,180,117,1252.0,4,5.0,0.649999996388889,6.955555516913581,0.8,0.057591622735122396,0.2883,68.1
00-0033873,Patrick Mahomes,2022,KC,648,435,5250.0,41,12.0,0.6712962952603452,8.101851839348994,3.4166666666666665,0.038575667598552424,0.973,97.9
00-0034401,Mike White,2022,NYJ,175,103,1192.0,3,4.0,0.5885714252081633,6.811428532506123,0.75,0.04891304321242911,-0.4372,25.5
00-0034796,Lamar Jackson,2022,BAL,326,203,2242.0,17,7.0,0.6226993845929467,6.8773005924009185,2.4285714285714284,0.07386363615379649,0.0765,48.9
00-0034855,Baker Mayfield,2022,TB,335,201,2163.0,10,8.0,0.5999999982089552,6.456716398636668,1.25,0.09703504016971687,-0.9073,8.5
00-0034857,Josh Allen,2022,BUF,567,359,4283.0,35,14.0,0.6331569653736209,7.553791873802837,2.5,0.05499999990833333,0.6346,89.4
00-0034869,Sam Darnold,2022,SEA,140,82,1143.0,7,3.0,0.5857142815306123,8.164285655969389,2.3333333333333335,0.06666666622222223,0.1999,57.4
00-0035228,Kyler Murray,2022,ARI,390,259,2368.0,14,7.0,0.664102562399737,6.071794856226167,2.0,0.06024096371026274,-0.163,42.6
00-0035710,Daniel Jones,2022,IND,472,317,3205.0,15,5.0,0.6716101680686225,6.7902542229020035,3.0,0.08527131766420287,-0.0256,46.8
00-0035993,Tyler Huntley,2022,BAL,112,75,658.0,2,3.0,0.6696428511639031,5.8749999475446435,0.6666666666666666,0.05882352891744934,-0.3499,31.9
00-0036212,Tua Tagovailoa,2022,MIA,400,259,3548.0,25,8.0,0.64749999838125,8.869999977825,3.125,0.049881235035911554,1.3019,100.0
00-0036355,Justin Herbert,2022,LAC,699,477,4739.0,25,10.0,0.6824034325001381,6.779685254964685,2.5,0.051560379848629066,0.2291,63.8
00-0036389,Jalen Hurts,2022,PHI,460,306,3701.0,22,6.0,0.6652173898582231,8.045652156422495,3.6666666666666665,0.0763052207303108,0.7918,91.5
00-0036442,Joe Burrow,2022,CIN,606,414,4475.0,35,12.0,0.6831683157043427,7.38448843665926,2.9166666666666665,0.06336939711998547,0.4463,80.9
00-0036879,Sam Ehlinger,2022,IND,101,64,573.0,3,3.0,0.633663360062739,5.67326727056171,1.0,0.12173912937618149,-1.1352,2.1
00-0036898,Davis Mills,2022,HOU,479,292,3118.0,17,15.0,0.6096033390196173,6.509394558435502,1.1333333333333333,0.06078431360630527,-0.3637,29.8
00-0036945,Justin Fields,2022,NYJ,318,192,2242.0,17,11.0,0.6037735830070013,7.050314443238005,1.5454545454545454,0.147453082714603,-0.6993,12.8
00-0036971,Trevor Lawrence,2022,JAX,584,387,4113.0,25,8.0,0.6626712317420013,7.042808207118479,3.125,0.04418985262816718,0.5489,85.1
00-0036972,Mac Jones,2022,SF,442,288,2997.0,14,11.0,0.6515837089330685,6.780542971084745,1.2727272727272727,0.0714285712785114,-0.1202,44.7
00-0037013,Zach Wilson,2022,NYJ,242,132,1688.0,6,7.0,0.545454543200601,6.97520658274708,0.8571428571428571,0.08679245250267,-0.6545,14.9
00-0037327,Skylar Thompson,2022,MIA,105,60,534.0,1,3.0,0.5714285659863946,5.085714237278912,0.3333333333333333,0.0540540535670806,-1.1184,4.3
00-0037834,Brock Purdy,2022,SF,170,114,1374.0,13,4.0,0.670588231349481,8.08235289363322,3.25,0.06077348032721834,0.606,87.2
00-0038102,Kenny Pickett,2022,LV,389,245,2404.0,7,9.0,0.6298200497948071,6.1799485702314945,0.7777777777777778,0.0649038459978273,-0.4846,21.3
00-0038122,Desmond Ridder,2022,ATL,115,73,708.0,2,0.0,0.6347826031758035,6.156521685595464,2.0,0.07258064457596254,-0.1748,40.4
00-0026158,Joe Flacco,2023,CIN,204,123,1616.0,13,8.0,0.6029411735149942,7.9215685886197615,1.625,0.03773584887860449,0.5832,79.2
00-0026498,Matthew Stafford,2023,LA,521,326,3965.0,24,11.0,0.6257197684727068,7.6103646686941175,2.1818181818181817,0.054446460881222396,0.3001,68.8
00-0028118,Tyrod Taylor,2023,NYJ,180,116,1341.0,5,3.0,0.6444444408641976,7.449999958611111,1.6666666666666667,0.0862944158056121,0.1882,62.5
00-0029263,Russell Wilson,2023,NYG,447,297,3070.0,26,8.0,0.6644295287149228,6.868008933181188,3.25,0.09146341444824509,0.1544,56.2
00-0029604,Kirk Cousins,2023,ATL,311,216,2331.0,18,5.0,0.6945337598246503,7.495176824774351,3.6,0.051829268134666866,0.7883,91.7
00-0029701,Ryan Tannehill,2023,TEN,230,149,1616.0,4,7.0,0.6478260841398866,7.0260869259735355,0.5714285714285714,0.12213740411397937,-0.4753,18.8
00-0030565,Geno Smith,2023,LV,499,323,3624.0,20,9.0,0.6472945878811732,7.262525035546042,2.2222222222222223,0.05849056592737629,0.1674,58.3
00-0031280,Derek Carr,2023,NO,548,375,3878.0,25,8.0,0.6843065680943311,7.076642322852843,3.125,0.05354058712687291,0.6631,85.4
00-0031345,Jimmy Garoppolo,2023,LA,169,110,1205.0,7,9.0,0.6508875701130913,7.1301774726025,0.7777777777777778,0.07650273182238944,-0.0437,41.7
00-0031800,Taylor Heinicke,2023,ATL,136,74,890.0,5,4.0,0.5441176430579585,6.5441175989403115,1.25,0.05555555516975309,-0.36,25.0
00-0032156,Trevor Siemian,2023,NYJ,153,86,724.0,2,4.0,0.5620914995941733,4.732026112862575,0.5,0.04968944068515876,-1.3341,4.2
00-0033077,Dak Prescott,2023,DAL,590,410,4516.0,36,9.0,0.6949152530594657,7.65423727516231,4.0,0.06200317955166426,0.928,95.8
00-0033106,Jared Goff,2023,DET,605,407,4575.0,30,12.0,0.6727272716153269,7.561983458575234,2.5,0.04724409441378883,0.4206,75.0
00-0033275,Phillip Walker,2023,CLE,111,54,674.0,1,5.0,0.4864864821037254,6.072072017368721,0.2,0.09016393368718087,-1.2116,6.2
00-0033319,Nick Mullens,2023,MIN,148,100,1306.0,7,8.0,0.6756756711102996,8.824324264700511,0.875,0.07499999953125,0.6852,87.5
00-0033537,Deshaun Watson,2023,CLE,171,105,1115.0,7,4.0,0.6140350841284498,6.520467798125919,1.75,0.09042553143390675,-0.0069,45.8
00-0033869,Mitchell Trubisky,2023,BUF,107,67,632.0,4,5.0,0.626168218447026,5.906542000873439,0.8,0.06140350823330256,-0.0779,39.6
00-0033873,Patrick Mahomes,2023,KC,597,401,4183.0,27,14.0,0.6716917911696955,7.006700155767671,1.9285714285714286,0.043269230699889055,0.1771,60.4
00-0033949,Joshua Dobbs,2023,SF,417,262,2464.0,13,10.0,0.6282973606036034,5.908872887508698,1.3,0.06711409380958816,-0.249,33.3
00-0034796,Lamar Jackson,2023,BAL,457,307,3678.0,24,7.0,0.6717724274140647,8.048140026152867,3.4285714285714284,0.07489878527348424,0.8242,93.8
00-0034855,Baker Mayfield,2023,TB,566,364,4044.0,28,10.0,0.6431095394998064,7.144876312464883,2.8,0.06600660055114423,0.4815,77.1
00-0034857,Josh Allen,2023,BUF,579,385,4306.0,29,18.0,0.6649395498014861,7.436960263494024,1.6111111111111112,0.039800994958870656,0.6197,83.3
00-0035100,Jake Browning,2023,CIN,243,171,1936.0,12,7.0,0.7037037008078038,7.967078156514082,1.7142857142857142,0.08988764011278037,0.1299,54.2
00-0035228,Kyler Murray,2023,ARI,268,176,1799.0,10,5.0,0.6567164154600134,6.712686542116841,2.0,0.06293706271700328,0.0652,52.1
00-0035282,Easton Stick,2023,LAC,174,111,1129.0,3,1.0,0.6379310308164884,6.488505709836174,3.0,0.07446808471027615,-0.0138,43.8
00-0035289,Gardner Minshew,2023,KC,490,305,3305.0,15,9.0,0.6224489783215327,6.744897945418575,1.6666666666666667,0.06488549605937882,-0.1477,37.5
00-0035710,Daniel Jones,2023,IND,160,108,909.0,2,6.0,0.67499999578125,5.681249964492188,0.3333333333333333,0.15789473601108034,-1.1236,8.3
00-0036212,Tua Tagovailoa,2023,MIA,560,388,4624.0,29,14.0,0.692857141619898,8.25714284239796,2.0714285714285716,0.04923599312523601,0.7375,89.6
00-0036264,Jordan Love,2023,GB,579,372,4159.0,32,11.0,0.6424870455224749,7.18307425356982,2.909090909090909,0.04926108366295388,0.6063,81.2
00-0036355,Justin Herbert,2023,LAC,456,297,3134.0,20,7.0,0.6513157880453602,6.872807002471914,2.857142857142857,0.05979381430970348,0.3439,72.9
00-0036389,Jalen Hurts,2023,PHI,538,352,3858.0,23,15.0,0.6542750917206783,7.171003704143116,1.5333333333333334,0.0627177699255788,0.3296,70.8
00-0036442,Joe Burrow,2023,CIN,365,244,2309.0,15,6.0,0.6684931488534435,6.326027379928692,2.5,0.06169665793908314,-0.0068,47.9
00-0036945,Justin Fields,2023,NYJ,370,227,2562.0,16,9.0,0.6135135118553688,6.924324305609934,1.7777777777777777,0.10628019297999954,-0.2886,31.2
00-0036971,Trevor Lawrence,2023,JAX,564,370,4016.0,21,14.0,0.6560283676311554,7.120567363261405,1.5,0.05843071776555807,0.2658,66.7
00-0036972,Mac Jones,2023,SF,345,224,2120.0,10,12.0,0.649275360436883,6.1449275184205,0.8333333333333334,0.05994550392385421,-0.3329,27.1
00-0037013,Zach Wilson,2023,NYJ,368,221,2271.0,8,7.0,0.6005434766289579,6.171195635404359,1.1428571428571428,0.11111111084272679,-0.8008,14.6
00-0037077,Sam Howell,2023,WAS,612,388,3946.0,21,21.0,0.6339869270686488,6.4477124077651755,1.0,0.09601181669717605,-0.466,20.8
00-0037834,Brock Purdy,2023,SF,444,308,4280.0,31,11.0,0.6936936921313205,9.63963961792874,2.8181818181818183,0.05932203377262281,1.1984,100.0
00-0038102,Kenny Pickett,2023,LV,324,201,2070.0,6,4.0,0.620370368455647,6.3888888691700965,1.5,0.06628242055826392,-0.3182,29.2
00-0038108,Bailey Zappe,2023,CLE,212,127,1272.0,6,9.0,0.5990566009478462,5.999999971698114,0.6666666666666666,0.10548523162242518,-0.7602,16.7
00-0038122,Desmond Ridder,2023,ATL,388,249,2836.0,12,12.0,0.6417525756655862,7.309278331677118,1.0,0.07398568001435399,0.0372,50.0
00-0038416,Tyson Bagent,2023,CHI,143,94,859.0,3,6.0,0.6573426527458556,6.006992964986063,0.5,0.03378378355551498,-0.4532,22.9
00-0038476,Tommy DeVito,2023,NYG,178,114,1101.0,8,3.0,0.6404494346042167,6.185393223677567,2.6666666666666665,0.1720930224553813,-0.9081,10.4
00-0038579,Aidan O'Connell,2023,LV,343,213,2218.0,12,7.0,0.6209912518338447,6.4664722843543085,1.7142857142857142,0.06539509518965914,-0.1738,35.4
00-0038583,Dorian Thompson-Robinson,2023,CLE,112,60,440.0,1,4.0,0.5357142809311225,3.9285713934948983,0.25,0.05084745719620799,-1.5601,2.1
00-0039150,Bryce Young,2023,CAR,527,315,2877.0,11,10.0,0.5977229590176035,5.459203025694112,1.1,0.10526315771602181,-0.8577,12.5
00-0039152,Will Levis,2023,TEN,255,149,1808.0,8,4.0,0.5843137231987697,7.090196050626682,2.0,0.09893992897901085,0.1968,64.6
00-0039163,C.J. Stroud,2023,HOU,499,319,4108.0,23,5.0,0.6392785558331091,8.232464913361794,4.6,0.07076350079932309,1.0785,97.9
00-0023459,Aaron Rodgers,2024,PIT,584,368,3897.0,28,11.0,0.6301369852223682,6.672945194053176,2.5454545454545454,0.06410256399983563,-0.2022,30.4
00-0026158,Joe Flacco,2024,CIN,248,162,1761.0,12,7.0,0.6532258038176378,7.100806422980619,1.7142857142857142,0.06766917267793544,0.2126,69.6
00-0026498,Matthew Stafford,2024,LA,517,340,3762.0,20,8.0,0.6576402308362859,7.276595730606198,2.5,0.051376146694722666,0.2441,71.7
00-0027973,Andy Dalton,2024,CAR,160,106,989.0,7,6.0,0.662499995859375,6.181249961367188,1.1666666666666667,0.041916167413675647,-0.1803,34.8
00-0029263,Russell Wilson,2024,NYG,336,214,2482.0,16,5.0,0.636904760009212,7.386904739919927,3.2,0.08943089406658294,0.0215,50.0
00-0029604,Kirk Cousins,2024,ATL,453,303,3508.0,18,16.0,0.668874170708887,7.743929342728633,1.125,0.058212058091035225,0.1767,65.2
00-0030565,Geno Smith,2024,LV,578,407,4320.0,21,15.0,0.7041522479166916,7.474048429975695,1.4,0.07961783426812447,0.0296,52.2
00-0031280,Derek Carr,2024,NO,279,189,2145.0,15,5.0,0.6774193524106833,7.6881720154545805,3.0,0.027874564362806397,0.7176,93.5
00-0031503,Jameis Winston,2024,NYG,296,181,2121.0,13,12.0,0.6114864844206538,7.165540516332634,1.0833333333333333,0.074999999765625,-0.0797,41.3
00-0033077,Dak Prescott,2024,DAL,286,185,1978.0,11,8.0,0.6468531445914226,6.916083891901804,1.375,0.06840390857197425,-0.0649,43.5
00-0033106,Jared Goff,2024,DET,539,390,4629.0,37,12.0,0.7235621507911648,8.588126143621288,3.0833333333333335,0.05438596481686673,0.64,89.1
00-0033119,Jacoby Brissett,2024,ARI,161,95,826.0,2,1.0,0.5900621081362603,5.1304347507426415,2.0,0.10055865865609688,-1.0723,4.3
00-0033537,Deshaun Watson,2024,CLE,216,137,1148.0,5,3.0,0.6342592563228738,5.314814790209191,1.6666666666666667,0.13253011994967823,-1.0688,6.5
00-0033662,Cooper Rush,2024,BAL,308,187,1844.0,12,5.0,0.6071428551716141,5.987012967574633,2.4,0.04049844224143787,-0.2542,26.1
00-0033873,Patrick Mahomes,2024,KC,581,392,3928.0,26,11.0,0.6746987940194513,6.760757303337767,2.3636363636363638,0.058346839451625866,-0.0613,45.7
00-0034771,Mason Rudolph,2024,PIT,228,146,1530.0,9,9.0,0.640350874384426,6.710526286357341,1.0,0.046025104409936804,-0.1258,39.1
00-0034796,Lamar Jackson,2024,BAL,474,316,4172.0,41,4.0,0.6666666652601969,8.801687745144118,10.25,0.046277665902861836,1.7009,100.0
00-0034855,Baker Mayfield,2024,TB,570,407,4500.0,41,16.0,0.7140350864666051,7.894736828254848,2.5625,0.0655737703843053,0.4129,82.6
00-0034857,Josh Allen,2024,BUF,483,307,3731.0,28,6.0,0.6356107647295843,7.724637665166382,4.666666666666667,0.028169014027828947,0.82,95.7
00-0034869,Sam Darnold,2024,SEA,545,361,4319.0,35,12.0,0.6623853198855315,7.924770627660972,2.9166666666666665,0.08094435062235354,0.3674,80.4
00-0035228,Kyler Murray,2024,ARI,541,372,3851.0,21,11.0,0.6876155255312097,7.1182994323136795,1.9090909090909092,0.052539404461402095,0.1496,58.7
00-0035289,Gardner Minshew,2024,KC,306,203,2013.0,9,10.0,0.6633986906424879,6.578431351050878,0.9,0.08656716392069504,-0.5917,13.0
00-0035704,Drew Lock,2024,NYG,181,107,1071.0,6,5.0,0.5911602177283966,5.917127039131895,1.2,0.06217616548095251,-0.7857,10.9
00-0035710,Daniel Jones,2024,IND,341,216,2070.0,8,7.0,0.6334310831864192,6.07038121386985,1.1428571428571428,0.07837837816654493,-0.5066,17.4
00-0035993,Tyler Huntley,2024,BAL,133,86,829.0,3,3.0,0.646616536491605,6.233082659901634,1.0,0.10135135066654492,-0.5492,15.2
00-0036212,Tua Tagovailoa,2024,MIA,399,291,2867.0,19,7.0,0.7293233064427987,7.185463641139189,2.7142857142857144,0.049999999880952384,0.2552,73.9
00-0036264,Jordan Love,2024,GB,425,268,3389.0,25,11.0,0.6305882338103806,7.974117628296194,2.272727272727273,0.03189066051961125,0.645,91.3
00-0036355,Justin Herbert,2024,LAC,504,332,3870.0,23,3.0,0.6587301574231544,7.678571413336168,7.666666666666667,0.07522935766012961,0.8947,97.8
00-0036389,Jalen Hurts,2024,PHI,361,248,2903.0,18,5.0,0.6869806075152892,8.041551224261632,3.6,0.09523809499940328,0.3409,76.1
00-0036442,Joe Burrow,2024,CIN,652,460,4918.0,43,9.0,0.7055214713105499,7.54294477370714,4.777777777777778,0.06857142847346939,0.5401,87.0
00-0036945,Justin Fields,2024,NYJ,161,106,1106.0,5,1.0,0.6583850890783535,6.869565174723197,5.0,0.09039547971527978,0.1622,63.0
00-0036971,Trevor Lawrence,2024,JAX,284,172,2045.0,11,7.0,0.605633800684388,7.200704199997521,1.5714285714285714,0.059602648809262755,0.1586,60.9
00-0036972,Mac Jones,2024,SF,262,171,1672.0,8,8.0,0.6526717532340773,6.381679364955422,1.0,0.050724637497374506,-0.1476,37.0
00-0037834,Brock Purdy,2024,SF,455,300,3864.0,20,12.0,0.659340657891559,8.49230767364328,1.6666666666666667,0.06378600809920575,0.5013,84.8
00-0038579,Aidan O'Connell,2024,LV,243,154,1612.0,8,4.0,0.6337448533590747,6.633744828667717,2.0,0.03952569154337671,0.122,56.5
00-0038583,Dorian Thompson-Robinson,2024,CLE,118,61,440.0,0,6.0,0.5169491481614479,3.728813527721919,0.0,0.06349206298815824,-1.72,2.2
00-0039150,Bryce Young,2024,CAR,384,234,2403.0,15,9.0,0.609374998413086,6.2578124837036135,1.6666666666666667,0.07021791750552563,-0.2073,28.3
00-0039152,Will Levis,2024,TEN,301,190,2091.0,13,12.0,0.6312292337832915,6.946843830741383,1.0833333333333333,0.11988304058513731,-0.4499,19.6
00-0039163,C.J. Stroud,2024,HOU,532,336,3727.0,20,12.0,0.6315789461812426,7.005639084575867,1.6666666666666667,0.08904109573794333,-0.1837,32.6
00-0039164,Anthony Richardson,2024,IND,264,126,1814.0,8,12.0,0.47727272546487604,6.871212095184803,0.6666666666666666,0.05035971204906579,0.0131,47.8
00-0039376,Spencer Rattler,2024,NO,228,130,1317.0,4,5.0,0.5701754360957217,5.776315764138966,0.8,0.087999999648,-0.8338,8.7
00-0039732,Bo Nix,2024,DEN,567,376,3775.0,29,12.0,0.6631393286364385,6.657848312772754,2.4166666666666665,0.04060913698712498,0.1772,67.4
00-0039851,Drake Maye,2024,NE,338,225,2276.0,15,10.0,0.6656804714033122,6.733727790728616,1.5,0.09139784921667245,-0.3062,23.9
00-0039910,Jayden Daniels,2024,WAS,480,331,3568.0,25,9.0,0.6895833318967014,7.4333333178472225,2.7777777777777777,0.08918406055183291,0.1137,54.3
00-0039917,Michael Penix,2024,ATL,105,61,775.0,3,3.0,0.5809523754195012,7.380952310657597,1.0,0.036697247369750025,0.3658,78.3
00-0039918,Caleb Williams,2024,CHI,562,351,3541.0,20,6.0,0.6245551590310406,6.300711732561012,3.3333333333333335,0.10793650776518014,-0.3919,21.7
