team,off_epa_per_play,def_epa_per_play,pts_for_pg,pts_against_pg,scoring_margin,to_margin,third_down_pct,third_down_allowed,rz_td_pct,pass_yards_per_att,rush_yards_per_carry,sacks_allowed_pg,sacks_forced_pg,season
ARI,-0.0248,-0.1021,26.125,22.625,3.5,-4.0,0.416,0.3868,0.2176,6.8818,4.4362,5.125,6.0,2016
ATL,0.1699,0.045,33.75,25.375,8.375,9.0,0.4359,0.4181,0.201,9.2365,4.739,4.625,4.25,2016
BAL,-0.0583,-0.0452,21.4375,20.0625,1.375,8.0,0.3672,0.3304,0.1875,6.4628,4.1577,4.125,3.875,2016
BUF,0.0629,0.0145,24.9375,23.625,1.3125,6.0,0.4087,0.4087,0.2338,6.8856,5.4119,5.75,4.875,2016
CAR,-0.0571,-0.0025,23.0625,25.125,-2.0625,0.0,0.378,0.36,0.1895,7.075,4.0603,4.5,5.875,2016
CHI,-0.0402,0.064,17.4375,24.9375,-7.5,-18.0,0.3586,0.4267,0.2016,7.4309,4.6702,3.5,4.625,2016
CIN,0.0358,0.0004,20.3125,19.6875,0.625,7.0,0.4017,0.4115,0.1824,7.4973,4.0664,5.125,4.125,2016
CLE,-0.0729,0.1305,16.5,28.25,-11.75,-14.0,0.3691,0.4361,0.2018,6.5363,4.9253,8.25,3.25,2016
DAL,0.1187,-0.0039,26.3125,19.125,7.1875,3.0,0.4167,0.3962,0.3095,7.8981,5.0083,3.5,4.5,2016
DEN,-0.0772,-0.1349,20.8125,18.5625,2.25,2.0,0.3522,0.3626,0.1447,6.8787,3.7834,5.0,5.25,2016
DET,0.0422,0.0969,21.625,22.375,-0.75,1.0,0.4384,0.4384,0.188,7.3215,3.8567,4.625,3.25,2016
GB,0.1062,0.0427,27.0,24.25,2.75,9.0,0.4487,0.4018,0.2337,7.1926,4.8101,4.375,5.0,2016
HOU,-0.1009,-0.0856,17.4375,20.5,-3.0625,-7.0,0.3846,0.3846,0.1286,5.8983,4.2302,4.0,3.875,2016
IND,0.0173,0.0653,25.6875,24.5,1.1875,-5.0,0.4509,0.4151,0.2267,7.7431,4.2097,5.5,4.125,2016
JAX,-0.0832,-0.0412,19.875,25.0,-5.125,-14.0,0.3537,0.3673,0.2453,6.27,4.2377,4.25,4.125,2016
KC,0.0123,-0.0297,24.3125,19.4375,4.875,14.0,0.3568,0.418,0.1667,7.1817,4.5102,4.0,3.5,2016
LA,-0.2297,0.0112,14.0,24.625,-10.625,-11.0,0.3262,0.375,0.1604,6.1925,3.4481,6.125,3.875,2016
LAC,-0.0086,-0.028,25.625,26.4375,-0.8125,-7.0,0.417,0.395,0.1844,7.5751,3.8575,4.5,4.375,2016
LV,0.0245,0.0231,26.0,24.0625,1.9375,12.0,0.3821,0.3965,0.2038,6.9646,4.706,2.25,3.125,2016
MIA,0.0028,0.0095,22.6875,23.75,-1.0625,6.0,0.3532,0.39,0.2368,7.8397,4.5725,3.75,4.125,2016
MIN,-0.0571,-0.1131,20.4375,19.1875,1.25,12.0,0.3697,0.3904,0.1589,7.017,3.3351,4.75,5.125,2016
NE,0.1147,-0.0418,27.5625,15.625,11.9375,14.0,0.4781,0.3796,0.2155,8.1166,4.0864,3.0,4.25,2016
NO,0.086,0.0535,29.3125,28.375,0.9375,-1.0,0.4708,0.4245,0.2174,7.9083,4.4506,3.375,3.75,2016
NONE,,,,,,0.0,,,,,,,,2016
NYG,-0.0842,-0.1026,19.375,17.75,1.625,0.0,0.3522,0.3574,0.211,6.7341,3.7585,2.75,4.375,2016
NYJ,-0.0865,0.01,17.1875,25.5625,-8.375,-21.0,0.387,0.4027,0.1319,6.6273,4.3777,4.375,3.375,2016
PHI,-0.0176,-0.0495,22.9375,20.6875,2.25,4.0,0.3658,0.4099,0.1556,6.257,4.2628,4.125,4.25,2016
PIT,0.0725,0.0027,24.9375,20.4375,4.5,1.0,0.4027,0.411,0.2422,7.3936,4.5076,2.625,4.75,2016
SEA,0.0055,-0.0556,22.125,18.25,3.875,1.0,0.3829,0.3814,0.1667,7.8265,4.1628,5.25,5.25,2016
SF,-0.0817,0.0734,19.3125,30.0,-10.6875,-1.0,0.3391,0.4612,0.2564,6.4612,4.4934,5.875,4.125,2016
TB,-0.006,-0.0035,22.125,23.0625,-0.9375,-2.0,0.4435,0.3412,0.1931,7.2059,3.7352,4.375,4.75,2016
TEN,0.0186,0.0333,23.8125,23.625,0.1875,-4.0,0.4487,0.3661,0.2357,7.4549,4.7435,3.5,5.0,2016
WAS,0.0993,0.0712,24.75,23.9375,0.8125,0.0,0.4507,0.464,0.1739,8.1921,4.644,2.875,4.75,2016
ARI,-0.1642,-0.1035,18.4375,22.5625,-4.125,-4.0,0.3682,0.3496,0.1527,6.665,3.5443,6.5,4.625,2017
ATL,0.0355,-0.0156,22.0625,19.6875,2.375,-4.0,0.4486,0.3889,0.1837,7.8672,4.4109,3.0,4.875,2017
BAL,-0.077,-0.1321,24.6875,18.9375,5.75,17.0,0.3651,0.3745,0.1923,5.7358,4.209,3.375,5.125,2017
BUF,-0.0707,0.0003,18.875,22.4375,-3.5625,7.0,0.4252,0.3843,0.1705,6.4662,4.3093,5.875,3.375,2017
CAR,-0.0477,-0.0671,22.6875,20.4375,2.25,1.0,0.428,0.3761,0.1888,6.6513,4.5011,4.375,6.25,2017
CHI,-0.1114,-0.0612,16.5,20.0,-3.5,-2.0,0.3636,0.4198,0.2,6.536,4.299,4.875,5.25,2017
CIN,-0.1146,-0.0497,18.125,21.8125,-3.6875,-5.0,0.3578,0.4211,0.2105,6.6523,3.8552,5.0,5.125,2017
CLE,-0.1676,-0.0094,14.625,25.625,-11.0,-24.0,0.3402,0.4194,0.181,6.1728,4.5,6.25,4.25,2017
DAL,-0.0079,-0.004,22.125,20.75,1.375,-2.0,0.4318,0.433,0.2174,6.7739,4.6047,4.0,4.75,2017
DEN,-0.1298,-0.1095,18.0625,23.875,-5.8125,-13.0,0.3931,0.3217,0.129,6.5035,4.1607,6.5,4.125,2017
DET,-0.061,-0.073,25.625,23.5,2.125,8.0,0.3766,0.3971,0.1926,7.8421,3.4648,5.875,4.375,2017
GB,-0.0446,0.0307,20.0,24.0,-4.0,-3.0,0.4069,0.448,0.2126,6.2959,4.582,6.375,4.625,2017
HOU,-0.0845,-0.0013,21.125,27.25,-6.125,-14.0,0.393,0.3795,0.2035,6.9808,4.1413,6.75,4.0,2017
IND,-0.1209,0.0605,16.4375,25.25,-8.8125,1.0,0.3918,0.4426,0.1391,6.6653,3.7914,7.0,3.125,2017
JAX,0.005,-0.1943,26.0625,16.75,9.3125,10.0,0.3821,0.3444,0.2192,7.0646,4.4492,3.0,6.875,2017
KC,0.0815,0.0018,25.9375,21.1875,4.75,11.0,0.3886,0.4072,0.1544,7.9816,4.8237,4.625,3.875,2017
LA,0.0358,-0.0794,29.875,20.5625,9.3125,11.0,0.4051,0.3792,0.2184,7.7965,4.5425,3.5,6.0,2017
LAC,0.0582,-0.0745,22.1875,17.0,5.1875,12.0,0.3991,0.3911,0.1679,7.833,4.0074,2.25,5.375,2017
LV,-0.0556,0.0613,18.8125,23.3125,-4.5,-16.0,0.393,0.417,0.2088,6.7522,4.3444,3.0,3.875,2017
MIA,-0.1262,0.0239,17.5625,24.5625,-7.0,-14.0,0.3304,0.3836,0.1818,6.3095,3.9575,4.125,3.75,2017
MIN,-0.0074,-0.1612,23.875,15.75,8.125,3.0,0.4458,0.2818,0.2292,7.4554,4.144,3.375,4.625,2017
NE,0.1112,0.0199,28.625,18.5,10.125,4.0,0.4242,0.4027,0.2121,7.8688,4.3949,4.375,5.25,2017
NO,0.0928,-0.0428,28.0,20.375,7.625,9.0,0.3951,0.4087,0.2166,8.1313,4.9271,2.5,5.25,2017
NONE,,,,,,0.0,,,,,,,,2017
NYG,-0.124,-0.0006,15.375,24.25,-8.875,-3.0,0.3333,0.3893,0.1792,6.0626,4.0232,4.375,3.375,2017
NYJ,-0.0753,-0.017,18.625,23.875,-5.25,0.0,0.3629,0.413,0.1942,6.9226,4.1622,5.875,3.5,2017
PHI,0.0345,-0.1332,28.5625,18.4375,10.125,12.0,0.437,0.3362,0.2372,7.0337,4.6659,4.5,4.75,2017
PIT,0.0479,-0.0485,25.375,19.25,6.125,4.0,0.4435,0.362,0.1813,7.7376,4.0671,3.0,7.0,2017
SEA,-0.0264,-0.0958,22.875,20.75,2.125,6.0,0.3729,0.392,0.1969,7.2214,4.1671,5.375,4.875,2017
SF,-0.0447,-0.0049,20.6875,23.9375,-3.25,-3.0,0.3852,0.436,0.1491,7.0116,4.201,5.375,3.75,2017
TB,-0.0058,0.0378,20.9375,23.875,-2.9375,-7.0,0.4384,0.475,0.1745,7.6528,3.7798,5.0,2.75,2017
TEN,-0.1017,-0.048,20.875,22.25,-1.375,-4.0,0.3839,0.3739,0.1826,6.8566,4.293,4.375,5.375,2017
WAS,-0.0659,-0.0406,21.375,24.25,-2.875,2.0,0.3288,0.371,0.1955,7.5937,3.7194,5.125,5.375,2017
ARI,-0.255,0.0192,14.0625,26.5625,-12.5,-12.0,0.2884,0.3733,0.1848,5.8381,3.8851,6.5,6.125,2018
ATL,0.0661,0.0777,25.875,26.4375,-0.5625,-1.0,0.455,0.4796,0.227,8.0341,4.593,5.25,4.625,2018
BAL,0.0058,-0.0786,24.3125,17.9375,6.375,-1.0,0.4406,0.339,0.1893,6.7071,4.6597,4.0,5.375,2018
BUF,-0.157,-0.1042,16.8125,23.375,-6.5625,-1.0,0.3319,0.3641,0.178,6.1285,4.342,5.125,4.5,2018
CAR,0.0497,0.0473,23.5,23.875,-0.375,1.0,0.4203,0.3959,0.2372,7.2826,5.34,4.0,4.375,2018
CHI,0.0199,-0.1409,26.3125,17.6875,8.625,12.0,0.4155,0.3636,0.2569,7.3327,4.337,4.125,6.25,2018
CIN,-0.0147,0.0991,23.0,28.4375,-5.4375,3.0,0.3578,0.4829,0.2602,6.6215,4.7819,4.625,4.25,2018
CLE,-0.0255,0.0002,22.4375,24.5,-2.0625,9.0,0.3632,0.3602,0.2619,7.4754,4.7725,4.75,4.625,2018
DAL,0.0101,-0.0427,21.1875,20.25,0.9375,3.0,0.3983,0.4395,0.169,7.3719,4.6612,7.0,4.875,2018
DEN,-0.0237,-0.0052,20.5625,21.8125,-1.25,3.0,0.35,0.383,0.1953,6.7065,4.9766,4.25,5.5,2018
DET,-0.0499,0.0226,20.25,22.5,-2.25,-9.0,0.3829,0.38,0.1757,6.7086,4.2172,5.125,5.375,2018
GB,0.0446,0.0415,23.5,25.0,-1.5,6.0,0.3547,0.3728,0.224,7.2669,5.1067,6.625,5.5,2018
HOU,0.0031,-0.0681,25.125,19.75,5.375,9.0,0.3793,0.381,0.1962,8.33,4.3961,7.75,5.375,2018
IND,0.057,-0.035,27.0625,21.5,5.5625,0.0,0.4874,0.3991,0.2556,7.1573,4.5207,2.25,4.75,2018
JAX,-0.1239,-0.0433,15.3125,19.75,-4.4375,-14.0,0.3943,0.375,0.1364,6.4011,4.2171,6.625,4.625,2018
KC,0.2331,0.049,35.3125,26.3125,9.0,7.0,0.4455,0.4306,0.2772,8.8076,4.9707,3.25,6.5,2018
LA,0.1352,-0.0076,32.9375,24.0,8.9375,13.0,0.4384,0.395,0.2201,8.3569,5.1293,4.125,5.125,2018
LAC,0.1191,-0.0226,26.75,20.5625,6.1875,5.0,0.385,0.4017,0.2571,8.4297,4.8938,4.25,4.75,2018
LV,-0.0583,0.1325,18.125,29.1875,-11.0625,-7.0,0.3653,0.4475,0.1716,7.3898,4.3617,6.5,1.625,2018
MIA,-0.1107,0.04,19.9375,27.0625,-7.125,1.0,0.302,0.4608,0.2078,7.3046,4.8583,6.5,3.875,2018
MIN,-0.0891,-0.1251,22.5,21.3125,1.1875,-2.0,0.3689,0.3211,0.1985,7.1277,4.3161,5.0,6.25,2018
NE,0.0749,-0.04,27.25,20.3125,6.9375,12.0,0.4213,0.3894,0.1813,7.701,4.4869,2.625,3.75,2018
NO,0.1209,-0.0157,31.5,22.0625,9.4375,8.0,0.4673,0.4314,0.2254,8.0424,4.5689,2.5,6.125,2018
NONE,,,,,,0.0,,,,,,,,2018
NYG,0.0167,0.0578,23.0625,25.75,-2.6875,6.0,0.371,0.412,0.1667,7.5687,4.7236,5.875,3.75,2018
NYJ,-0.1324,0.023,20.8125,27.5625,-6.75,-8.0,0.3304,0.3578,0.1739,6.5211,4.1005,4.625,4.875,2018
PHI,0.0322,0.0261,22.9375,21.75,1.1875,-6.0,0.4045,0.3581,0.1908,7.6034,4.0639,5.0,5.5,2018
PIT,0.0961,0.0234,26.75,22.5,4.25,-11.0,0.4439,0.354,0.24,7.5423,4.4169,3.0,6.5,2018
SEA,0.0822,-0.0212,26.75,21.6875,5.0625,13.0,0.4035,0.345,0.2635,8.2291,4.9788,6.375,5.375,2018
SF,-0.0491,0.0449,21.375,27.1875,-5.8125,-23.0,0.3871,0.4034,0.1273,8.0436,4.6416,6.0,4.625,2018
TB,0.0379,0.0957,24.75,29.0,-4.25,-22.0,0.4742,0.3889,0.2143,8.5865,4.0316,5.125,4.75,2018
TEN,-0.0342,-0.0107,19.375,18.9375,0.4375,1.0,0.4035,0.3653,0.169,7.4485,4.5663,5.875,4.875,2018
WAS,-0.0748,0.0144,17.5625,22.4375,-4.875,5.0,0.3489,0.4299,0.2018,6.5348,4.3784,5.5,5.75,2018
ARI,-0.0056,0.0804,22.5625,27.625,-5.0625,-3.0,0.3578,0.4635,0.1849,6.9036,5.213,6.25,5.0,2019
ATL,-0.0033,0.0375,23.8125,24.9375,-1.125,-3.0,0.4615,0.3972,0.1941,7.4141,3.9117,6.25,3.5,2019
BAL,0.1893,-0.1214,33.1875,17.625,15.5625,10.0,0.46,0.3868,0.2473,7.6484,5.7843,3.5,4.625,2019
BUF,-0.0365,-0.0924,19.625,16.1875,3.4375,2.0,0.3504,0.3568,0.1898,6.8291,4.5673,5.0,5.5,2019
CAR,-0.0928,0.0502,21.25,29.375,-8.125,-12.0,0.3349,0.3973,0.1883,6.5515,4.7801,7.25,6.625,2019
CHI,-0.0924,-0.0608,17.5,18.625,-1.125,0.0,0.3814,0.3696,0.1905,6.1924,3.7635,5.625,4.0,2019
CIN,-0.1111,0.0925,17.4375,26.25,-8.8125,-10.0,0.3719,0.4148,0.1528,6.5583,4.0503,6.0,3.875,2019
CLE,-0.0483,0.0171,20.9375,24.5625,-3.625,-6.0,0.3779,0.4018,0.1859,7.1639,4.9276,5.125,4.75,2019
DAL,0.1191,-0.0471,27.125,20.0625,7.0625,-1.0,0.4706,0.3632,0.2177,8.2248,4.9205,2.875,4.875,2019
DEN,-0.0733,-0.0181,17.625,19.75,-2.125,-1.0,0.3379,0.375,0.1389,6.7614,4.1955,5.125,5.0,2019
DET,-0.0436,0.053,21.3125,26.4375,-5.125,-5.0,0.3875,0.4615,0.1984,7.3845,4.1554,5.375,3.5,2019
GB,0.0348,-0.0266,23.5,19.5625,3.9375,14.0,0.3921,0.3803,0.234,7.0227,4.6864,4.5,5.125,2019
HOU,0.0537,0.0633,23.625,24.0625,-0.4375,2.0,0.4241,0.4795,0.2446,7.6748,4.7754,6.125,3.875,2019
IND,-0.0075,-0.0041,22.5625,23.3125,-0.75,2.0,0.443,0.4201,0.2222,6.498,4.6958,4.0,5.125,2019
JAX,-0.058,0.0588,18.75,24.8125,-6.0625,-5.0,0.3417,0.4048,0.1333,6.8418,4.5503,5.25,5.875,2019
KC,0.1129,-0.0133,28.1875,19.25,8.9375,8.0,0.4727,0.375,0.1748,8.1565,4.415,3.125,5.625,2019
LA,0.0002,-0.0449,24.625,22.75,1.875,-2.0,0.3974,0.3859,0.2262,7.3994,3.8721,2.75,6.25,2019
LAC,0.0184,0.0288,21.0625,21.5625,-0.5,-13.0,0.4313,0.4554,0.183,7.8249,4.0782,4.25,3.75,2019
LV,0.0443,0.0954,19.5625,26.1875,-6.625,-3.0,0.4292,0.4266,0.1905,7.8887,4.4186,3.625,4.0,2019
MIA,-0.1033,0.1203,19.125,30.875,-11.75,-8.0,0.3761,0.4306,0.1986,6.7271,3.4471,7.25,2.875,2019
MIN,0.0477,-0.0849,25.4375,18.9375,6.5,11.0,0.4571,0.4076,0.2138,8.0021,4.645,3.5,6.0,2019
NE,-0.0169,-0.2275,26.25,14.0625,12.1875,17.0,0.3968,0.2511,0.1746,6.6984,3.9792,3.5,5.875,2019
NO,0.0811,-0.0648,28.625,21.3125,7.3125,15.0,0.4028,0.387,0.2099,7.6927,4.5426,3.125,6.375,2019
NONE,,,,,,0.0,,,,,,,,2019
NYG,-0.074,0.0461,21.3125,28.1875,-6.875,-17.0,0.3863,0.4008,0.1765,6.7051,4.7339,5.375,4.5,2019
NYJ,-0.1578,-0.0496,17.25,22.4375,-5.1875,-5.0,0.3234,0.4113,0.19,6.6339,3.4378,6.5,4.375,2019
PHI,-0.0162,-0.0409,24.0625,22.125,1.9375,1.0,0.4502,0.3575,0.2156,6.6498,4.3669,4.625,5.375,2019
PIT,-0.1851,-0.1441,18.0625,18.9375,-0.875,8.0,0.3624,0.3744,0.1239,6.302,3.8425,4.0,6.75,2019
SEA,0.0078,0.0129,25.3125,24.875,0.4375,8.0,0.3829,0.3857,0.2289,7.9961,4.743,6.0,3.5,2019
SF,0.0527,-0.1553,29.9375,19.375,10.5625,0.0,0.4493,0.3581,0.2073,8.4643,4.8518,4.5,6.0,2019
TB,-0.0152,-0.0858,28.625,28.0625,0.5625,-13.0,0.4034,0.3455,0.2553,8.164,3.9086,5.875,5.875,2019
TEN,0.0571,-0.0311,25.125,20.6875,4.4375,8.0,0.3636,0.3665,0.2857,8.93,5.2383,7.0,5.375,2019
WAS,-0.1444,0.0875,16.625,27.1875,-10.5625,1.0,0.2995,0.4793,0.16,6.7332,4.5114,6.25,5.75,2019
ARI,0.0332,0.0031,25.625,22.9375,2.6875,-4.0,0.3843,0.3911,0.2209,7.2346,4.8021,3.625,6.0,2020
ATL,0.0165,0.052,24.75,25.875,-1.125,3.0,0.4542,0.4258,0.1722,7.3802,3.8794,5.125,3.625,2020
BAL,0.1085,-0.0634,29.25,18.9375,10.3125,2.0,0.4622,0.3349,0.2308,7.2432,5.6832,4.0,4.875,2020
BUF,0.1417,0.0153,31.3125,23.4375,7.875,6.0,0.4906,0.401,0.2316,8.0302,4.5666,3.375,4.75,2020
CAR,1e-04,0.0666,21.875,25.125,-3.25,-3.0,0.3953,0.4955,0.1747,7.5347,4.3308,4.5,3.625,2020
CHI,-0.0338,-0.0033,23.25,23.125,0.125,-6.0,0.3423,0.3778,0.1834,6.4239,4.3229,4.5,4.375,2020
CIN,-0.0495,0.0847,19.4375,26.5,-7.0625,-5.0,0.3463,0.4204,0.1699,6.5737,4.1485,6.0,2.125,2020
CLE,0.0738,0.0738,25.5,26.1875,-0.6875,5.0,0.445,0.4252,0.2395,7.4617,4.9667,3.25,4.75,2020
DAL,-0.0413,0.0537,24.6875,29.5625,-4.875,-5.0,0.3991,0.4784,0.1716,7.0928,4.1935,5.5,3.875,2020
DEN,-0.1092,0.0329,20.1875,27.875,-7.6875,-18.0,0.4181,0.3992,0.216,6.63,4.5,4.0,5.25,2020
DET,-0.008,0.1814,23.5625,32.4375,-8.875,-7.0,0.4159,0.481,0.2353,7.6736,4.1602,5.25,3.0,2020
GB,0.1982,0.0178,31.8125,23.0625,8.75,9.0,0.5176,0.402,0.2927,8.2199,5.0448,2.625,5.125,2020
HOU,0.0946,0.1534,24.0,29.0,-5.0,-5.0,0.4135,0.4793,0.1879,8.9026,4.4192,6.25,4.25,2020
IND,0.0641,-0.035,28.1875,22.625,5.5625,10.0,0.4074,0.4182,0.1955,7.6248,4.5923,2.625,5.0,2020
JAX,-0.0588,0.1241,19.125,30.75,-11.625,-8.0,0.3973,0.448,0.2171,6.4519,4.5387,5.5,2.25,2020
KC,0.1725,0.0386,29.5625,22.625,6.9375,8.0,0.4537,0.4143,0.2378,7.9571,4.7124,3.0,4.0,2020
LA,-0.0235,-0.1802,23.25,18.5,4.75,1.0,0.4298,0.36,0.2112,7.1139,4.4627,3.125,6.625,2020
LAC,0.0193,0.018,24.0,26.625,-2.625,3.0,0.4625,0.435,0.1808,7.3002,3.9234,4.25,3.375,2020
LV,0.0398,0.1225,27.125,29.875,-2.75,-13.0,0.4722,0.4846,0.1737,8.0275,4.2895,3.5,2.625,2020
MIA,-0.0023,-0.0485,25.25,21.125,4.125,9.0,0.3879,0.33,0.1838,7.0937,4.1108,4.25,5.125,2020
MIN,0.0885,0.083,26.875,29.6875,-2.8125,-5.0,0.399,0.4061,0.2316,8.3138,4.9398,4.875,2.875,2020
NE,-0.0128,0.0708,20.375,22.0625,-1.6875,3.0,0.4175,0.4192,0.1849,7.1324,4.7927,4.625,3.0,2020
NO,0.082,-0.0906,30.125,21.0625,9.0625,7.0,0.4521,0.3946,0.2587,7.5865,4.8126,3.625,5.625,2020
NONE,,,,,,0.0,,,,,,,,2020
NYG,-0.0673,0.0208,17.5,22.3125,-4.8125,-4.0,0.3632,0.45,0.1473,6.4777,4.6903,6.25,5.0,2020
NYJ,-0.1428,0.062,15.1875,28.5625,-13.375,0.0,0.3527,0.4756,0.1589,6.2802,4.2356,5.375,3.875,2020
PHI,-0.0943,0.0056,20.875,26.125,-5.25,-12.0,0.3843,0.3745,0.1842,6.255,5.0049,8.125,6.125,2020
PIT,-0.0078,-0.1232,26.0,19.5,6.5,11.0,0.4228,0.3866,0.2252,6.2942,3.9034,1.75,7.0,2020
SEA,0.0782,0.0357,28.6875,23.1875,5.5,4.0,0.4211,0.4708,0.2697,7.5534,5.0457,6.0,5.75,2020
SF,0.0069,-0.0425,23.5,24.375,-0.875,-7.0,0.4028,0.3514,0.2284,7.5923,4.4346,4.875,3.75,2020
TB,0.0945,-0.056,30.75,22.1875,8.5625,8.0,0.4729,0.4167,0.2593,7.6785,4.4435,2.75,6.0,2020
TEN,0.1599,0.1154,30.6875,27.4375,3.25,11.0,0.4774,0.5,0.2759,7.8887,5.3053,3.125,2.375,2020
WAS,-0.0742,-0.0977,20.9375,20.5625,0.375,2.0,0.4076,0.384,0.1837,6.3267,4.23,6.25,5.875,2020
ARI,0.0592,-0.0535,26.2083,21.6944,4.5139,14.0,0.4387,0.3712,0.2073,7.8156,4.3758,4.5882,4.8235,2021
ATL,-0.1043,0.0746,18.3125,26.9306,-8.6181,-6.0,0.4009,0.4871,0.1812,6.9703,3.8099,4.7059,2.1176,2021
BAL,0.0022,0.0583,22.5903,23.0069,-0.4167,-11.0,0.3471,0.3498,0.1965,7.0646,4.8861,6.7059,4.0,2021
BUF,0.0904,-0.141,28.5417,17.0278,11.5139,4.0,0.4545,0.3376,0.1935,6.7939,5.0911,3.1765,4.9412,2021
CAR,-0.1409,-0.0612,17.8958,23.75,-5.8542,-13.0,0.3563,0.3702,0.1901,5.9816,4.1592,6.1176,4.5882,2021
CHI,-0.1044,0.009,18.3403,23.7014,-5.3611,-13.0,0.3361,0.4017,0.1472,6.744,4.3584,6.8235,5.7647,2021
CIN,0.0419,-0.0133,27.0139,21.8333,5.1806,4.0,0.4043,0.4122,0.2463,8.7065,4.1054,6.4706,4.9412,2021
CLE,0.0003,-0.0091,20.6319,22.0972,-1.4653,-5.0,0.3803,0.3902,0.1951,7.0,5.2426,5.7647,5.0588,2021
DAL,0.0852,-0.0951,31.4653,21.1181,10.3472,16.0,0.4109,0.3589,0.204,7.6708,4.6943,3.8824,4.8235,2021
DEN,0.0041,-0.0053,19.6389,18.9931,0.6458,3.0,0.3948,0.4418,0.1796,7.1407,4.5234,4.7059,4.2353,2021
DET,-0.0642,0.0811,19.2847,27.4931,-8.2083,-4.0,0.3476,0.4537,0.1642,6.6054,4.4296,4.2353,3.5294,2021
GB,0.1243,0.0027,26.7014,21.5417,5.1597,13.0,0.4459,0.4273,0.2,7.6712,4.5012,3.8824,4.5882,2021
HOU,-0.139,0.0627,16.2292,26.5139,-10.2847,1.0,0.3992,0.4253,0.1622,6.6851,3.4163,5.1765,3.7647,2021
IND,0.041,0.0045,26.4653,21.3056,5.1597,18.0,0.4113,0.393,0.1846,6.8868,5.2444,3.7647,3.8824,2021
JAX,-0.0906,0.1051,14.7778,27.1111,-12.3333,-18.0,0.3652,0.437,0.16,6.1131,4.5699,3.7647,3.7647,2021
KC,0.1329,0.0206,28.3681,21.6528,6.7153,2.0,0.4875,0.4089,0.204,7.3141,4.7985,3.2941,3.6471,2021
LA,0.0682,-0.0285,27.0347,21.8194,5.2153,2.0,0.4389,0.3992,0.2029,8.061,4.2233,3.6471,5.8824,2021
LAC,0.0779,0.0263,27.7083,27.0556,0.6528,-1.0,0.4417,0.4957,0.208,7.4502,4.5036,3.6471,4.1176,2021
LV,-0.0249,0.0411,21.9861,25.8264,-3.8403,-13.0,0.3891,0.3969,0.1782,7.6928,4.0272,4.7059,4.1176,2021
MIA,-0.0598,-0.0418,19.9167,22.0764,-2.1597,4.0,0.4125,0.4187,0.1948,6.4209,3.6807,4.7059,5.6471,2021
MIN,0.0095,-0.0199,24.9722,24.875,0.0972,9.0,0.3725,0.3517,0.1932,7.429,4.3851,3.5294,6.0,2021
NE,0.0601,-0.0665,26.9236,17.7222,9.2014,9.0,0.4615,0.3677,0.2278,7.6742,4.611,3.2941,4.2353,2021
NO,-0.0852,-0.1141,21.3611,19.8056,1.5556,7.0,0.3724,0.377,0.2115,6.8603,4.0362,4.3529,5.4118,2021
NONE,,,,,,0.0,,,,,,,,2021
NYG,-0.1602,0.0247,15.1111,24.1597,-9.0486,-8.0,0.3774,0.4042,0.1466,5.8795,4.1235,4.4706,4.0,2021
NYJ,-0.0914,0.1153,18.1389,29.6875,-11.5486,-13.0,0.3795,0.4467,0.1728,6.5764,4.4681,6.2353,3.8824,2021
PHI,0.0627,0.0019,26.1528,22.9236,3.2292,0.0,0.4421,0.4184,0.2054,7.2866,5.0574,3.6471,3.4118,2021
PIT,-0.0791,0.0092,20.1389,23.6389,-3.5,4.0,0.3939,0.3413,0.1824,6.0772,4.0202,4.4706,6.4706,2021
SEA,0.0223,0.0188,23.375,21.5764,1.7986,5.0,0.3684,0.4023,0.248,7.7227,5.1383,5.4118,4.0,2021
SF,0.0846,-0.034,25.1319,21.4931,3.6389,-10.0,0.4174,0.4268,0.2803,8.683,4.4918,3.8824,5.6471,2021
TB,0.1171,-0.0833,30.2361,20.5625,9.6736,8.0,0.4678,0.3862,0.2233,7.3841,4.5924,2.7059,5.5294,2021
TEN,0.014,-0.0329,24.7361,21.0764,3.6597,-3.0,0.4363,0.3739,0.2191,7.0131,4.5084,5.5294,5.0588,2021
WAS,-0.059,0.0546,19.7431,25.4583,-5.7153,-5.0,0.3984,0.4741,0.1842,6.8483,4.3941,5.0588,4.4706,2021
ARI,-0.0916,0.0019,20.0278,26.2708,-6.2431,-3.0,0.3538,0.4097,0.1656,6.0091,4.3916,5.4118,4.2353,2022
ATL,-0.0017,0.0644,21.2569,22.7778,-1.5208,-1.0,0.4198,0.4615,0.1765,7.1217,4.9636,4.3529,2.4706,2022
BAL,-1e-04,-0.0262,20.5069,18.4653,2.0417,2.0,0.4199,0.3712,0.1543,6.6294,5.3996,4.4706,5.6471,2022
BUF,0.0921,-0.0555,28.4375,17.875,10.5625,0.0,0.4836,0.3689,0.1977,7.4887,5.5061,4.125,5.0,2022
CAR,-0.0413,-0.0012,20.3056,22.1389,-1.8333,-2.0,0.3119,0.3867,0.197,7.1498,4.6208,4.2353,4.1176,2022
CHI,-0.0515,0.0995,19.1528,27.375,-8.2222,-2.0,0.4202,0.484,0.2044,6.9096,5.5385,6.8235,2.3529,2022
CIN,0.0568,-0.0517,26.4127,19.8889,6.5238,8.0,0.467,0.3932,0.2056,7.422,4.1277,5.5,3.75,2022
CLE,0.0028,0.0091,21.3056,22.3194,-1.0139,-1.0,0.3858,0.4083,0.1829,6.9346,4.8189,5.1765,4.0,2022
DAL,0.008,-0.1041,27.3125,20.1458,7.1667,12.0,0.4661,0.3725,0.2675,7.0468,4.4633,3.1765,6.3529,2022
DEN,-0.1143,-0.0591,16.9444,20.9583,-4.0139,-1.0,0.3052,0.3498,0.2245,7.0298,4.4633,7.4118,4.2353,2022
DET,0.0563,0.0664,26.2431,25.1042,1.1389,5.0,0.4061,0.4566,0.2245,7.5707,4.6887,2.8235,4.5882,2022
GB,-0.0089,0.0222,21.6319,21.8542,-0.2222,6.0,0.4198,0.3714,0.1859,6.9464,4.8299,3.7647,4.0,2022
HOU,-0.1873,-0.0058,16.9028,24.7986,-7.8958,-3.0,0.3112,0.3771,0.1549,6.301,3.798,4.4706,4.5882,2022
IND,-0.1688,-0.0326,17.125,24.9583,-7.8333,-15.0,0.3443,0.3814,0.141,6.393,4.3326,7.0588,5.1765,2022
JAX,0.0435,-0.0293,23.6875,20.5139,3.1736,5.0,0.4115,0.4304,0.1758,6.9832,4.8653,3.2941,4.1176,2022
KC,0.1682,-0.025,28.9514,21.5764,7.375,5.0,0.4789,0.4041,0.2318,8.0645,4.9012,3.0588,6.4706,2022
LA,-0.0899,0.008,17.8194,22.5764,-4.7569,-3.0,0.3948,0.3911,0.1985,6.6276,4.2005,6.9412,4.4706,2022
LAC,0.0008,-0.0025,22.9306,22.5903,0.3403,0.0,0.442,0.3953,0.1795,6.7574,3.9845,4.5882,4.7059,2022
LV,-0.0027,0.0474,23.4514,24.6736,-1.2222,-8.0,0.4099,0.4324,0.1691,7.1365,4.8656,4.1176,3.1765,2022
MIA,0.0347,-0.0,23.2569,23.0278,0.2292,-7.0,0.3598,0.4138,0.256,8.1732,4.5147,4.1176,4.7059,2022
MIN,-0.0137,0.0116,24.8125,25.1111,-0.2986,-2.0,0.3968,0.3787,0.2073,7.2018,4.2487,5.5294,4.4706,2022
NE,-0.0641,-0.1016,21.3056,20.2708,1.0347,1.0,0.3517,0.4,0.152,7.0911,4.5955,4.8235,6.3529,2022
NO,-0.0453,-0.0613,19.2917,20.2778,-0.9861,-11.0,0.4083,0.4237,0.1852,7.7824,4.3846,4.4706,5.6471,2022
NONE,,,,,,0.0,,,,,,,,2022
NYG,0.0224,0.0398,21.4167,21.8264,-0.4097,5.0,0.3571,0.3624,0.2348,6.6621,4.9882,5.7647,4.8235,2022
NYJ,-0.0918,-0.0571,17.4792,18.6389,-1.1597,-7.0,0.3516,0.3885,0.1522,6.4434,4.3046,4.9412,5.2941,2022
PHI,0.0855,-0.0684,28.1319,20.3264,7.8056,8.0,0.4408,0.3827,0.2094,8.157,4.8305,5.1765,8.2353,2022
PIT,0.0009,0.0154,18.2153,20.2361,-2.0208,6.0,0.4462,0.4034,0.1677,6.4341,4.2464,4.4706,4.7059,2022
SEA,-0.0143,0.0093,24.0556,23.8264,0.2292,2.0,0.3839,0.4355,0.1677,7.4991,4.9734,5.4118,5.2941,2022
SF,0.0667,-0.1303,26.375,16.3889,9.9861,9.0,0.4549,0.4068,0.1954,7.9082,4.883,3.6471,5.1765,2022
TB,-0.0461,-0.0347,18.2222,20.9861,-2.7639,0.0,0.3667,0.3686,0.1595,6.3449,3.5703,2.5882,5.2941,2022
TEN,-0.0702,-0.0043,17.5625,21.0903,-3.5278,3.0,0.3629,0.3333,0.2241,7.0923,4.5232,5.7647,4.5882,2022
WAS,-0.0777,-0.0784,18.9514,20.25,-1.2986,-11.0,0.3622,0.3378,0.1566,6.8533,4.0795,5.6471,5.0588,2022
ARI,-0.0761,0.0792,19.6389,26.9306,-7.2917,-3.0,0.384,0.4643,0.1957,6.1913,5.0746,4.9412,3.8824,2023
ATL,-0.104,-0.0692,19.1667,21.8472,-2.6806,-12.0,0.3975,0.3512,0.1554,7.1768,4.2179,4.7059,4.9412,2023
BAL,0.0524,-0.1513,28.1944,16.3889,11.8056,6.0,0.435,0.3673,0.2222,7.8722,5.0586,4.8235,7.0588,2023
BUF,0.0963,-0.0793,26.4097,18.4444,7.9653,4.0,0.4851,0.3817,0.2169,7.4627,4.5592,2.8235,6.3529,2023
CAR,-0.1794,-0.0028,13.8542,24.2431,-10.3889,-11.0,0.3428,0.3875,0.161,5.547,4.0113,7.6471,3.1765,2023
CHI,-0.0526,-0.0553,21.3819,22.1597,-0.7778,5.0,0.4055,0.4309,0.1974,6.6686,4.6272,5.8824,3.5294,2023
CIN,-0.0155,0.0251,21.3958,22.8056,-1.4097,8.0,0.3708,0.4,0.1845,6.9445,4.2044,5.8824,5.1765,2023
CLE,-0.1421,-0.1887,23.3542,21.7569,1.5972,-9.0,0.3333,0.295,0.1753,6.4694,3.965,5.2941,5.7647,2023
DAL,0.0899,-0.1182,30.3542,18.3819,11.9722,12.0,0.5,0.3625,0.1783,7.5896,4.3445,4.7059,5.4118,2023
DEN,-0.0656,0.0097,20.9097,24.5903,-3.6806,2.0,0.3811,0.3482,0.1609,7.0059,4.1895,6.1176,4.9412,2023
DET,0.0445,-0.0333,27.3056,23.1458,4.1597,0.0,0.4195,0.393,0.2132,7.6512,4.8664,3.6471,4.8235,2023
GB,0.0508,-0.0027,22.3542,20.5556,1.7986,2.0,0.4476,0.4142,0.1675,7.2712,4.4732,3.5294,5.2941,2023
HOU,-0.0282,-0.0439,22.0278,20.7917,1.2361,6.0,0.3661,0.3775,0.184,7.8123,3.7398,5.5294,5.4118,2023
IND,-0.0419,-0.0194,23.1458,24.3472,-1.2014,7.0,0.3583,0.3585,0.1564,6.7631,4.4411,4.8235,6.0,2023
JAX,-0.0774,-0.0484,22.2639,21.8958,0.3681,-5.0,0.406,0.348,0.1765,7.0597,3.8192,4.8235,4.7059,2023
KC,-0.0058,-0.0954,21.7639,17.3472,4.4167,-7.0,0.4198,0.3871,0.1941,6.9242,4.5964,3.2941,6.7059,2023
LA,0.0349,-0.0181,23.7708,22.0764,1.6944,-1.0,0.4269,0.377,0.1989,7.4138,4.3602,4.0,4.8235,2023
LAC,-0.0813,-0.0025,20.2778,23.4306,-3.1528,-2.0,0.3874,0.4008,0.175,6.8288,3.9382,5.0588,5.6471,2023
LV,-0.1041,-0.0705,19.2986,19.7153,-0.4167,-4.0,0.3755,0.4291,0.1569,6.6054,3.9025,4.7059,5.4118,2023
MIA,0.0826,-0.0456,29.0069,23.3542,5.6528,0.0,0.4072,0.3924,0.2247,8.3298,5.3007,3.6471,6.5882,2023
MIN,-0.0409,-0.0292,20.1806,21.4028,-1.2222,-12.0,0.4057,0.3984,0.1824,7.4841,4.0388,5.5294,5.0588,2023
NE,-0.1893,-0.0768,13.9931,21.5694,-7.5764,-13.0,0.3025,0.3569,0.2333,6.1007,3.9757,5.6471,4.2353,2023
NO,-0.0289,-0.104,23.7292,19.2153,4.5139,11.0,0.3976,0.3534,0.1932,6.9719,3.8627,4.1176,4.0,2023
NONE,,,,,,0.0,,,,,,,,2023
NYG,-0.1721,-0.0194,15.5625,23.6458,-8.0833,14.0,0.3065,0.3797,0.1667,6.5449,4.1938,10.0,4.0,2023
NYJ,-0.2521,-0.1311,15.6458,20.9653,-5.3194,-6.0,0.2786,0.3784,0.1071,5.6405,4.3013,7.5294,5.6471,2023
PHI,0.0464,0.046,25.7708,25.4097,0.3611,-12.0,0.4612,0.4542,0.2105,7.2238,4.3952,4.5882,5.0588,2023
PIT,-0.0884,-0.0635,17.8542,19.0486,-1.1944,13.0,0.3611,0.3915,0.1626,6.7877,4.3712,4.2353,5.5294,2023
SEA,0.011,0.0364,21.4653,23.6597,-2.1944,6.0,0.3604,0.4553,0.1722,7.2977,4.2769,4.4706,5.5294,2023
SF,0.1535,-0.0841,28.7917,17.6181,11.1736,8.0,0.4798,0.4192,0.2356,9.3984,5.08,4.0,5.6471,2023
TB,-0.04,-0.0284,20.3125,19.0069,1.3056,8.0,0.4129,0.3942,0.1679,7.1197,3.6691,4.7059,5.6471,2023
TEN,-0.0583,-1e-04,17.6458,21.7292,-4.0833,-1.0,0.344,0.4127,0.1966,7.1673,4.338,7.5294,5.2941,2023
WAS,-0.1053,0.0798,19.1667,30.6667,-11.5,-14.0,0.3529,0.4208,0.219,6.5629,4.4818,7.6471,4.5882,2023
ARI,0.0627,0.0491,23.3333,22.4861,0.8472,-5.0,0.4313,0.4167,0.2038,7.1199,5.3769,3.5294,4.8235,2024
ATL,0.0267,0.0597,22.8194,24.9306,-2.1111,-8.0,0.4069,0.442,0.1835,7.7171,4.6405,3.7647,3.6471,2024
BAL,0.2049,-0.0511,30.5278,21.125,9.4028,6.0,0.4709,0.3906,0.3067,8.875,5.878,2.8235,6.3529,2024
BUF,0.1762,-0.0112,31.0694,21.4236,9.6458,22.0,0.4342,0.4484,0.25,7.5877,4.7749,1.6471,4.5882,2024
CAR,-0.0567,0.1418,19.9931,31.6181,-11.625,-7.0,0.3445,0.4918,0.195,6.2358,4.7015,4.2353,3.7647,2024
CHI,-0.0831,0.0032,18.0694,21.9444,-3.875,10.0,0.3257,0.3712,0.162,6.3203,4.1695,8.0,4.7059,2024
CIN,0.0833,0.0285,27.8264,25.7083,2.1181,4.0,0.4487,0.4353,0.1866,7.5545,4.3179,5.6471,4.2353,2024
CLE,-0.1829,-0.0045,15.1597,25.4583,-10.2986,-18.0,0.29,0.3556,0.1385,5.8773,4.168,7.7647,4.8235,2024
DAL,-0.1113,0.0712,20.7569,27.2986,-6.5417,-6.0,0.3828,0.3436,0.1631,6.4543,4.0857,4.4706,6.1176,2024
DEN,0.0084,-0.1196,25.2222,18.1042,7.1181,4.0,0.3714,0.3684,0.2308,6.6924,4.3446,2.8235,7.4118,2024
DET,0.1516,-0.0629,33.0417,20.0069,13.0347,9.0,0.4615,0.3382,0.2267,8.6095,4.8491,3.8824,4.3529,2024
GB,0.0701,-0.0717,27.0764,20.0764,7.0,10.0,0.4112,0.3696,0.2234,8.2234,4.8491,2.5882,5.2941,2024
HOU,-0.0575,-0.072,21.7847,21.875,-0.0903,8.0,0.3623,0.35,0.1628,6.9455,4.539,6.3529,5.7647,2024
IND,-0.0583,-0.0048,22.2014,25.0139,-2.8125,-4.0,0.3783,0.4365,0.1582,7.0431,4.7955,3.7647,4.2353,2024
JAX,-0.0223,0.1178,19.0347,25.4028,-6.3681,-15.0,0.3665,0.4223,0.1837,6.8202,4.2678,3.7647,4.0,2024
KC,0.0566,0.0103,22.7083,19.1458,3.5625,4.0,0.4735,0.4237,0.1804,6.7659,4.257,4.8235,4.5882,2024
LA,0.005,0.0387,21.4583,22.5694,-1.1111,4.0,0.3767,0.4229,0.1813,7.3405,4.0894,3.6471,4.4706,2024
LAC,0.0272,-0.0696,23.6736,17.9444,5.7292,14.0,0.4025,0.3471,0.1788,7.6943,4.3176,5.1765,5.4118,2024
LV,-0.1447,0.0059,18.1528,25.5208,-7.3681,-16.0,0.3554,0.3878,0.1544,6.5349,3.7089,5.8824,4.4706,2024
MIA,-0.0401,-0.0216,20.5417,21.5,-0.9583,-3.0,0.3707,0.3404,0.1744,6.8756,4.0839,5.0588,4.1176,2024
MIN,0.008,-0.0881,25.25,19.6042,5.6458,12.0,0.4053,0.3551,0.1977,8.0055,4.3472,5.7647,5.7647,2024
NE,-0.0872,0.0647,17.1111,24.625,-7.5139,-13.0,0.3473,0.443,0.1373,6.3378,4.5114,6.1176,3.2941,2024
NO,-0.0563,0.034,19.7778,23.4444,-3.6667,2.0,0.3559,0.3992,0.2083,6.7818,4.5126,4.3529,4.5882,2024
NONE,,,,,,0.0,,,,,,,,2024
NYG,-0.1169,0.0515,16.1597,24.3264,-8.1667,-8.0,0.355,0.4184,0.1626,6.0085,4.3771,5.6471,5.2941,2024
NYJ,-0.0149,0.0198,19.9097,23.4306,-3.5208,0.0,0.3966,0.3797,0.2067,6.6161,4.3463,4.7059,5.0588,2024
PHI,0.1007,-0.1013,27.2778,17.8472,9.4306,13.0,0.4153,0.3648,0.1818,7.868,5.13,5.2941,4.8235,2024
PIT,-0.0483,-0.0253,22.3056,20.2569,2.0486,10.0,0.3976,0.3392,0.1657,7.2722,4.2004,5.7647,4.7059,2024
SEA,-0.0298,-0.0182,22.2083,21.5556,0.6528,-2.0,0.3671,0.373,0.216,7.4095,4.4351,6.3529,5.2941,2024
SF,0.0603,0.0294,22.7292,25.9097,-3.1806,-8.0,0.4213,0.4267,0.1846,8.3947,4.8244,4.2353,4.3529,2024
TB,0.1167,0.0117,29.5903,22.6528,6.9375,-9.0,0.4979,0.3833,0.2695,7.9035,5.4098,4.7059,5.4118,2024
TEN,-0.1175,0.0176,18.1667,26.8333,-8.6667,-15.0,0.3849,0.418,0.1825,6.871,4.1518,6.1176,3.7647,2024
WAS,0.1256,0.0041,28.4097,23.1111,5.2986,5.0,0.4557,0.4076,0.2153,7.5326,5.1204,5.8824,5.0588,2024
